category	field_key	display_name	value	unit	source_api	source_detail	scan_scope	ms_level	representative_scan	raw_label_or_line	parse_status	confidence	matches_reference	notes
file_run_sample_instrument	file.path	File path	/Users/searleb/Downloads/D_2020_1005_BCS_mohsen_gel_frac_gluc_dda_03.raw		input argument						raw	high		
file_run_sample_instrument	file.name	File name	D_2020_1005_BCS_mohsen_gel_frac_gluc_dda_03.raw		input argument						raw	high		
file_run_sample_instrument	file.size_bytes	File size	317154901	bytes	System.IO.FileInfo.Length						raw	high		
file_run_sample_instrument	raw.is_open	RawFileReader opened file	True		IRawDataPlus.IsOpen						raw	high		
file_run_sample_instrument	raw.is_error	RawFileReader error state	False		IRawDataPlus.IsError						raw	high		
file_run_sample_instrument	raw.file_error	RawFileReader file error	ThermoFisher.CommonCore.RawFileReader.Facade.MemoryMappingRawFileLoader		IRawDataPlus.FileError						raw	high		
file_run_sample_instrument	raw.in_acquisition	RAW still in acquisition	False		IRawDataPlus.InAcquisition						raw	high		
file_run_sample_instrument	raw.creator_id	Creator ID	Thermo		IRawDataPlus.CreatorId						raw	high		
file_run_sample_instrument	raw.creation_date	Creation date	10/13/2020 20:50:33		IRawDataPlus.CreationDate						raw	high		
file_run_sample_instrument	raw.instrument_count	Instrument count	1		IRawDataPlus.InstrumentCount						raw	high		
file_run_sample_instrument	file_header.CheckSum	FileHeader CheckSum	651897568		IRawDataPlus.FileHeader	CheckSum					raw	high		
file_run_sample_instrument	file_header.CreationDate	FileHeader CreationDate	10/13/2020 20:50:33		IRawDataPlus.FileHeader	CreationDate					raw	high		
file_run_sample_instrument	file_header.FileType	FileHeader FileType	RawFile		IRawDataPlus.FileHeader	FileType					raw	high		
file_run_sample_instrument	file_header.ModifiedDate	FileHeader ModifiedDate	10/13/2020 20:15:57		IRawDataPlus.FileHeader	ModifiedDate					raw	high		
file_run_sample_instrument	file_header.NumberOfTimesCalibrated	FileHeader NumberOfTimesCalibrated	0		IRawDataPlus.FileHeader	NumberOfTimesCalibrated					raw	high		
file_run_sample_instrument	file_header.NumberOfTimesModified	FileHeader NumberOfTimesModified	2		IRawDataPlus.FileHeader	NumberOfTimesModified					raw	high		
file_run_sample_instrument	file_header.Revision	FileHeader Revision	66		IRawDataPlus.FileHeader	Revision					raw	high		
file_run_sample_instrument	file_header.WhoCreatedId	FileHeader WhoCreatedId	Thermo		IRawDataPlus.FileHeader	WhoCreatedId					raw	high		
file_run_sample_instrument	file_header.WhoCreatedLogon	FileHeader WhoCreatedLogon	Xcalibur_System		IRawDataPlus.FileHeader	WhoCreatedLogon					raw	high		
file_run_sample_instrument	file_header.WhoModifiedId	FileHeader WhoModifiedId	Xcalibur_System		IRawDataPlus.FileHeader	WhoModifiedId					raw	high		
file_run_sample_instrument	file_header.WhoModifiedLogon	FileHeader WhoModifiedLogon	Xcalibur_System		IRawDataPlus.FileHeader	WhoModifiedLogon					raw	high		
file_run_sample_instrument	sample.BarcodeStatus	SampleInformation BarcodeStatus	NotRead		IRawDataPlus.SampleInformation	BarcodeStatus					raw	high		
file_run_sample_instrument	sample.Comment	SampleInformation Comment	mohsen		IRawDataPlus.SampleInformation	Comment					raw	high		
file_run_sample_instrument	sample.DilutionFactor	SampleInformation DilutionFactor	1		IRawDataPlus.SampleInformation	DilutionFactor					raw	high		
file_run_sample_instrument	sample.InjectionVolume	SampleInformation InjectionVolume	3		IRawDataPlus.SampleInformation	InjectionVolume					raw	high		
file_run_sample_instrument	sample.InstrumentMethodFile	SampleInformation InstrumentMethodFile	E:\bcs\methods\bcs_easy_dda_7to34pct_60m_30cm_1000agc.meth		IRawDataPlus.SampleInformation	InstrumentMethodFile					raw	high		
file_run_sample_instrument	sample.IstdAmount	SampleInformation IstdAmount	0		IRawDataPlus.SampleInformation	IstdAmount					raw	high		
file_run_sample_instrument	sample.Path	SampleInformation Path	E:\bcs\data\2020oct04_sperm		IRawDataPlus.SampleInformation	Path					raw	high		
file_run_sample_instrument	sample.RawFileName	SampleInformation RawFileName	E:\bcs\data\2020oct04_sperm\D_2020_1005_BCS_mohsen_gel_frac_gluc_dda_03.raw		IRawDataPlus.SampleInformation	RawFileName					raw	high		
file_run_sample_instrument	sample.RowNumber	SampleInformation RowNumber	38		IRawDataPlus.SampleInformation	RowNumber					raw	high		
file_run_sample_instrument	sample.SampleId	SampleInformation SampleId	A1		IRawDataPlus.SampleInformation	SampleId					raw	high		
file_run_sample_instrument	sample.SampleType	SampleInformation SampleType	Unknown		IRawDataPlus.SampleInformation	SampleType					raw	high		
file_run_sample_instrument	sample.SampleVolume	SampleInformation SampleVolume	0		IRawDataPlus.SampleInformation	SampleVolume					raw	high		
file_run_sample_instrument	sample.SampleWeight	SampleInformation SampleWeight	0		IRawDataPlus.SampleInformation	SampleWeight					raw	high		
file_run_sample_instrument	sample.UserText.count	SampleInformation UserText count	20		IRawDataPlus.SampleInformation	UserText					raw	high		Enumerable count only; individual values are not expanded unless simple.
file_run_sample_instrument	sample.Vial	SampleInformation Vial	E3		IRawDataPlus.SampleInformation	Vial					raw	high		
file_run_sample_instrument	instrument.selected_ms_index	Selected MS instrument index	1		IRawDataPlus.SelectInstrument(Device.MS, index)						raw	high		
file_run_sample_instrument	instrument.0.type	Instrument 0 type	MS		IRawDataPlus.GetInstrumentType	instrumentIndex=0					raw	high		
file_run_sample_instrument	instrument.selected.AxisLabelX	Selected instrument data AxisLabelX	m/z		IRawDataPlus.GetInstrumentData()	AxisLabelX					raw	high		
file_run_sample_instrument	instrument.selected.AxisLabelY	Selected instrument data AxisLabelY	Relative Abundance		IRawDataPlus.GetInstrumentData()	AxisLabelY					raw	high		
file_run_sample_instrument	instrument.selected.ChannelLabels.count	Selected instrument data ChannelLabels count	0		IRawDataPlus.GetInstrumentData()	ChannelLabels					raw	high		Enumerable count only; individual values are not expanded unless simple.
file_run_sample_instrument	instrument.selected.HardwareVersion	Selected instrument data HardwareVersion	rev. 1		IRawDataPlus.GetInstrumentData()	HardwareVersion					raw	high		
file_run_sample_instrument	instrument.selected.HasAccurateMassPrecursors	Selected instrument data HasAccurateMassPrecursors	False		IRawDataPlus.GetInstrumentData()	HasAccurateMassPrecursors					raw	high		
file_run_sample_instrument	instrument.selected.IsValid	Selected instrument data IsValid	True		IRawDataPlus.GetInstrumentData()	IsValid					raw	high		
file_run_sample_instrument	instrument.selected.Model	Selected instrument data Model	Orbitrap Exploris 480		IRawDataPlus.GetInstrumentData()	Model					raw	high		
file_run_sample_instrument	instrument.selected.Name	Selected instrument data Name	Orbitrap Exploris Slot #0057		IRawDataPlus.GetInstrumentData()	Name					raw	high		
file_run_sample_instrument	instrument.selected.SerialNumber	Selected instrument data SerialNumber	Invalid_SN_0001		IRawDataPlus.GetInstrumentData()	SerialNumber					raw	high		
file_run_sample_instrument	instrument.selected.SoftwareVersion	Selected instrument data SoftwareVersion	2.0-2.0.122.11/2.0.182.18		IRawDataPlus.GetInstrumentData()	SoftwareVersion					raw	high		
file_run_sample_instrument	instrument.selected.Units	Selected instrument data Units	None		IRawDataPlus.GetInstrumentData()	Units					raw	high		
file_run_sample_instrument	run_header.DeviceDataDomain	RunHeaderEx DeviceDataDomain	Legacy		IRawDataPlus.RunHeaderEx	DeviceDataDomain					raw	high		
file_run_sample_instrument	run_header.EndTime	RunHeaderEx EndTime	75.00065075200399		IRawDataPlus.RunHeaderEx	EndTime					raw	high		
file_run_sample_instrument	run_header.ErrorLogCount	RunHeaderEx ErrorLogCount	2		IRawDataPlus.RunHeaderEx	ErrorLogCount					raw	high		
file_run_sample_instrument	run_header.ExpectedRunTime	RunHeaderEx ExpectedRunTime	75		IRawDataPlus.RunHeaderEx	ExpectedRunTime					raw	high		
file_run_sample_instrument	run_header.FilterMassPrecision	RunHeaderEx FilterMassPrecision	4		IRawDataPlus.RunHeaderEx	FilterMassPrecision					raw	high		
file_run_sample_instrument	run_header.FirstSpectrum	RunHeaderEx FirstSpectrum	1		IRawDataPlus.RunHeaderEx	FirstSpectrum					raw	high		
file_run_sample_instrument	run_header.HighMass	RunHeaderEx HighMass	4890.734375		IRawDataPlus.RunHeaderEx	HighMass					raw	high		
file_run_sample_instrument	run_header.InAcquisition	RunHeaderEx InAcquisition	0		IRawDataPlus.RunHeaderEx	InAcquisition					raw	high		
file_run_sample_instrument	run_header.LastSpectrum	RunHeaderEx LastSpectrum	66324		IRawDataPlus.RunHeaderEx	LastSpectrum					raw	high		
file_run_sample_instrument	run_header.LowMass	RunHeaderEx LowMass	120		IRawDataPlus.RunHeaderEx	LowMass					raw	high		
file_run_sample_instrument	run_header.MassResolution	RunHeaderEx MassResolution	0.5		IRawDataPlus.RunHeaderEx	MassResolution					raw	high		
file_run_sample_instrument	run_header.MaxIntegratedIntensity	RunHeaderEx MaxIntegratedIntensity	2947622400		IRawDataPlus.RunHeaderEx	MaxIntegratedIntensity					raw	high		
file_run_sample_instrument	run_header.MaxIntensity	RunHeaderEx MaxIntensity	0		IRawDataPlus.RunHeaderEx	MaxIntensity					raw	high		
file_run_sample_instrument	run_header.SpectraCount	RunHeaderEx SpectraCount	66324		IRawDataPlus.RunHeaderEx	SpectraCount					raw	high		
file_run_sample_instrument	run_header.StartTime	RunHeaderEx StartTime	0.003004092597961426		IRawDataPlus.RunHeaderEx	StartTime					raw	high		
file_run_sample_instrument	run_header.StatusLogCount	RunHeaderEx StatusLogCount	448		IRawDataPlus.RunHeaderEx	StatusLogCount					raw	high		
file_run_sample_instrument	run_header.ToleranceUnit	RunHeaderEx ToleranceUnit	amu		IRawDataPlus.RunHeaderEx	ToleranceUnit					raw	high		
file_run_sample_instrument	run_header.TrailerExtraCount	RunHeaderEx TrailerExtraCount	66324		IRawDataPlus.RunHeaderEx	TrailerExtraCount					raw	high		
file_run_sample_instrument	run_header.TrailerScanEventCount	RunHeaderEx TrailerScanEventCount	66324		IRawDataPlus.RunHeaderEx	TrailerScanEventCount					raw	high		
file_run_sample_instrument	run_header.TuneDataCount	RunHeaderEx TuneDataCount	1		IRawDataPlus.RunHeaderEx	TuneDataCount					raw	high		
file_run_sample_instrument	run_header.WriterProtocol	RunHeaderEx WriterProtocol	C#000		IRawDataPlus.RunHeaderEx	WriterProtocol					raw	high		
file_run_sample_instrument	run.duration	Run duration	74.99764665940603	min	RunHeaderEx.EndTime - StartTime						raw	high		
instrument_methods	method.count	Instrument method count	2		IRawDataPlus.InstrumentMethodsCount						raw	high		
instrument_methods	method.name.0	Instrument method 0 name	Proxeon_EASY-nLC		IRawDataPlus.GetAllInstrumentNamesFromInstrumentMethod()	methodIndex=0					raw	high		
instrument_methods	method.name.1	Instrument method 1 name	TNG-Merkur		IRawDataPlus.GetAllInstrumentNamesFromInstrumentMethod()	methodIndex=1					raw	high		
instrument_methods	method.0.raw_text	Instrument method 0 raw text	Sample pickup:\nVolume [µl]         :     3.00\nFlow [µl / min]     :    10.00\n\nSample loading:\nVolume [µl]         :     8.00\nFlow [µl / min]     :     2.00\nMax. pressure [Bar] :   300.00\n\nGradient:\n   Time [mm:ss]   Duration [mm:ss]   Flow [nl/min]   Mixture [%B]\n         00:00              00:00             450              7\n         60:00              60:00             450             34\n         65:00              05:00             450             60\n         66:00              01:00             900             95\n         76:00              10:00             900             95\n         77:00              01:00             900              3\n         80:00              03:00             900              3\n\nPre-column equilibration:\nVolume [µl]         :     6.00\nFlow [µl / min]     :     2.00\nMax. pressure [Bar] :   300.00\n\nAnalytical column equilibration:\nVolume [µl]         :     9.00\nFlow [µl / min]     :     0.50\nMax. pressure [Bar] :   300.00\n\nAutosampler wash:\n   Step    Bottle      Volume [µl]   Cycles\n       1   2                25.00         1\n       2   3                25.00         3\n		IRawDataPlus.GetInstrumentMethod	methodIndex=0; name=Proxeon_EASY-nLC					raw_text	high		
instrument_methods	method.0.candidate_line.2	Instrument method 0 candidate line	Flow [µl / min]     :    10.00		IRawDataPlus.GetInstrumentMethod	methodIndex=0; line=3; name=Proxeon_EASY-nLC				Flow [µl / min]     :    10.00	candidate	medium		
instrument_methods	method.0.candidate_line.6	Instrument method 0 candidate line	Flow [µl / min]     :     2.00		IRawDataPlus.GetInstrumentMethod	methodIndex=0; line=7; name=Proxeon_EASY-nLC				Flow [µl / min]     :     2.00	candidate	medium		
instrument_methods	method.0.candidate_line.9	Instrument method 0 candidate line	Gradient:		IRawDataPlus.GetInstrumentMethod	methodIndex=0; line=10; name=Proxeon_EASY-nLC				Gradient:	candidate	medium		
instrument_methods	method.0.candidate_line.10	Instrument method 0 candidate line	Time [mm:ss]   Duration [mm:ss]   Flow [nl/min]   Mixture [%B]		IRawDataPlus.GetInstrumentMethod	methodIndex=0; line=11; name=Proxeon_EASY-nLC				Time [mm:ss]   Duration [mm:ss]   Flow [nl/min]   Mixture [%B]	candidate	medium		
instrument_methods	method.0.candidate_line.19	Instrument method 0 candidate line	Pre-column equilibration:		IRawDataPlus.GetInstrumentMethod	methodIndex=0; line=20; name=Proxeon_EASY-nLC				Pre-column equilibration:	candidate	medium		
instrument_methods	method.0.candidate_line.21	Instrument method 0 candidate line	Flow [µl / min]     :     2.00		IRawDataPlus.GetInstrumentMethod	methodIndex=0; line=22; name=Proxeon_EASY-nLC				Flow [µl / min]     :     2.00	candidate	medium		
instrument_methods	method.0.candidate_line.24	Instrument method 0 candidate line	Analytical column equilibration:		IRawDataPlus.GetInstrumentMethod	methodIndex=0; line=25; name=Proxeon_EASY-nLC				Analytical column equilibration:	candidate	medium		
instrument_methods	method.0.candidate_line.26	Instrument method 0 candidate line	Flow [µl / min]     :     0.50		IRawDataPlus.GetInstrumentMethod	methodIndex=0; line=27; name=Proxeon_EASY-nLC				Flow [µl / min]     :     0.50	candidate	medium		
instrument_methods	method.0.candidate_line.29	Instrument method 0 candidate line	Autosampler wash:		IRawDataPlus.GetInstrumentMethod	methodIndex=0; line=30; name=Proxeon_EASY-nLC				Autosampler wash:	candidate	medium		
instrument_methods	method.1.raw_text	Instrument method 1 raw text	Orbitrap Exploris 480 Method Summary\n  \nCreator: FPYNNR2\Thermo          Last Modified: 10/09/2020 20:58:52 by FPYNNR2\Thermo\n  \nGlobal Settings\n Use Static Source Gasses\n Use Ion Source Settings from Tune = Not Checked\n Method Duration (min)= 75\n Ion Source Type = NSI\n Spray Voltage = Static\n Spray Voltage: Positive Ion (V) = 2000\n Spray Voltage: Negative Ion (V) = 600\n Gas Mode = Static\n Infusion Mode (LC)= False\n Sweep Gas (Arb) = 0\n Ion Transfer Tube Temp (°C) = 275\n APPI Lamp = Not in use\n FAIMS Mode = Not Installed\n Internal Mass Calibration = User-defined Lock Mass\n Application Mode = Peptide\n Pressure Mode = Standard\n Expected Peak Width (s) = 15\n Default Charge State = 2\n Advanced Peak Determination = True\n Internal Cal Positive\n  m/z\n  445.12003 \nExperiment 1\n Experiment Name = ID    low load (less than 500 ng)\n Start Time (min) = 0\n End Time (min) = 75\n Cycle Time (sec) = 3\n  \n\n\n  Scan MasterScan\n   Orbitrap Resolution = 60000\n   Scan Range (m/z) = 350-1200\n   Normalised AGC Target (%)= 300\n   Microscans = 1\n   AGC Target = Custom\n   RF Lens(%) = 40\n   Maximum Injection Time Mode = Auto\n   DataType = Centroid\n   Polarity = Positive\n   Source Fragmentation = False\n   Scan Description = \n\n  Filter MIPS\n   Filter Type = MIPS\n   Filter Label = \n   MIPS Mode = Peptide\n   Relax Restrictions when too few Precursors are Found = True\n\n  Filter IntensityThreshold\n   Filter Type = IntensityThreshold\n   Filter Label = \n   Intensity Filter Type = IntensityThreshold\n   Minimum Intensity = 5000\n\n  Filter ChargeState\n   Filter Type = ChargeState\n   Filter Label = \n   Include charge state(s) = 2-4\n   Include undetermined charge states = False\n\n  Filter DynamicExclusion\n   Filter Type = DynamicExclusion\n   Filter Label = \n   Share Dynamic exclusion list with other selected dynamic exclusion filters = False\n   Dynamic Exclusion Mode = Custom\n   Exclude after n times = 1\n   Exclusion duration (s) = 15\n   Excl. Mass Width = ppm\n   Mass tolerance low = 10\n   Mass tolerance high = 10\n   Exclude isotopes = True\n   Perform dependent scan on single charge state per precursor only = False\n\n  Data Dependent Properties\n   Data Dependent Mode= Cycle Time\nScan Event 1\n  \n\n\n  Scan ddMSnScan\n   Multiplex Ions Enabled = False\n   Isolation Window = Custom\n   Isolation Window (m/z) = 1.4\n   Isolation Offset = Off\n   Maximum number of multiplexed ions = 0\n   Reported Mass = Offset Mass\n   Collision Energy Mode = Fixed\n   Collision Energy Type = Normalized\n   HCD Collision Energy (%) = 27\n   Orbitrap Resolution = 15000\n   First Mass (m/z) = 120\n   Normalised AGC Target (%)= 1000\n   Microscans = 1\n   AGC Target = Custom\n   Maximum Injection Time Mode = Auto\n   DataType = Centroid\n   Source Fragmentation = False\n   Scan Description = \n		IRawDataPlus.GetInstrumentMethod	methodIndex=1; name=TNG-Merkur					raw_text	high		
instrument_methods	method.1.candidate_line.22	Instrument method 1 candidate line	Default Charge State = 2		IRawDataPlus.GetInstrumentMethod	methodIndex=1; line=23; name=TNG-Merkur				Default Charge State = 2	candidate	medium		
instrument_methods	method.1.candidate_line.23	Instrument method 1 candidate line	Advanced Peak Determination = True		IRawDataPlus.GetInstrumentMethod	methodIndex=1; line=24; name=TNG-Merkur				Advanced Peak Determination = True	candidate	medium		
instrument_methods	method.1.candidate_line.36	Instrument method 1 candidate line	Orbitrap Resolution = 60000		IRawDataPlus.GetInstrumentMethod	methodIndex=1; line=37; name=TNG-Merkur				Orbitrap Resolution = 60000	candidate	medium		
instrument_methods	method.1.candidate_line.37	Instrument method 1 candidate line	Scan Range (m/z) = 350-1200		IRawDataPlus.GetInstrumentMethod	methodIndex=1; line=38; name=TNG-Merkur				Scan Range (m/z) = 350-1200	candidate	medium		
instrument_methods	method.1.candidate_line.38	Instrument method 1 candidate line	Normalised AGC Target (%)= 300		IRawDataPlus.GetInstrumentMethod	methodIndex=1; line=39; name=TNG-Merkur				Normalised AGC Target (%)= 300	candidate	medium		
instrument_methods	method.1.candidate_line.40	Instrument method 1 candidate line	AGC Target = Custom		IRawDataPlus.GetInstrumentMethod	methodIndex=1; line=41; name=TNG-Merkur				AGC Target = Custom	candidate	medium		
instrument_methods	method.1.candidate_line.42	Instrument method 1 candidate line	Maximum Injection Time Mode = Auto		IRawDataPlus.GetInstrumentMethod	methodIndex=1; line=43; name=TNG-Merkur				Maximum Injection Time Mode = Auto	candidate	medium		
instrument_methods	method.1.candidate_line.43	Instrument method 1 candidate line	DataType = Centroid		IRawDataPlus.GetInstrumentMethod	methodIndex=1; line=44; name=TNG-Merkur				DataType = Centroid	candidate	medium		
instrument_methods	method.1.candidate_line.54	Instrument method 1 candidate line	Filter IntensityThreshold		IRawDataPlus.GetInstrumentMethod	methodIndex=1; line=55; name=TNG-Merkur				Filter IntensityThreshold	candidate	medium		
instrument_methods	method.1.candidate_line.55	Instrument method 1 candidate line	Filter Type = IntensityThreshold		IRawDataPlus.GetInstrumentMethod	methodIndex=1; line=56; name=TNG-Merkur				Filter Type = IntensityThreshold	candidate	medium		
instrument_methods	method.1.candidate_line.57	Instrument method 1 candidate line	Intensity Filter Type = IntensityThreshold		IRawDataPlus.GetInstrumentMethod	methodIndex=1; line=58; name=TNG-Merkur				Intensity Filter Type = IntensityThreshold	candidate	medium		
instrument_methods	method.1.candidate_line.58	Instrument method 1 candidate line	Minimum Intensity = 5000		IRawDataPlus.GetInstrumentMethod	methodIndex=1; line=59; name=TNG-Merkur				Minimum Intensity = 5000	candidate	medium		
instrument_methods	method.1.candidate_line.60	Instrument method 1 candidate line	Filter ChargeState		IRawDataPlus.GetInstrumentMethod	methodIndex=1; line=61; name=TNG-Merkur				Filter ChargeState	candidate	medium		
instrument_methods	method.1.candidate_line.61	Instrument method 1 candidate line	Filter Type = ChargeState		IRawDataPlus.GetInstrumentMethod	methodIndex=1; line=62; name=TNG-Merkur				Filter Type = ChargeState	candidate	medium		
instrument_methods	method.1.candidate_line.63	Instrument method 1 candidate line	Include charge state(s) = 2-4		IRawDataPlus.GetInstrumentMethod	methodIndex=1; line=64; name=TNG-Merkur				Include charge state(s) = 2-4	candidate	medium		
instrument_methods	method.1.candidate_line.64	Instrument method 1 candidate line	Include undetermined charge states = False		IRawDataPlus.GetInstrumentMethod	methodIndex=1; line=65; name=TNG-Merkur				Include undetermined charge states = False	candidate	medium		
instrument_methods	method.1.candidate_line.69	Instrument method 1 candidate line	Share Dynamic exclusion list with other selected dynamic exclusion filters = False		IRawDataPlus.GetInstrumentMethod	methodIndex=1; line=70; name=TNG-Merkur				Share Dynamic exclusion list with other selected dynamic exclusion filters = False	candidate	medium		
instrument_methods	method.1.candidate_line.70	Instrument method 1 candidate line	Dynamic Exclusion Mode = Custom		IRawDataPlus.GetInstrumentMethod	methodIndex=1; line=71; name=TNG-Merkur				Dynamic Exclusion Mode = Custom	candidate	medium		
instrument_methods	method.1.candidate_line.74	Instrument method 1 candidate line	Mass tolerance low = 10		IRawDataPlus.GetInstrumentMethod	methodIndex=1; line=75; name=TNG-Merkur				Mass tolerance low = 10	candidate	medium		
instrument_methods	method.1.candidate_line.75	Instrument method 1 candidate line	Mass tolerance high = 10		IRawDataPlus.GetInstrumentMethod	methodIndex=1; line=76; name=TNG-Merkur				Mass tolerance high = 10	candidate	medium		
instrument_methods	method.1.candidate_line.76	Instrument method 1 candidate line	Exclude isotopes = True		IRawDataPlus.GetInstrumentMethod	methodIndex=1; line=77; name=TNG-Merkur				Exclude isotopes = True	candidate	medium		
instrument_methods	method.1.candidate_line.77	Instrument method 1 candidate line	Perform dependent scan on single charge state per precursor only = False		IRawDataPlus.GetInstrumentMethod	methodIndex=1; line=78; name=TNG-Merkur				Perform dependent scan on single charge state per precursor only = False	candidate	medium		
instrument_methods	method.1.candidate_line.79	Instrument method 1 candidate line	Data Dependent Properties		IRawDataPlus.GetInstrumentMethod	methodIndex=1; line=80; name=TNG-Merkur				Data Dependent Properties	candidate	medium		
instrument_methods	method.1.candidate_line.80	Instrument method 1 candidate line	Data Dependent Mode= Cycle Time		IRawDataPlus.GetInstrumentMethod	methodIndex=1; line=81; name=TNG-Merkur				Data Dependent Mode= Cycle Time	candidate	medium		
instrument_methods	method.1.candidate_line.87	Instrument method 1 candidate line	Isolation Window = Custom		IRawDataPlus.GetInstrumentMethod	methodIndex=1; line=88; name=TNG-Merkur				Isolation Window = Custom	candidate	medium		
instrument_methods	method.1.candidate_line.88	Instrument method 1 candidate line	Isolation Window (m/z) = 1.4		IRawDataPlus.GetInstrumentMethod	methodIndex=1; line=89; name=TNG-Merkur				Isolation Window (m/z) = 1.4	candidate	medium		
instrument_methods	method.1.candidate_line.89	Instrument method 1 candidate line	Isolation Offset = Off		IRawDataPlus.GetInstrumentMethod	methodIndex=1; line=90; name=TNG-Merkur				Isolation Offset = Off	candidate	medium		
instrument_methods	method.1.candidate_line.94	Instrument method 1 candidate line	HCD Collision Energy (%) = 27		IRawDataPlus.GetInstrumentMethod	methodIndex=1; line=95; name=TNG-Merkur				HCD Collision Energy (%) = 27	candidate	medium		
instrument_methods	method.1.candidate_line.95	Instrument method 1 candidate line	Orbitrap Resolution = 15000		IRawDataPlus.GetInstrumentMethod	methodIndex=1; line=96; name=TNG-Merkur				Orbitrap Resolution = 15000	candidate	medium		
instrument_methods	method.1.candidate_line.97	Instrument method 1 candidate line	Normalised AGC Target (%)= 1000		IRawDataPlus.GetInstrumentMethod	methodIndex=1; line=98; name=TNG-Merkur				Normalised AGC Target (%)= 1000	candidate	medium		
instrument_methods	method.1.candidate_line.99	Instrument method 1 candidate line	AGC Target = Custom		IRawDataPlus.GetInstrumentMethod	methodIndex=1; line=100; name=TNG-Merkur				AGC Target = Custom	candidate	medium		
instrument_methods	method.1.candidate_line.100	Instrument method 1 candidate line	Maximum Injection Time Mode = Auto		IRawDataPlus.GetInstrumentMethod	methodIndex=1; line=101; name=TNG-Merkur				Maximum Injection Time Mode = Auto	candidate	medium		
instrument_methods	method.1.candidate_line.101	Instrument method 1 candidate line	DataType = Centroid		IRawDataPlus.GetInstrumentMethod	methodIndex=1; line=102; name=TNG-Merkur				DataType = Centroid	candidate	medium		
status_tune_logs	tune.count	Tune data count	1		IRawDataPlus.GetTuneDataCount()						raw	high		
status_tune_logs	tune.header.0	Tune data field 0	=== Tune Data: ===:		IRawDataPlus.GetTuneDataHeaderInformation()	fieldIndex=0				=== Tune Data: ===:	raw	high		dataType=NULL
status_tune_logs	tune.header.1	Tune data field 1	Spray Voltage (+):		IRawDataPlus.GetTuneDataHeaderInformation()	fieldIndex=1				Spray Voltage (+):	raw	high		dataType=DOUBLE
status_tune_logs	tune.header.2	Tune data field 2	Spray Voltage (-):		IRawDataPlus.GetTuneDataHeaderInformation()	fieldIndex=2				Spray Voltage (-):	raw	high		dataType=DOUBLE
status_tune_logs	tune.header.3	Tune data field 3	Ion Transfer Tube Temperature (+ or +-):		IRawDataPlus.GetTuneDataHeaderInformation()	fieldIndex=3				Ion Transfer Tube Temperature (+ or +-):	raw	high		dataType=DOUBLE
status_tune_logs	tune.header.4	Tune data field 4	Ion Transfer Tube Temperature (-):		IRawDataPlus.GetTuneDataHeaderInformation()	fieldIndex=4				Ion Transfer Tube Temperature (-):	raw	high		dataType=DOUBLE
status_tune_logs	tune.header.5	Tune data field 5	Sheath Gas (+ or +-):		IRawDataPlus.GetTuneDataHeaderInformation()	fieldIndex=5				Sheath Gas (+ or +-):	raw	high		dataType=DOUBLE
status_tune_logs	tune.header.6	Tune data field 6	Sheath Gas (-):		IRawDataPlus.GetTuneDataHeaderInformation()	fieldIndex=6				Sheath Gas (-):	raw	high		dataType=DOUBLE
status_tune_logs	tune.header.7	Tune data field 7	Aux Gas (+ or +-):		IRawDataPlus.GetTuneDataHeaderInformation()	fieldIndex=7				Aux Gas (+ or +-):	raw	high		dataType=DOUBLE
status_tune_logs	tune.header.8	Tune data field 8	Aux Gas (-):		IRawDataPlus.GetTuneDataHeaderInformation()	fieldIndex=8				Aux Gas (-):	raw	high		dataType=DOUBLE
status_tune_logs	tune.header.9	Tune data field 9	Sweep Gas (+ or +-):		IRawDataPlus.GetTuneDataHeaderInformation()	fieldIndex=9				Sweep Gas (+ or +-):	raw	high		dataType=DOUBLE
status_tune_logs	tune.header.10	Tune data field 10	Sweep Gas (-):		IRawDataPlus.GetTuneDataHeaderInformation()	fieldIndex=10				Sweep Gas (-):	raw	high		dataType=DOUBLE
status_tune_logs	tune.header.11	Tune data field 11	Max Spray Current (+):		IRawDataPlus.GetTuneDataHeaderInformation()	fieldIndex=11				Max Spray Current (+):	raw	high		dataType=DOUBLE
status_tune_logs	tune.header.12	Tune data field 12	Max Spray Current (-):		IRawDataPlus.GetTuneDataHeaderInformation()	fieldIndex=12				Max Spray Current (-):	raw	high		dataType=DOUBLE
status_tune_logs	tune.header.13	Tune data field 13	Vaporizer Temp. (+ or +-):		IRawDataPlus.GetTuneDataHeaderInformation()	fieldIndex=13				Vaporizer Temp. (+ or +-):	raw	high		dataType=DOUBLE
status_tune_logs	tune.header.14	Tune data field 14	Vaporizer Temp. (-):		IRawDataPlus.GetTuneDataHeaderInformation()	fieldIndex=14				Vaporizer Temp. (-):	raw	high		dataType=DOUBLE
status_tune_logs	tune.header.15	Tune data field 15	Ion Source:		IRawDataPlus.GetTuneDataHeaderInformation()	fieldIndex=15				Ion Source:	raw	high		dataType=CHAR_STRING
status_tune_logs	tune.header.16	Tune data field 16	AGC Det. Dur. (msec):		IRawDataPlus.GetTuneDataHeaderInformation()	fieldIndex=16				AGC Det. Dur. (msec):	raw	high		dataType=DOUBLE
status_tune_logs	tune.header.17	Tune data field 17	=== Calibration Data: ===:		IRawDataPlus.GetTuneDataHeaderInformation()	fieldIndex=17				=== Calibration Data: ===:	raw	high		dataType=NULL
status_tune_logs	tune.header.18	Tune data field 18	Mass Cal. (+) age (d):		IRawDataPlus.GetTuneDataHeaderInformation()	fieldIndex=18				Mass Cal. (+) age (d):	raw	high		dataType=DOUBLE
status_tune_logs	tune.header.19	Tune data field 19	Mass Cal. (-) age (d):		IRawDataPlus.GetTuneDataHeaderInformation()	fieldIndex=19				Mass Cal. (-) age (d):	raw	high		dataType=DOUBLE
status_tune_logs	tune.header.20	Tune data field 20	Isolation Cal. (+) age (d):		IRawDataPlus.GetTuneDataHeaderInformation()	fieldIndex=20				Isolation Cal. (+) age (d):	raw	high		dataType=DOUBLE
status_tune_logs	tune.header.21	Tune data field 21	Isolation Cal. (-) age (d):		IRawDataPlus.GetTuneDataHeaderInformation()	fieldIndex=21				Isolation Cal. (-) age (d):	raw	high		dataType=DOUBLE
status_tune_logs	tune.header.22	Tune data field 22	Amplifier Gain:		IRawDataPlus.GetTuneDataHeaderInformation()	fieldIndex=22				Amplifier Gain:	raw	high		dataType=DOUBLE
status_tune_logs	tune.header.23	Tune data field 23	Mass Calibration Parameter (0):		IRawDataPlus.GetTuneDataHeaderInformation()	fieldIndex=23				Mass Calibration Parameter (0):	raw	high		dataType=DOUBLE
status_tune_logs	tune.header.24	Tune data field 24	Mass Calibration Parameter (1):		IRawDataPlus.GetTuneDataHeaderInformation()	fieldIndex=24				Mass Calibration Parameter (1):	raw	high		dataType=DOUBLE
status_tune_logs	tune.header.25	Tune data field 25	Mass Calibration Parameter (2):		IRawDataPlus.GetTuneDataHeaderInformation()	fieldIndex=25				Mass Calibration Parameter (2):	raw	high		dataType=DOUBLE
status_tune_logs	tune.header.26	Tune data field 26	Mass Calibration Parameter (3):		IRawDataPlus.GetTuneDataHeaderInformation()	fieldIndex=26				Mass Calibration Parameter (3):	raw	high		dataType=DOUBLE
status_tune_logs	tune.header.27	Tune data field 27	Mass Calibration Parameter (4):		IRawDataPlus.GetTuneDataHeaderInformation()	fieldIndex=27				Mass Calibration Parameter (4):	raw	high		dataType=DOUBLE
status_tune_logs	tune.header.28	Tune data field 28	Mass Calibration Parameter (5):		IRawDataPlus.GetTuneDataHeaderInformation()	fieldIndex=28				Mass Calibration Parameter (5):	raw	high		dataType=DOUBLE
status_tune_logs	tune.header.29	Tune data field 29	Mass Calibration Parameter (6):		IRawDataPlus.GetTuneDataHeaderInformation()	fieldIndex=29				Mass Calibration Parameter (6):	raw	high		dataType=DOUBLE
status_tune_logs	tune.header.30	Tune data field 30	Mass Calibration Parameter (7):		IRawDataPlus.GetTuneDataHeaderInformation()	fieldIndex=30				Mass Calibration Parameter (7):	raw	high		dataType=DOUBLE
status_tune_logs	tune.header.31	Tune data field 31	Mass Calibration Parameter (8):		IRawDataPlus.GetTuneDataHeaderInformation()	fieldIndex=31				Mass Calibration Parameter (8):	raw	high		dataType=DOUBLE
status_tune_logs	tune.header.32	Tune data field 32	Mass Calibration Parameter (9):		IRawDataPlus.GetTuneDataHeaderInformation()	fieldIndex=32				Mass Calibration Parameter (9):	raw	high		dataType=DOUBLE
status_tune_logs	tune.header.33	Tune data field 33	Mass Calibration Parameter (10):		IRawDataPlus.GetTuneDataHeaderInformation()	fieldIndex=33				Mass Calibration Parameter (10):	raw	high		dataType=DOUBLE
status_tune_logs	tune.header.34	Tune data field 34	Mass Calibration Parameter (11):		IRawDataPlus.GetTuneDataHeaderInformation()	fieldIndex=34				Mass Calibration Parameter (11):	raw	high		dataType=DOUBLE
status_tune_logs	tune.header.35	Tune data field 35	Mass Calibration Parameter (12):		IRawDataPlus.GetTuneDataHeaderInformation()	fieldIndex=35				Mass Calibration Parameter (12):	raw	high		dataType=DOUBLE
status_tune_logs	tune.header.36	Tune data field 36	Mass Calibration Parameter (13):		IRawDataPlus.GetTuneDataHeaderInformation()	fieldIndex=36				Mass Calibration Parameter (13):	raw	high		dataType=DOUBLE
status_tune_logs	tune.header.37	Tune data field 37	Mass Calibration Parameter (14):		IRawDataPlus.GetTuneDataHeaderInformation()	fieldIndex=37				Mass Calibration Parameter (14):	raw	high		dataType=DOUBLE
status_tune_logs	tune.header.38	Tune data field 38	Mass Calibration Parameter (15):		IRawDataPlus.GetTuneDataHeaderInformation()	fieldIndex=38				Mass Calibration Parameter (15):	raw	high		dataType=DOUBLE
status_tune_logs	tune.header.39	Tune data field 39	Mass Calibration Parameter (16):		IRawDataPlus.GetTuneDataHeaderInformation()	fieldIndex=39				Mass Calibration Parameter (16):	raw	high		dataType=DOUBLE
status_tune_logs	tune.header.40	Tune data field 40	Mass Calibration Parameter (17):		IRawDataPlus.GetTuneDataHeaderInformation()	fieldIndex=40				Mass Calibration Parameter (17):	raw	high		dataType=DOUBLE
status_tune_logs	tune.header.41	Tune data field 41	Mass Calibration Parameter (18):		IRawDataPlus.GetTuneDataHeaderInformation()	fieldIndex=41				Mass Calibration Parameter (18):	raw	high		dataType=DOUBLE
status_tune_logs	tune.header.42	Tune data field 42	Mass Calibration Parameter (19):		IRawDataPlus.GetTuneDataHeaderInformation()	fieldIndex=42				Mass Calibration Parameter (19):	raw	high		dataType=DOUBLE
status_tune_logs	tune.header.43	Tune data field 43	Mass Calibration Parameter (20):		IRawDataPlus.GetTuneDataHeaderInformation()	fieldIndex=43				Mass Calibration Parameter (20):	raw	high		dataType=DOUBLE
status_tune_logs	tune.header.44	Tune data field 44	Mass Calibration Parameter (21):		IRawDataPlus.GetTuneDataHeaderInformation()	fieldIndex=44				Mass Calibration Parameter (21):	raw	high		dataType=DOUBLE
status_tune_logs	tune.header.45	Tune data field 45	Mass Calibration Parameter (22):		IRawDataPlus.GetTuneDataHeaderInformation()	fieldIndex=45				Mass Calibration Parameter (22):	raw	high		dataType=DOUBLE
status_tune_logs	tune.header.46	Tune data field 46	Mass Calibration Parameter (23):		IRawDataPlus.GetTuneDataHeaderInformation()	fieldIndex=46				Mass Calibration Parameter (23):	raw	high		dataType=DOUBLE
status_tune_logs	tune.header.47	Tune data field 47	Mass Calibration Parameter (24):		IRawDataPlus.GetTuneDataHeaderInformation()	fieldIndex=47				Mass Calibration Parameter (24):	raw	high		dataType=DOUBLE
status_tune_logs	tune.header.48	Tune data field 48	Mass Calibration Parameter (25):		IRawDataPlus.GetTuneDataHeaderInformation()	fieldIndex=48				Mass Calibration Parameter (25):	raw	high		dataType=DOUBLE
status_tune_logs	tune.header.49	Tune data field 49	Mass Calibration Parameter (26):		IRawDataPlus.GetTuneDataHeaderInformation()	fieldIndex=49				Mass Calibration Parameter (26):	raw	high		dataType=DOUBLE
status_tune_logs	tune.header.50	Tune data field 50	Mass Calibration Parameter (27):		IRawDataPlus.GetTuneDataHeaderInformation()	fieldIndex=50				Mass Calibration Parameter (27):	raw	high		dataType=DOUBLE
status_tune_logs	tune.header.51	Tune data field 51	Mass Calibration Parameter (28):		IRawDataPlus.GetTuneDataHeaderInformation()	fieldIndex=51				Mass Calibration Parameter (28):	raw	high		dataType=DOUBLE
status_tune_logs	tune.header.52	Tune data field 52	Mass Calibration Parameter (29):		IRawDataPlus.GetTuneDataHeaderInformation()	fieldIndex=52				Mass Calibration Parameter (29):	raw	high		dataType=DOUBLE
status_tune_logs	tune.header.53	Tune data field 53	Mass Calibration Parameter (30):		IRawDataPlus.GetTuneDataHeaderInformation()	fieldIndex=53				Mass Calibration Parameter (30):	raw	high		dataType=DOUBLE
status_tune_logs	tune.header.54	Tune data field 54	Mass Calibration Parameter (31):		IRawDataPlus.GetTuneDataHeaderInformation()	fieldIndex=54				Mass Calibration Parameter (31):	raw	high		dataType=DOUBLE
status_tune_logs	tune.header.55	Tune data field 55	Mass Calibration Parameter (32):		IRawDataPlus.GetTuneDataHeaderInformation()	fieldIndex=55				Mass Calibration Parameter (32):	raw	high		dataType=DOUBLE
status_tune_logs	tune.header.56	Tune data field 56	Mass Calibration Parameter (33):		IRawDataPlus.GetTuneDataHeaderInformation()	fieldIndex=56				Mass Calibration Parameter (33):	raw	high		dataType=DOUBLE
status_tune_logs	tune.header.57	Tune data field 57	Mass Calibration Parameter (34):		IRawDataPlus.GetTuneDataHeaderInformation()	fieldIndex=57				Mass Calibration Parameter (34):	raw	high		dataType=DOUBLE
status_tune_logs	tune.header.58	Tune data field 58	Mass Calibration Parameter (35):		IRawDataPlus.GetTuneDataHeaderInformation()	fieldIndex=58				Mass Calibration Parameter (35):	raw	high		dataType=DOUBLE
status_tune_logs	tune.header.59	Tune data field 59	Mass Calibration Parameter (36):		IRawDataPlus.GetTuneDataHeaderInformation()	fieldIndex=59				Mass Calibration Parameter (36):	raw	high		dataType=DOUBLE
status_tune_logs	tune.header.60	Tune data field 60	Mass Calibration Parameter (37):		IRawDataPlus.GetTuneDataHeaderInformation()	fieldIndex=60				Mass Calibration Parameter (37):	raw	high		dataType=DOUBLE
status_tune_logs	tune.header.61	Tune data field 61	Mass Calibration Parameter (38):		IRawDataPlus.GetTuneDataHeaderInformation()	fieldIndex=61				Mass Calibration Parameter (38):	raw	high		dataType=DOUBLE
status_tune_logs	tune.header.62	Tune data field 62	Mass Calibration Parameter (39):		IRawDataPlus.GetTuneDataHeaderInformation()	fieldIndex=62				Mass Calibration Parameter (39):	raw	high		dataType=DOUBLE
status_tune_logs	tune.header.63	Tune data field 63	Mass Calibration Parameter (40):		IRawDataPlus.GetTuneDataHeaderInformation()	fieldIndex=63				Mass Calibration Parameter (40):	raw	high		dataType=DOUBLE
status_tune_logs	tune.header.64	Tune data field 64	Mass Calibration Parameter (41):		IRawDataPlus.GetTuneDataHeaderInformation()	fieldIndex=64				Mass Calibration Parameter (41):	raw	high		dataType=DOUBLE
status_tune_logs	tune.header.65	Tune data field 65	Mass Calibration Parameter (42):		IRawDataPlus.GetTuneDataHeaderInformation()	fieldIndex=65				Mass Calibration Parameter (42):	raw	high		dataType=DOUBLE
status_tune_logs	tune.header.66	Tune data field 66	Mass Calibration Parameter (43):		IRawDataPlus.GetTuneDataHeaderInformation()	fieldIndex=66				Mass Calibration Parameter (43):	raw	high		dataType=DOUBLE
status_tune_logs	tune.header.67	Tune data field 67	Mass Calibration Parameter (44):		IRawDataPlus.GetTuneDataHeaderInformation()	fieldIndex=67				Mass Calibration Parameter (44):	raw	high		dataType=DOUBLE
status_tune_logs	tune.header.68	Tune data field 68	Mass Calibration Parameter (45):		IRawDataPlus.GetTuneDataHeaderInformation()	fieldIndex=68				Mass Calibration Parameter (45):	raw	high		dataType=DOUBLE
status_tune_logs	tune.header.69	Tune data field 69	Mass Calibration Parameter (46):		IRawDataPlus.GetTuneDataHeaderInformation()	fieldIndex=69				Mass Calibration Parameter (46):	raw	high		dataType=DOUBLE
status_tune_logs	tune.header.70	Tune data field 70	Mass Calibration Parameter (47):		IRawDataPlus.GetTuneDataHeaderInformation()	fieldIndex=70				Mass Calibration Parameter (47):	raw	high		dataType=DOUBLE
status_tune_logs	tune.header.71	Tune data field 71	Mass Calibration Parameter (48):		IRawDataPlus.GetTuneDataHeaderInformation()	fieldIndex=71				Mass Calibration Parameter (48):	raw	high		dataType=DOUBLE
status_tune_logs	tune.header.72	Tune data field 72	Mass Calibration Parameter (49):		IRawDataPlus.GetTuneDataHeaderInformation()	fieldIndex=72				Mass Calibration Parameter (49):	raw	high		dataType=DOUBLE
status_tune_logs	tune.header.73	Tune data field 73	Mass Calibration Parameter (50):		IRawDataPlus.GetTuneDataHeaderInformation()	fieldIndex=73				Mass Calibration Parameter (50):	raw	high		dataType=DOUBLE
status_tune_logs	tune.header.74	Tune data field 74	Mass Calibration Parameter (51):		IRawDataPlus.GetTuneDataHeaderInformation()	fieldIndex=74				Mass Calibration Parameter (51):	raw	high		dataType=DOUBLE
status_tune_logs	tune.header.75	Tune data field 75	Mass Calibration Parameter (52):		IRawDataPlus.GetTuneDataHeaderInformation()	fieldIndex=75				Mass Calibration Parameter (52):	raw	high		dataType=DOUBLE
status_tune_logs	tune.header.76	Tune data field 76	Mass Calibration Parameter (53):		IRawDataPlus.GetTuneDataHeaderInformation()	fieldIndex=76				Mass Calibration Parameter (53):	raw	high		dataType=DOUBLE
status_tune_logs	tune.header.77	Tune data field 77	Mass Calibration Parameter (54):		IRawDataPlus.GetTuneDataHeaderInformation()	fieldIndex=77				Mass Calibration Parameter (54):	raw	high		dataType=DOUBLE
status_tune_logs	tune.header.78	Tune data field 78	Mass Calibration Parameter (55):		IRawDataPlus.GetTuneDataHeaderInformation()	fieldIndex=78				Mass Calibration Parameter (55):	raw	high		dataType=DOUBLE
status_tune_logs	tune.header.79	Tune data field 79	Mass Calibration Parameter (56):		IRawDataPlus.GetTuneDataHeaderInformation()	fieldIndex=79				Mass Calibration Parameter (56):	raw	high		dataType=DOUBLE
status_tune_logs	tune.header.80	Tune data field 80	Mass Calibration Parameter (57):		IRawDataPlus.GetTuneDataHeaderInformation()	fieldIndex=80				Mass Calibration Parameter (57):	raw	high		dataType=DOUBLE
status_tune_logs	tune.header.81	Tune data field 81	Mass Calibration Parameter (58):		IRawDataPlus.GetTuneDataHeaderInformation()	fieldIndex=81				Mass Calibration Parameter (58):	raw	high		dataType=DOUBLE
status_tune_logs	tune.header.82	Tune data field 82	Mass Calibration Parameter (59):		IRawDataPlus.GetTuneDataHeaderInformation()	fieldIndex=82				Mass Calibration Parameter (59):	raw	high		dataType=DOUBLE
status_tune_logs	tune.header.83	Tune data field 83	Mass Calibration Parameter (60):		IRawDataPlus.GetTuneDataHeaderInformation()	fieldIndex=83				Mass Calibration Parameter (60):	raw	high		dataType=DOUBLE
status_tune_logs	tune.header.84	Tune data field 84	Mass Calibration Parameter (61):		IRawDataPlus.GetTuneDataHeaderInformation()	fieldIndex=84				Mass Calibration Parameter (61):	raw	high		dataType=DOUBLE
status_tune_logs	tune.header.85	Tune data field 85	Mass Calibration Parameter (62):		IRawDataPlus.GetTuneDataHeaderInformation()	fieldIndex=85				Mass Calibration Parameter (62):	raw	high		dataType=DOUBLE
status_tune_logs	tune.header.86	Tune data field 86	Mass Calibration Parameter (63):		IRawDataPlus.GetTuneDataHeaderInformation()	fieldIndex=86				Mass Calibration Parameter (63):	raw	high		dataType=DOUBLE
status_tune_logs	tune.header.87	Tune data field 87	Mass Calibration Parameter (64):		IRawDataPlus.GetTuneDataHeaderInformation()	fieldIndex=87				Mass Calibration Parameter (64):	raw	high		dataType=DOUBLE
status_tune_logs	tune.header.88	Tune data field 88	Mass Calibration Parameter (65):		IRawDataPlus.GetTuneDataHeaderInformation()	fieldIndex=88				Mass Calibration Parameter (65):	raw	high		dataType=DOUBLE
status_tune_logs	tune.header.89	Tune data field 89	Mass Calibration Parameter (66):		IRawDataPlus.GetTuneDataHeaderInformation()	fieldIndex=89				Mass Calibration Parameter (66):	raw	high		dataType=DOUBLE
status_tune_logs	tune.header.90	Tune data field 90	Mass Calibration Parameter (67):		IRawDataPlus.GetTuneDataHeaderInformation()	fieldIndex=90				Mass Calibration Parameter (67):	raw	high		dataType=DOUBLE
status_tune_logs	tune.header.91	Tune data field 91	Mass Calibration Parameter (68):		IRawDataPlus.GetTuneDataHeaderInformation()	fieldIndex=91				Mass Calibration Parameter (68):	raw	high		dataType=DOUBLE
status_tune_logs	tune.header.92	Tune data field 92	Mass Calibration Parameter (69):		IRawDataPlus.GetTuneDataHeaderInformation()	fieldIndex=92				Mass Calibration Parameter (69):	raw	high		dataType=DOUBLE
status_tune_logs	tune.header.93	Tune data field 93	Mass Calibration Parameter (70):		IRawDataPlus.GetTuneDataHeaderInformation()	fieldIndex=93				Mass Calibration Parameter (70):	raw	high		dataType=DOUBLE
status_tune_logs	tune.header.94	Tune data field 94	Mass Calibration Parameter (71):		IRawDataPlus.GetTuneDataHeaderInformation()	fieldIndex=94				Mass Calibration Parameter (71):	raw	high		dataType=DOUBLE
status_tune_logs	tune.header.95	Tune data field 95	Mass Calibration Parameter (72):		IRawDataPlus.GetTuneDataHeaderInformation()	fieldIndex=95				Mass Calibration Parameter (72):	raw	high		dataType=DOUBLE
status_tune_logs	tune.header.96	Tune data field 96	Mass Calibration Parameter (73):		IRawDataPlus.GetTuneDataHeaderInformation()	fieldIndex=96				Mass Calibration Parameter (73):	raw	high		dataType=DOUBLE
status_tune_logs	tune.header.97	Tune data field 97	Mass Calibration Parameter (74):		IRawDataPlus.GetTuneDataHeaderInformation()	fieldIndex=97				Mass Calibration Parameter (74):	raw	high		dataType=DOUBLE
status_tune_logs	tune.header.98	Tune data field 98	Mass Calibration Parameter (75):		IRawDataPlus.GetTuneDataHeaderInformation()	fieldIndex=98				Mass Calibration Parameter (75):	raw	high		dataType=DOUBLE
status_tune_logs	tune.header.99	Tune data field 99	Mass Calibration Parameter (76):		IRawDataPlus.GetTuneDataHeaderInformation()	fieldIndex=99				Mass Calibration Parameter (76):	raw	high		dataType=DOUBLE
status_tune_logs	tune.header.100	Tune data field 100	Mass Calibration Parameter (77):		IRawDataPlus.GetTuneDataHeaderInformation()	fieldIndex=100				Mass Calibration Parameter (77):	raw	high		dataType=DOUBLE
status_tune_logs	tune.header.101	Tune data field 101	Mass Calibration Parameter (78):		IRawDataPlus.GetTuneDataHeaderInformation()	fieldIndex=101				Mass Calibration Parameter (78):	raw	high		dataType=DOUBLE
status_tune_logs	tune.header.102	Tune data field 102	Mass Calibration Parameter (79):		IRawDataPlus.GetTuneDataHeaderInformation()	fieldIndex=102				Mass Calibration Parameter (79):	raw	high		dataType=DOUBLE
status_tune_logs	tune.header.103	Tune data field 103	Mass Calibration Parameter (80):		IRawDataPlus.GetTuneDataHeaderInformation()	fieldIndex=103				Mass Calibration Parameter (80):	raw	high		dataType=DOUBLE
status_tune_logs	tune.header.104	Tune data field 104	Mass Calibration Parameter (81):		IRawDataPlus.GetTuneDataHeaderInformation()	fieldIndex=104				Mass Calibration Parameter (81):	raw	high		dataType=DOUBLE
status_tune_logs	tune.header.105	Tune data field 105	Mass Calibration Parameter (82):		IRawDataPlus.GetTuneDataHeaderInformation()	fieldIndex=105				Mass Calibration Parameter (82):	raw	high		dataType=DOUBLE
status_tune_logs	tune.header.106	Tune data field 106	Mass Calibration Parameter (83):		IRawDataPlus.GetTuneDataHeaderInformation()	fieldIndex=106				Mass Calibration Parameter (83):	raw	high		dataType=DOUBLE
status_tune_logs	tune.header.107	Tune data field 107	Mass Calibration Parameter (84):		IRawDataPlus.GetTuneDataHeaderInformation()	fieldIndex=107				Mass Calibration Parameter (84):	raw	high		dataType=DOUBLE
status_tune_logs	tune.header.108	Tune data field 108	Mass Calibration Parameter (85):		IRawDataPlus.GetTuneDataHeaderInformation()	fieldIndex=108				Mass Calibration Parameter (85):	raw	high		dataType=DOUBLE
status_tune_logs	tune.header.109	Tune data field 109	Mass Calibration Parameter (86):		IRawDataPlus.GetTuneDataHeaderInformation()	fieldIndex=109				Mass Calibration Parameter (86):	raw	high		dataType=DOUBLE
status_tune_logs	tune.header.110	Tune data field 110	Mass Calibration Parameter (87):		IRawDataPlus.GetTuneDataHeaderInformation()	fieldIndex=110				Mass Calibration Parameter (87):	raw	high		dataType=DOUBLE
status_tune_logs	tune.header.111	Tune data field 111	Mass Calibration Parameter (88):		IRawDataPlus.GetTuneDataHeaderInformation()	fieldIndex=111				Mass Calibration Parameter (88):	raw	high		dataType=DOUBLE
status_tune_logs	tune.header.112	Tune data field 112	Mass Calibration Parameter (89):		IRawDataPlus.GetTuneDataHeaderInformation()	fieldIndex=112				Mass Calibration Parameter (89):	raw	high		dataType=DOUBLE
status_tune_logs	tune.header.113	Tune data field 113	Mass Calibration Parameter (90):		IRawDataPlus.GetTuneDataHeaderInformation()	fieldIndex=113				Mass Calibration Parameter (90):	raw	high		dataType=DOUBLE
status_tune_logs	tune.header.114	Tune data field 114	Mass Calibration Parameter (91):		IRawDataPlus.GetTuneDataHeaderInformation()	fieldIndex=114				Mass Calibration Parameter (91):	raw	high		dataType=DOUBLE
status_tune_logs	tune.header.115	Tune data field 115	Mass Calibration Parameter (92):		IRawDataPlus.GetTuneDataHeaderInformation()	fieldIndex=115				Mass Calibration Parameter (92):	raw	high		dataType=DOUBLE
status_tune_logs	tune.header.116	Tune data field 116	Mass Calibration Parameter (93):		IRawDataPlus.GetTuneDataHeaderInformation()	fieldIndex=116				Mass Calibration Parameter (93):	raw	high		dataType=DOUBLE
status_tune_logs	tune.header.117	Tune data field 117	Mass Calibration Parameter (94):		IRawDataPlus.GetTuneDataHeaderInformation()	fieldIndex=117				Mass Calibration Parameter (94):	raw	high		dataType=DOUBLE
status_tune_logs	tune.header.118	Tune data field 118	Mass Calibration Parameter (95):		IRawDataPlus.GetTuneDataHeaderInformation()	fieldIndex=118				Mass Calibration Parameter (95):	raw	high		dataType=DOUBLE
status_tune_logs	tune.header.119	Tune data field 119	Mass Calibration Parameter (96):		IRawDataPlus.GetTuneDataHeaderInformation()	fieldIndex=119				Mass Calibration Parameter (96):	raw	high		dataType=DOUBLE
status_tune_logs	tune.header.120	Tune data field 120	Mass Calibration Parameter (97):		IRawDataPlus.GetTuneDataHeaderInformation()	fieldIndex=120				Mass Calibration Parameter (97):	raw	high		dataType=DOUBLE
status_tune_logs	tune.header.121	Tune data field 121	Mass Calibration Parameter (98):		IRawDataPlus.GetTuneDataHeaderInformation()	fieldIndex=121				Mass Calibration Parameter (98):	raw	high		dataType=DOUBLE
status_tune_logs	tune.header.122	Tune data field 122	Mass Calibration Parameter (99):		IRawDataPlus.GetTuneDataHeaderInformation()	fieldIndex=122				Mass Calibration Parameter (99):	raw	high		dataType=DOUBLE
status_tune_logs	tune.header.123	Tune data field 123	Mass Calibration Parameter (100):		IRawDataPlus.GetTuneDataHeaderInformation()	fieldIndex=123				Mass Calibration Parameter (100):	raw	high		dataType=DOUBLE
status_tune_logs	tune.header.124	Tune data field 124	Mass Calibration Parameter (101):		IRawDataPlus.GetTuneDataHeaderInformation()	fieldIndex=124				Mass Calibration Parameter (101):	raw	high		dataType=DOUBLE
status_tune_logs	tune.header.125	Tune data field 125	Mass Calibration Parameter (102):		IRawDataPlus.GetTuneDataHeaderInformation()	fieldIndex=125				Mass Calibration Parameter (102):	raw	high		dataType=DOUBLE
status_tune_logs	tune.header.126	Tune data field 126	Mass Calibration Parameter (103):		IRawDataPlus.GetTuneDataHeaderInformation()	fieldIndex=126				Mass Calibration Parameter (103):	raw	high		dataType=DOUBLE
status_tune_logs	tune.header.127	Tune data field 127	Mass Calibration Parameter (104):		IRawDataPlus.GetTuneDataHeaderInformation()	fieldIndex=127				Mass Calibration Parameter (104):	raw	high		dataType=DOUBLE
status_tune_logs	tune.header.128	Tune data field 128	Mass Calibration Parameter (105):		IRawDataPlus.GetTuneDataHeaderInformation()	fieldIndex=128				Mass Calibration Parameter (105):	raw	high		dataType=DOUBLE
status_tune_logs	tune.header.129	Tune data field 129	Mass Calibration Parameter (106):		IRawDataPlus.GetTuneDataHeaderInformation()	fieldIndex=129				Mass Calibration Parameter (106):	raw	high		dataType=DOUBLE
status_tune_logs	tune.header.130	Tune data field 130	Mass Calibration Parameter (107):		IRawDataPlus.GetTuneDataHeaderInformation()	fieldIndex=130				Mass Calibration Parameter (107):	raw	high		dataType=DOUBLE
status_tune_logs	tune.header.131	Tune data field 131	Mass Calibration Parameter (108):		IRawDataPlus.GetTuneDataHeaderInformation()	fieldIndex=131				Mass Calibration Parameter (108):	raw	high		dataType=DOUBLE
status_tune_logs	tune.header.132	Tune data field 132	Mass Calibration Parameter (109):		IRawDataPlus.GetTuneDataHeaderInformation()	fieldIndex=132				Mass Calibration Parameter (109):	raw	high		dataType=DOUBLE
status_tune_logs	tune.header.133	Tune data field 133	Mass Calibration Parameter (110):		IRawDataPlus.GetTuneDataHeaderInformation()	fieldIndex=133				Mass Calibration Parameter (110):	raw	high		dataType=DOUBLE
status_tune_logs	tune.header.134	Tune data field 134	Mass Calibration Parameter (111):		IRawDataPlus.GetTuneDataHeaderInformation()	fieldIndex=134				Mass Calibration Parameter (111):	raw	high		dataType=DOUBLE
status_tune_logs	tune.header.135	Tune data field 135	Mass Calibration Parameter (112):		IRawDataPlus.GetTuneDataHeaderInformation()	fieldIndex=135				Mass Calibration Parameter (112):	raw	high		dataType=DOUBLE
status_tune_logs	tune.header.136	Tune data field 136	Mass Calibration Parameter (113):		IRawDataPlus.GetTuneDataHeaderInformation()	fieldIndex=136				Mass Calibration Parameter (113):	raw	high		dataType=DOUBLE
status_tune_logs	tune.header.137	Tune data field 137	Mass Calibration Parameter (114):		IRawDataPlus.GetTuneDataHeaderInformation()	fieldIndex=137				Mass Calibration Parameter (114):	raw	high		dataType=DOUBLE
status_tune_logs	tune.header.138	Tune data field 138	Mass Calibration Parameter (115):		IRawDataPlus.GetTuneDataHeaderInformation()	fieldIndex=138				Mass Calibration Parameter (115):	raw	high		dataType=DOUBLE
status_tune_logs	tune.header.139	Tune data field 139	Mass Calibration Parameter (116):		IRawDataPlus.GetTuneDataHeaderInformation()	fieldIndex=139				Mass Calibration Parameter (116):	raw	high		dataType=DOUBLE
status_tune_logs	tune.header.140	Tune data field 140	Mass Calibration Parameter (117):		IRawDataPlus.GetTuneDataHeaderInformation()	fieldIndex=140				Mass Calibration Parameter (117):	raw	high		dataType=DOUBLE
status_tune_logs	tune.header.141	Tune data field 141	Mass Calibration Parameter (118):		IRawDataPlus.GetTuneDataHeaderInformation()	fieldIndex=141				Mass Calibration Parameter (118):	raw	high		dataType=DOUBLE
status_tune_logs	tune.header.142	Tune data field 142	Mass Calibration Parameter (119):		IRawDataPlus.GetTuneDataHeaderInformation()	fieldIndex=142				Mass Calibration Parameter (119):	raw	high		dataType=DOUBLE
status_tune_logs	tune.header.143	Tune data field 143	PrOSA Scale (+):		IRawDataPlus.GetTuneDataHeaderInformation()	fieldIndex=143				PrOSA Scale (+):	raw	high		dataType=DOUBLE
status_tune_logs	tune.header.144	Tune data field 144	PrOSA Scale (-):		IRawDataPlus.GetTuneDataHeaderInformation()	fieldIndex=144				PrOSA Scale (-):	raw	high		dataType=DOUBLE
status_tune_logs	tune.header.145	Tune data field 145	PrOSA Para (+):		IRawDataPlus.GetTuneDataHeaderInformation()	fieldIndex=145				PrOSA Para (+):	raw	high		dataType=DOUBLE
status_tune_logs	tune.header.146	Tune data field 146	PrOSA Para (-):		IRawDataPlus.GetTuneDataHeaderInformation()	fieldIndex=146				PrOSA Para (-):	raw	high		dataType=DOUBLE
status_tune_logs	tune.header.147	Tune data field 147	Quad RF Frequency (kHz):		IRawDataPlus.GetTuneDataHeaderInformation()	fieldIndex=147				Quad RF Frequency (kHz):	raw	high		dataType=DOUBLE
status_tune_logs	tune.header.148	Tune data field 148	Iso Rod Togle Inp.:		IRawDataPlus.GetTuneDataHeaderInformation()	fieldIndex=148				Iso Rod Togle Inp.:	raw	high		dataType=LONG
status_tune_logs	tune.header.149	Tune data field 149	HCD NCE Scl Coeff 0:		IRawDataPlus.GetTuneDataHeaderInformation()	fieldIndex=149				HCD NCE Scl Coeff 0:	raw	high		dataType=DOUBLE
status_tune_logs	tune.header.150	Tune data field 150	HCD NCE Scl Coeff 1:		IRawDataPlus.GetTuneDataHeaderInformation()	fieldIndex=150				HCD NCE Scl Coeff 1:	raw	high		dataType=DOUBLE
status_tune_logs	tune.header.151	Tune data field 151	HCD Vlt Scl Coeff 0:		IRawDataPlus.GetTuneDataHeaderInformation()	fieldIndex=151				HCD Vlt Scl Coeff 0:	raw	high		dataType=DOUBLE
status_tune_logs	tune.header.152	Tune data field 152	HCD Vlt Scl Coeff 1:		IRawDataPlus.GetTuneDataHeaderInformation()	fieldIndex=152				HCD Vlt Scl Coeff 1:	raw	high		dataType=DOUBLE
status_tune_logs	tune.header.153	Tune data field 153	HCD Vlt Scl Coeff 2:		IRawDataPlus.GetTuneDataHeaderInformation()	fieldIndex=153				HCD Vlt Scl Coeff 2:	raw	high		dataType=DOUBLE
status_tune_logs	tune.header.154	Tune data field 154	CLT GND Voltage (+):		IRawDataPlus.GetTuneDataHeaderInformation()	fieldIndex=154				CLT GND Voltage (+):	raw	high		dataType=DOUBLE
status_tune_logs	tune.header.155	Tune data field 155	CLT GND Voltage (-):		IRawDataPlus.GetTuneDataHeaderInformation()	fieldIndex=155				CLT GND Voltage (-):	raw	high		dataType=DOUBLE
status_tune_logs	tune.header.156	Tune data field 156	CLT Offset Voltage (+):		IRawDataPlus.GetTuneDataHeaderInformation()	fieldIndex=156				CLT Offset Voltage (+):	raw	high		dataType=DOUBLE
status_tune_logs	tune.header.157	Tune data field 157	CLT Offset Voltage (-):		IRawDataPlus.GetTuneDataHeaderInformation()	fieldIndex=157				CLT Offset Voltage (-):	raw	high		dataType=DOUBLE
status_tune_logs	tune.header.158	Tune data field 158	De-Inject Voltage (+):		IRawDataPlus.GetTuneDataHeaderInformation()	fieldIndex=158				De-Inject Voltage (+):	raw	high		dataType=DOUBLE
status_tune_logs	tune.header.159	Tune data field 159	De-Inject Voltage (-):		IRawDataPlus.GetTuneDataHeaderInformation()	fieldIndex=159				De-Inject Voltage (-):	raw	high		dataType=DOUBLE
status_tune_logs	tune.header.160	Tune data field 160	De-Measure Voltage (+):		IRawDataPlus.GetTuneDataHeaderInformation()	fieldIndex=160				De-Measure Voltage (+):	raw	high		dataType=DOUBLE
status_tune_logs	tune.header.161	Tune data field 161	De-Measure Voltage (-):		IRawDataPlus.GetTuneDataHeaderInformation()	fieldIndex=161				De-Measure Voltage (-):	raw	high		dataType=DOUBLE
status_tune_logs	tune.header.162	Tune data field 162	CE-Inject Voltage (+):		IRawDataPlus.GetTuneDataHeaderInformation()	fieldIndex=162				CE-Inject Voltage (+):	raw	high		dataType=DOUBLE
status_tune_logs	tune.header.163	Tune data field 163	CE-Inject Voltage (-):		IRawDataPlus.GetTuneDataHeaderInformation()	fieldIndex=163				CE-Inject Voltage (-):	raw	high		dataType=DOUBLE
status_tune_logs	tune.header.164	Tune data field 164	====  PhiSDM:  ====:		IRawDataPlus.GetTuneDataHeaderInformation()	fieldIndex=164				====  PhiSDM:  ====:	raw	high		dataType=NULL
status_tune_logs	tune.header.165	Tune data field 165	PhiSDM c0 (0,+):		IRawDataPlus.GetTuneDataHeaderInformation()	fieldIndex=165				PhiSDM c0 (0,+):	raw	high		dataType=DOUBLE
status_tune_logs	tune.header.166	Tune data field 166	PhiSDM c1 (0,+):		IRawDataPlus.GetTuneDataHeaderInformation()	fieldIndex=166				PhiSDM c1 (0,+):	raw	high		dataType=DOUBLE
status_tune_logs	tune.header.167	Tune data field 167	PhiSDM c2 (0,+):		IRawDataPlus.GetTuneDataHeaderInformation()	fieldIndex=167				PhiSDM c2 (0,+):	raw	high		dataType=DOUBLE
status_tune_logs	tune.header.168	Tune data field 168	PhiSDM fm (0,+):		IRawDataPlus.GetTuneDataHeaderInformation()	fieldIndex=168				PhiSDM fm (0,+):	raw	high		dataType=DOUBLE
status_tune_logs	tune.header.169	Tune data field 169	PhiSDM c0 (1,+):		IRawDataPlus.GetTuneDataHeaderInformation()	fieldIndex=169				PhiSDM c0 (1,+):	raw	high		dataType=DOUBLE
status_tune_logs	tune.header.170	Tune data field 170	PhiSDM c1 (1,+):		IRawDataPlus.GetTuneDataHeaderInformation()	fieldIndex=170				PhiSDM c1 (1,+):	raw	high		dataType=DOUBLE
status_tune_logs	tune.header.171	Tune data field 171	PhiSDM c2 (1,+):		IRawDataPlus.GetTuneDataHeaderInformation()	fieldIndex=171				PhiSDM c2 (1,+):	raw	high		dataType=DOUBLE
status_tune_logs	tune.header.172	Tune data field 172	PhiSDM fm (1,+):		IRawDataPlus.GetTuneDataHeaderInformation()	fieldIndex=172				PhiSDM fm (1,+):	raw	high		dataType=DOUBLE
status_tune_logs	tune.header.173	Tune data field 173	PhiSDM c0 (2,+):		IRawDataPlus.GetTuneDataHeaderInformation()	fieldIndex=173				PhiSDM c0 (2,+):	raw	high		dataType=DOUBLE
status_tune_logs	tune.header.174	Tune data field 174	PhiSDM c1 (2,+):		IRawDataPlus.GetTuneDataHeaderInformation()	fieldIndex=174				PhiSDM c1 (2,+):	raw	high		dataType=DOUBLE
status_tune_logs	tune.header.175	Tune data field 175	PhiSDM c2 (2,+):		IRawDataPlus.GetTuneDataHeaderInformation()	fieldIndex=175				PhiSDM c2 (2,+):	raw	high		dataType=DOUBLE
status_tune_logs	tune.header.176	Tune data field 176	PhiSDM fm (2,+):		IRawDataPlus.GetTuneDataHeaderInformation()	fieldIndex=176				PhiSDM fm (2,+):	raw	high		dataType=DOUBLE
status_tune_logs	tune.header.177	Tune data field 177	PhiSDM c0 (0,-):		IRawDataPlus.GetTuneDataHeaderInformation()	fieldIndex=177				PhiSDM c0 (0,-):	raw	high		dataType=DOUBLE
status_tune_logs	tune.header.178	Tune data field 178	PhiSDM c1 (0,-):		IRawDataPlus.GetTuneDataHeaderInformation()	fieldIndex=178				PhiSDM c1 (0,-):	raw	high		dataType=DOUBLE
status_tune_logs	tune.header.179	Tune data field 179	PhiSDM c2 (0,-):		IRawDataPlus.GetTuneDataHeaderInformation()	fieldIndex=179				PhiSDM c2 (0,-):	raw	high		dataType=DOUBLE
status_tune_logs	tune.header.180	Tune data field 180	PhiSDM fm (0,-):		IRawDataPlus.GetTuneDataHeaderInformation()	fieldIndex=180				PhiSDM fm (0,-):	raw	high		dataType=DOUBLE
status_tune_logs	tune.header.181	Tune data field 181	PhiSDM c0 (1,-):		IRawDataPlus.GetTuneDataHeaderInformation()	fieldIndex=181				PhiSDM c0 (1,-):	raw	high		dataType=DOUBLE
status_tune_logs	tune.header.182	Tune data field 182	PhiSDM c1 (1,-):		IRawDataPlus.GetTuneDataHeaderInformation()	fieldIndex=182				PhiSDM c1 (1,-):	raw	high		dataType=DOUBLE
status_tune_logs	tune.header.183	Tune data field 183	PhiSDM c2 (1,-):		IRawDataPlus.GetTuneDataHeaderInformation()	fieldIndex=183				PhiSDM c2 (1,-):	raw	high		dataType=DOUBLE
status_tune_logs	tune.header.184	Tune data field 184	PhiSDM fm (1,-):		IRawDataPlus.GetTuneDataHeaderInformation()	fieldIndex=184				PhiSDM fm (1,-):	raw	high		dataType=DOUBLE
status_tune_logs	tune.header.185	Tune data field 185	PhiSDM c0 (2,-):		IRawDataPlus.GetTuneDataHeaderInformation()	fieldIndex=185				PhiSDM c0 (2,-):	raw	high		dataType=DOUBLE
status_tune_logs	tune.header.186	Tune data field 186	PhiSDM c1 (2,-):		IRawDataPlus.GetTuneDataHeaderInformation()	fieldIndex=186				PhiSDM c1 (2,-):	raw	high		dataType=DOUBLE
status_tune_logs	tune.header.187	Tune data field 187	PhiSDM c2 (2,-):		IRawDataPlus.GetTuneDataHeaderInformation()	fieldIndex=187				PhiSDM c2 (2,-):	raw	high		dataType=DOUBLE
status_tune_logs	tune.header.188	Tune data field 188	PhiSDM fm (2,-):		IRawDataPlus.GetTuneDataHeaderInformation()	fieldIndex=188				PhiSDM fm (2,-):	raw	high		dataType=DOUBLE
status_tune_logs	tune.header.189	Tune data field 189	=== Configuration Data: ===:		IRawDataPlus.GetTuneDataHeaderInformation()	fieldIndex=189				=== Configuration Data: ===:	raw	high		dataType=NULL
status_tune_logs	tune.header.190	Tune data field 190	Temp Sensor Mode:		IRawDataPlus.GetTuneDataHeaderInformation()	fieldIndex=190				Temp Sensor Mode:	raw	high		dataType=DOUBLE
status_tune_logs	tune.header.191	Tune data field 191	=== Identification: ===:		IRawDataPlus.GetTuneDataHeaderInformation()	fieldIndex=191				=== Identification: ===:	raw	high		dataType=NULL
status_tune_logs	tune.header.192	Tune data field 192	SW Version:		IRawDataPlus.GetTuneDataHeaderInformation()	fieldIndex=192				SW Version:	raw	high		dataType=CHAR_STRING
status_tune_logs	tune.header.193	Tune data field 193	Model:		IRawDataPlus.GetTuneDataHeaderInformation()	fieldIndex=193				Model:	raw	high		dataType=CHAR_STRING
status_tune_logs	tune.header.194	Tune data field 194	Instrument:		IRawDataPlus.GetTuneDataHeaderInformation()	fieldIndex=194				Instrument:	raw	high		dataType=CHAR_STRING
status_tune_logs	tune.header.195	Tune data field 195	Hardware Id:		IRawDataPlus.GetTuneDataHeaderInformation()	fieldIndex=195				Hardware Id:	raw	high		dataType=CHAR_STRING
status_tune_logs	tune.header.196	Tune data field 196	IID SUPPORT:		IRawDataPlus.GetTuneDataHeaderInformation()	fieldIndex=196				IID SUPPORT:	raw	high		dataType=CHAR_STRING
status_tune_logs	tune.header.197	Tune data field 197	IID MODEL:		IRawDataPlus.GetTuneDataHeaderInformation()	fieldIndex=197				IID MODEL:	raw	high		dataType=CHAR_STRING
status_tune_logs	tune.header.198	Tune data field 198	IID ITYPE:		IRawDataPlus.GetTuneDataHeaderInformation()	fieldIndex=198				IID ITYPE:	raw	high		dataType=CHAR_STRING
status_tune_logs	tune.header.199	Tune data field 199	IID INL:		IRawDataPlus.GetTuneDataHeaderInformation()	fieldIndex=199				IID INL:	raw	high		dataType=CHAR_STRING
status_tune_logs	tune.header.200	Tune data field 200	IID HWCAL:		IRawDataPlus.GetTuneDataHeaderInformation()	fieldIndex=200				IID HWCAL:	raw	high		dataType=CHAR_STRING
status_tune_logs	tune.header.201	Tune data field 201	IID ISO-Q:		IRawDataPlus.GetTuneDataHeaderInformation()	fieldIndex=201				IID ISO-Q:	raw	high		dataType=CHAR_STRING
status_tune_logs	tune.header.202	Tune data field 202	IID HCDCELL:		IRawDataPlus.GetTuneDataHeaderInformation()	fieldIndex=202				IID HCDCELL:	raw	high		dataType=CHAR_STRING
status_tune_logs	tune.header.203	Tune data field 203	IID HCDSCL:		IRawDataPlus.GetTuneDataHeaderInformation()	fieldIndex=203				IID HCDSCL:	raw	high		dataType=CHAR_STRING
status_tune_logs	tune.header.204	Tune data field 204	IID MA-OT:		IRawDataPlus.GetTuneDataHeaderInformation()	fieldIndex=204				IID MA-OT:	raw	high		dataType=CHAR_STRING
status_tune_logs	tune.header.205	Tune data field 205	IID HWCHDET:		IRawDataPlus.GetTuneDataHeaderInformation()	fieldIndex=205				IID HWCHDET:	raw	high		dataType=CHAR_STRING
status_tune_logs	tune.header.206	Tune data field 206	IID MZRANGE:		IRawDataPlus.GetTuneDataHeaderInformation()	fieldIndex=206				IID MZRANGE:	raw	high		dataType=CHAR_STRING
status_tune_logs	tune.header.207	Tune data field 207	IID METH:		IRawDataPlus.GetTuneDataHeaderInformation()	fieldIndex=207				IID METH:	raw	high		dataType=CHAR_STRING
status_tune_logs	tune.header.208	Tune data field 208	IID OT-FSD:		IRawDataPlus.GetTuneDataHeaderInformation()	fieldIndex=208				IID OT-FSD:	raw	high		dataType=CHAR_STRING
status_tune_logs	tune.header.209	Tune data field 209	=== InstHwConfig: ===:		IRawDataPlus.GetTuneDataHeaderInformation()	fieldIndex=209				=== InstHwConfig: ===:	raw	high		dataType=NULL
status_tune_logs	tune.header.210	Tune data field 210	HW ID Hash:		IRawDataPlus.GetTuneDataHeaderInformation()	fieldIndex=210				HW ID Hash:	raw	high		dataType=CHAR_STRING
status_tune_logs	tune.0.1	Tune data 0 Spray Voltage (+)	2000.00		IRawDataPlus.GetTuneData	tuneDataIndex=0; fieldIndex=1				Spray Voltage (+)	raw	high		
status_tune_logs	tune.0.2	Tune data 0 Spray Voltage (-)	1500.00		IRawDataPlus.GetTuneData	tuneDataIndex=0; fieldIndex=2				Spray Voltage (-)	raw	high		
status_tune_logs	tune.0.3	Tune data 0 Ion Transfer Tube Temperature (+ or +-)	275.00		IRawDataPlus.GetTuneData	tuneDataIndex=0; fieldIndex=3				Ion Transfer Tube Temperature (+ or +-)	raw	high		
status_tune_logs	tune.0.4	Tune data 0 Ion Transfer Tube Temperature (-)	275.00		IRawDataPlus.GetTuneData	tuneDataIndex=0; fieldIndex=4				Ion Transfer Tube Temperature (-)	raw	high		
status_tune_logs	tune.0.5	Tune data 0 Sheath Gas (+ or +-)	1.00		IRawDataPlus.GetTuneData	tuneDataIndex=0; fieldIndex=5				Sheath Gas (+ or +-)	raw	high		
status_tune_logs	tune.0.6	Tune data 0 Sheath Gas (-)	0.00		IRawDataPlus.GetTuneData	tuneDataIndex=0; fieldIndex=6				Sheath Gas (-)	raw	high		
status_tune_logs	tune.0.7	Tune data 0 Aux Gas (+ or +-)	0.00		IRawDataPlus.GetTuneData	tuneDataIndex=0; fieldIndex=7				Aux Gas (+ or +-)	raw	high		
status_tune_logs	tune.0.8	Tune data 0 Aux Gas (-)	0.00		IRawDataPlus.GetTuneData	tuneDataIndex=0; fieldIndex=8				Aux Gas (-)	raw	high		
status_tune_logs	tune.0.9	Tune data 0 Sweep Gas (+ or +-)	2.00		IRawDataPlus.GetTuneData	tuneDataIndex=0; fieldIndex=9				Sweep Gas (+ or +-)	raw	high		
status_tune_logs	tune.0.10	Tune data 0 Sweep Gas (-)	2.00		IRawDataPlus.GetTuneData	tuneDataIndex=0; fieldIndex=10				Sweep Gas (-)	raw	high		
status_tune_logs	tune.0.11	Tune data 0 Max Spray Current (+)	10.00		IRawDataPlus.GetTuneData	tuneDataIndex=0; fieldIndex=11				Max Spray Current (+)	raw	high		
status_tune_logs	tune.0.12	Tune data 0 Max Spray Current (-)	10.00		IRawDataPlus.GetTuneData	tuneDataIndex=0; fieldIndex=12				Max Spray Current (-)	raw	high		
status_tune_logs	tune.0.13	Tune data 0 Vaporizer Temp. (+ or +-)	0.00		IRawDataPlus.GetTuneData	tuneDataIndex=0; fieldIndex=13				Vaporizer Temp. (+ or +-)	raw	high		
status_tune_logs	tune.0.14	Tune data 0 Vaporizer Temp. (-)	0.00		IRawDataPlus.GetTuneData	tuneDataIndex=0; fieldIndex=14				Vaporizer Temp. (-)	raw	high		
status_tune_logs	tune.0.15	Tune data 0 Ion Source	NSI		IRawDataPlus.GetTuneData	tuneDataIndex=0; fieldIndex=15				Ion Source	raw	high		
status_tune_logs	tune.0.16	Tune data 0 AGC Det. Dur. (msec)	20.0		IRawDataPlus.GetTuneData	tuneDataIndex=0; fieldIndex=16				AGC Det. Dur. (msec)	raw	high		
status_tune_logs	tune.0.18	Tune data 0 Mass Cal. (+) age (d)	53.32		IRawDataPlus.GetTuneData	tuneDataIndex=0; fieldIndex=18				Mass Cal. (+) age (d)	raw	high		
status_tune_logs	tune.0.19	Tune data 0 Mass Cal. (-) age (d)	162.49		IRawDataPlus.GetTuneData	tuneDataIndex=0; fieldIndex=19				Mass Cal. (-) age (d)	raw	high		
status_tune_logs	tune.0.20	Tune data 0 Isolation Cal. (+) age (d)	0.0		IRawDataPlus.GetTuneData	tuneDataIndex=0; fieldIndex=20				Isolation Cal. (+) age (d)	raw	high		
status_tune_logs	tune.0.21	Tune data 0 Isolation Cal. (-) age (d)	0.0		IRawDataPlus.GetTuneData	tuneDataIndex=0; fieldIndex=21				Isolation Cal. (-) age (d)	raw	high		
status_tune_logs	tune.0.22	Tune data 0 Amplifier Gain	1000.000		IRawDataPlus.GetTuneData	tuneDataIndex=0; fieldIndex=22				Amplifier Gain	raw	high		
status_tune_logs	tune.0.23	Tune data 0 Mass Calibration Parameter (0)	1.44000000e+002		IRawDataPlus.GetTuneData	tuneDataIndex=0; fieldIndex=23				Mass Calibration Parameter (0)	raw	high		
status_tune_logs	tune.0.24	Tune data 0 Mass Calibration Parameter (1)	1.00000000e+002		IRawDataPlus.GetTuneData	tuneDataIndex=0; fieldIndex=24				Mass Calibration Parameter (1)	raw	high		
status_tune_logs	tune.0.25	Tune data 0 Mass Calibration Parameter (2)	2.33811057e-010		IRawDataPlus.GetTuneData	tuneDataIndex=0; fieldIndex=25				Mass Calibration Parameter (2)	raw	high		
status_tune_logs	tune.0.26	Tune data 0 Mass Calibration Parameter (3)	1.59804320e+009		IRawDataPlus.GetTuneData	tuneDataIndex=0; fieldIndex=26				Mass Calibration Parameter (3)	raw	high		
status_tune_logs	tune.0.27	Tune data 0 Mass Calibration Parameter (4)	-1.18683315e-013		IRawDataPlus.GetTuneData	tuneDataIndex=0; fieldIndex=27				Mass Calibration Parameter (4)	raw	high		
status_tune_logs	tune.0.28	Tune data 0 Mass Calibration Parameter (5)	1.59804320e+009		IRawDataPlus.GetTuneData	tuneDataIndex=0; fieldIndex=28				Mass Calibration Parameter (5)	raw	high		
status_tune_logs	tune.0.29	Tune data 0 Mass Calibration Parameter (6)	6.62827090e-010		IRawDataPlus.GetTuneData	tuneDataIndex=0; fieldIndex=29				Mass Calibration Parameter (6)	raw	high		
status_tune_logs	tune.0.30	Tune data 0 Mass Calibration Parameter (7)	1.57421609e+009		IRawDataPlus.GetTuneData	tuneDataIndex=0; fieldIndex=30				Mass Calibration Parameter (7)	raw	high		
status_tune_logs	tune.0.31	Tune data 0 Mass Calibration Parameter (8)	-7.29793258e-013		IRawDataPlus.GetTuneData	tuneDataIndex=0; fieldIndex=31				Mass Calibration Parameter (8)	raw	high		
status_tune_logs	tune.0.32	Tune data 0 Mass Calibration Parameter (9)	1.57421609e+009		IRawDataPlus.GetTuneData	tuneDataIndex=0; fieldIndex=32				Mass Calibration Parameter (9)	raw	high		
status_tune_logs	tune.0.33	Tune data 0 Mass Calibration Parameter (10)	-1.15000000e-006		IRawDataPlus.GetTuneData	tuneDataIndex=0; fieldIndex=33				Mass Calibration Parameter (10)	raw	high		
status_tune_logs	tune.0.34	Tune data 0 Mass Calibration Parameter (11)	0.00000000e+000		IRawDataPlus.GetTuneData	tuneDataIndex=0; fieldIndex=34				Mass Calibration Parameter (11)	raw	high		
status_tune_logs	tune.0.35	Tune data 0 Mass Calibration Parameter (12)	-1.15000000e-006		IRawDataPlus.GetTuneData	tuneDataIndex=0; fieldIndex=35				Mass Calibration Parameter (12)	raw	high		
status_tune_logs	tune.0.36	Tune data 0 Mass Calibration Parameter (13)	0.00000000e+000		IRawDataPlus.GetTuneData	tuneDataIndex=0; fieldIndex=36				Mass Calibration Parameter (13)	raw	high		
status_tune_logs	tune.0.37	Tune data 0 Mass Calibration Parameter (14)	-8.97572559e-013		IRawDataPlus.GetTuneData	tuneDataIndex=0; fieldIndex=37				Mass Calibration Parameter (14)	raw	high		
status_tune_logs	tune.0.38	Tune data 0 Mass Calibration Parameter (15)	1.59804327e+009		IRawDataPlus.GetTuneData	tuneDataIndex=0; fieldIndex=38				Mass Calibration Parameter (15)	raw	high		
status_tune_logs	tune.0.39	Tune data 0 Mass Calibration Parameter (16)	-6.44862503e-013		IRawDataPlus.GetTuneData	tuneDataIndex=0; fieldIndex=39				Mass Calibration Parameter (16)	raw	high		
status_tune_logs	tune.0.40	Tune data 0 Mass Calibration Parameter (17)	1.57421611e+009		IRawDataPlus.GetTuneData	tuneDataIndex=0; fieldIndex=40				Mass Calibration Parameter (17)	raw	high		
status_tune_logs	tune.0.41	Tune data 0 Mass Calibration Parameter (18)	0.00000000e+000		IRawDataPlus.GetTuneData	tuneDataIndex=0; fieldIndex=41				Mass Calibration Parameter (18)	raw	high		
status_tune_logs	tune.0.42	Tune data 0 Mass Calibration Parameter (19)	0.00000000e+000		IRawDataPlus.GetTuneData	tuneDataIndex=0; fieldIndex=42				Mass Calibration Parameter (19)	raw	high		
status_tune_logs	tune.0.43	Tune data 0 Mass Calibration Parameter (20)	0.00000000e+000		IRawDataPlus.GetTuneData	tuneDataIndex=0; fieldIndex=43				Mass Calibration Parameter (20)	raw	high		
status_tune_logs	tune.0.44	Tune data 0 Mass Calibration Parameter (21)	0.00000000e+000		IRawDataPlus.GetTuneData	tuneDataIndex=0; fieldIndex=44				Mass Calibration Parameter (21)	raw	high		
status_tune_logs	tune.0.45	Tune data 0 Mass Calibration Parameter (22)	0.00000000e+000		IRawDataPlus.GetTuneData	tuneDataIndex=0; fieldIndex=45				Mass Calibration Parameter (22)	raw	high		
status_tune_logs	tune.0.46	Tune data 0 Mass Calibration Parameter (23)	0.00000000e+000		IRawDataPlus.GetTuneData	tuneDataIndex=0; fieldIndex=46				Mass Calibration Parameter (23)	raw	high		
status_tune_logs	tune.0.47	Tune data 0 Mass Calibration Parameter (24)	0.00000000e+000		IRawDataPlus.GetTuneData	tuneDataIndex=0; fieldIndex=47				Mass Calibration Parameter (24)	raw	high		
status_tune_logs	tune.0.48	Tune data 0 Mass Calibration Parameter (25)	0.00000000e+000		IRawDataPlus.GetTuneData	tuneDataIndex=0; fieldIndex=48				Mass Calibration Parameter (25)	raw	high		
status_tune_logs	tune.0.49	Tune data 0 Mass Calibration Parameter (26)	0.00000000e+000		IRawDataPlus.GetTuneData	tuneDataIndex=0; fieldIndex=49				Mass Calibration Parameter (26)	raw	high		
status_tune_logs	tune.0.50	Tune data 0 Mass Calibration Parameter (27)	0.00000000e+000		IRawDataPlus.GetTuneData	tuneDataIndex=0; fieldIndex=50				Mass Calibration Parameter (27)	raw	high		
status_tune_logs	tune.0.51	Tune data 0 Mass Calibration Parameter (28)	0.00000000e+000		IRawDataPlus.GetTuneData	tuneDataIndex=0; fieldIndex=51				Mass Calibration Parameter (28)	raw	high		
status_tune_logs	tune.0.52	Tune data 0 Mass Calibration Parameter (29)	0.00000000e+000		IRawDataPlus.GetTuneData	tuneDataIndex=0; fieldIndex=52				Mass Calibration Parameter (29)	raw	high		
status_tune_logs	tune.0.53	Tune data 0 Mass Calibration Parameter (30)	4.20000000e+001		IRawDataPlus.GetTuneData	tuneDataIndex=0; fieldIndex=53				Mass Calibration Parameter (30)	raw	high		
status_tune_logs	tune.0.54	Tune data 0 Mass Calibration Parameter (31)	3.00000000e+000		IRawDataPlus.GetTuneData	tuneDataIndex=0; fieldIndex=54				Mass Calibration Parameter (31)	raw	high		
status_tune_logs	tune.0.55	Tune data 0 Mass Calibration Parameter (32)	1.00000000e+000		IRawDataPlus.GetTuneData	tuneDataIndex=0; fieldIndex=55				Mass Calibration Parameter (32)	raw	high		
status_tune_logs	tune.0.56	Tune data 0 Mass Calibration Parameter (33)	0.00000000e+000		IRawDataPlus.GetTuneData	tuneDataIndex=0; fieldIndex=56				Mass Calibration Parameter (33)	raw	high		
status_tune_logs	tune.0.57	Tune data 0 Mass Calibration Parameter (34)	3.66181135e+001		IRawDataPlus.GetTuneData	tuneDataIndex=0; fieldIndex=57				Mass Calibration Parameter (34)	raw	high		
status_tune_logs	tune.0.58	Tune data 0 Mass Calibration Parameter (35)	9.68038411e+005		IRawDataPlus.GetTuneData	tuneDataIndex=0; fieldIndex=58				Mass Calibration Parameter (35)	raw	high		
status_tune_logs	tune.0.59	Tune data 0 Mass Calibration Parameter (36)	9.68038411e+004		IRawDataPlus.GetTuneData	tuneDataIndex=0; fieldIndex=59				Mass Calibration Parameter (36)	raw	high		
status_tune_logs	tune.0.60	Tune data 0 Mass Calibration Parameter (37)	1.60000000e+003		IRawDataPlus.GetTuneData	tuneDataIndex=0; fieldIndex=60				Mass Calibration Parameter (37)	raw	high		
status_tune_logs	tune.0.61	Tune data 0 Mass Calibration Parameter (38)	1.28000000e+002		IRawDataPlus.GetTuneData	tuneDataIndex=0; fieldIndex=61				Mass Calibration Parameter (38)	raw	high		
status_tune_logs	tune.0.62	Tune data 0 Mass Calibration Parameter (39)	1.57421452e+009		IRawDataPlus.GetTuneData	tuneDataIndex=0; fieldIndex=62				Mass Calibration Parameter (39)	raw	high		
status_tune_logs	tune.0.63	Tune data 0 Mass Calibration Parameter (40)	6.00000000e+000		IRawDataPlus.GetTuneData	tuneDataIndex=0; fieldIndex=63				Mass Calibration Parameter (40)	raw	high		
status_tune_logs	tune.0.64	Tune data 0 Mass Calibration Parameter (41)	4.20338256e+001		IRawDataPlus.GetTuneData	tuneDataIndex=0; fieldIndex=64				Mass Calibration Parameter (41)	raw	high		
status_tune_logs	tune.0.65	Tune data 0 Mass Calibration Parameter (42)	2.00795280e+003		IRawDataPlus.GetTuneData	tuneDataIndex=0; fieldIndex=65				Mass Calibration Parameter (42)	raw	high		
status_tune_logs	tune.0.66	Tune data 0 Mass Calibration Parameter (43)	6.90447246e+001		IRawDataPlus.GetTuneData	tuneDataIndex=0; fieldIndex=66				Mass Calibration Parameter (43)	raw	high		
status_tune_logs	tune.0.67	Tune data 0 Mass Calibration Parameter (44)	1.56670814e+003		IRawDataPlus.GetTuneData	tuneDataIndex=0; fieldIndex=67				Mass Calibration Parameter (44)	raw	high		
status_tune_logs	tune.0.68	Tune data 0 Mass Calibration Parameter (45)	1.02127726e+002		IRawDataPlus.GetTuneData	tuneDataIndex=0; fieldIndex=68				Mass Calibration Parameter (45)	raw	high		
status_tune_logs	tune.0.69	Tune data 0 Mass Calibration Parameter (46)	1.28819487e+003		IRawDataPlus.GetTuneData	tuneDataIndex=0; fieldIndex=69				Mass Calibration Parameter (46)	raw	high		
status_tune_logs	tune.0.70	Tune data 0 Mass Calibration Parameter (47)	1.42159026e+002		IRawDataPlus.GetTuneData	tuneDataIndex=0; fieldIndex=70				Mass Calibration Parameter (47)	raw	high		
status_tune_logs	tune.0.71	Tune data 0 Mass Calibration Parameter (48)	1.09185777e+003		IRawDataPlus.GetTuneData	tuneDataIndex=0; fieldIndex=71				Mass Calibration Parameter (48)	raw	high		
status_tune_logs	tune.0.72	Tune data 0 Mass Calibration Parameter (49)	1.95087652e+002		IRawDataPlus.GetTuneData	tuneDataIndex=0; fieldIndex=72				Mass Calibration Parameter (49)	raw	high		
status_tune_logs	tune.0.73	Tune data 0 Mass Calibration Parameter (50)	9.32047966e+002		IRawDataPlus.GetTuneData	tuneDataIndex=0; fieldIndex=73				Mass Calibration Parameter (50)	raw	high		
status_tune_logs	tune.0.74	Tune data 0 Mass Calibration Parameter (51)	2.62636121e+002		IRawDataPlus.GetTuneData	tuneDataIndex=0; fieldIndex=74				Mass Calibration Parameter (51)	raw	high		
status_tune_logs	tune.0.75	Tune data 0 Mass Calibration Parameter (52)	8.03296392e+002		IRawDataPlus.GetTuneData	tuneDataIndex=0; fieldIndex=75				Mass Calibration Parameter (52)	raw	high		
status_tune_logs	tune.0.76	Tune data 0 Mass Calibration Parameter (53)	1.00000000e+000		IRawDataPlus.GetTuneData	tuneDataIndex=0; fieldIndex=76				Mass Calibration Parameter (53)	raw	high		
status_tune_logs	tune.0.77	Tune data 0 Mass Calibration Parameter (54)	0.00000000e+000		IRawDataPlus.GetTuneData	tuneDataIndex=0; fieldIndex=77				Mass Calibration Parameter (54)	raw	high		
status_tune_logs	tune.0.78	Tune data 0 Mass Calibration Parameter (55)	3.72860805e+001		IRawDataPlus.GetTuneData	tuneDataIndex=0; fieldIndex=78				Mass Calibration Parameter (55)	raw	high		
status_tune_logs	tune.0.79	Tune data 0 Mass Calibration Parameter (56)	9.28279750e+005		IRawDataPlus.GetTuneData	tuneDataIndex=0; fieldIndex=79				Mass Calibration Parameter (56)	raw	high		
status_tune_logs	tune.0.80	Tune data 0 Mass Calibration Parameter (57)	9.28279750e+004		IRawDataPlus.GetTuneData	tuneDataIndex=0; fieldIndex=80				Mass Calibration Parameter (57)	raw	high		
status_tune_logs	tune.0.81	Tune data 0 Mass Calibration Parameter (58)	1.60000000e+003		IRawDataPlus.GetTuneData	tuneDataIndex=0; fieldIndex=81				Mass Calibration Parameter (58)	raw	high		
status_tune_logs	tune.0.82	Tune data 0 Mass Calibration Parameter (59)	1.28000000e+002		IRawDataPlus.GetTuneData	tuneDataIndex=0; fieldIndex=82				Mass Calibration Parameter (59)	raw	high		
status_tune_logs	tune.0.83	Tune data 0 Mass Calibration Parameter (60)	1.59804624e+009		IRawDataPlus.GetTuneData	tuneDataIndex=0; fieldIndex=83				Mass Calibration Parameter (60)	raw	high		
status_tune_logs	tune.0.84	Tune data 0 Mass Calibration Parameter (61)	5.00000000e+000		IRawDataPlus.GetTuneData	tuneDataIndex=0; fieldIndex=84				Mass Calibration Parameter (61)	raw	high		
status_tune_logs	tune.0.85	Tune data 0 Mass Calibration Parameter (62)	4.20338256e+001		IRawDataPlus.GetTuneData	tuneDataIndex=0; fieldIndex=85				Mass Calibration Parameter (62)	raw	high		
status_tune_logs	tune.0.86	Tune data 0 Mass Calibration Parameter (63)	2.00800437e+003		IRawDataPlus.GetTuneData	tuneDataIndex=0; fieldIndex=86				Mass Calibration Parameter (63)	raw	high		
status_tune_logs	tune.0.87	Tune data 0 Mass Calibration Parameter (64)	6.90447246e+001		IRawDataPlus.GetTuneData	tuneDataIndex=0; fieldIndex=87				Mass Calibration Parameter (64)	raw	high		
status_tune_logs	tune.0.88	Tune data 0 Mass Calibration Parameter (65)	1.56674833e+003		IRawDataPlus.GetTuneData	tuneDataIndex=0; fieldIndex=88				Mass Calibration Parameter (65)	raw	high		
status_tune_logs	tune.0.89	Tune data 0 Mass Calibration Parameter (66)	1.42159026e+002		IRawDataPlus.GetTuneData	tuneDataIndex=0; fieldIndex=89				Mass Calibration Parameter (66)	raw	high		
status_tune_logs	tune.0.90	Tune data 0 Mass Calibration Parameter (67)	1.09188562e+003		IRawDataPlus.GetTuneData	tuneDataIndex=0; fieldIndex=90				Mass Calibration Parameter (67)	raw	high		
status_tune_logs	tune.0.91	Tune data 0 Mass Calibration Parameter (68)	1.95087652e+002		IRawDataPlus.GetTuneData	tuneDataIndex=0; fieldIndex=91				Mass Calibration Parameter (68)	raw	high		
status_tune_logs	tune.0.92	Tune data 0 Mass Calibration Parameter (69)	9.32071746e+002		IRawDataPlus.GetTuneData	tuneDataIndex=0; fieldIndex=92				Mass Calibration Parameter (69)	raw	high		
status_tune_logs	tune.0.93	Tune data 0 Mass Calibration Parameter (70)	2.62636121e+002		IRawDataPlus.GetTuneData	tuneDataIndex=0; fieldIndex=93				Mass Calibration Parameter (70)	raw	high		
status_tune_logs	tune.0.94	Tune data 0 Mass Calibration Parameter (71)	8.03316921e+002		IRawDataPlus.GetTuneData	tuneDataIndex=0; fieldIndex=94				Mass Calibration Parameter (71)	raw	high		
status_tune_logs	tune.0.95	Tune data 0 Mass Calibration Parameter (72)	1.00000000e+000		IRawDataPlus.GetTuneData	tuneDataIndex=0; fieldIndex=95				Mass Calibration Parameter (72)	raw	high		
status_tune_logs	tune.0.96	Tune data 0 Mass Calibration Parameter (73)	0.00000000e+000		IRawDataPlus.GetTuneData	tuneDataIndex=0; fieldIndex=96				Mass Calibration Parameter (73)	raw	high		
status_tune_logs	tune.0.97	Tune data 0 Mass Calibration Parameter (74)	3.72885114e+001		IRawDataPlus.GetTuneData	tuneDataIndex=0; fieldIndex=97				Mass Calibration Parameter (74)	raw	high		
status_tune_logs	tune.0.98	Tune data 0 Mass Calibration Parameter (75)	1.14965193e+006		IRawDataPlus.GetTuneData	tuneDataIndex=0; fieldIndex=98				Mass Calibration Parameter (75)	raw	high		
status_tune_logs	tune.0.99	Tune data 0 Mass Calibration Parameter (76)	1.14965193e+005		IRawDataPlus.GetTuneData	tuneDataIndex=0; fieldIndex=99				Mass Calibration Parameter (76)	raw	high		
status_tune_logs	tune.0.100	Tune data 0 Mass Calibration Parameter (77)	1.60000000e+003		IRawDataPlus.GetTuneData	tuneDataIndex=0; fieldIndex=100				Mass Calibration Parameter (77)	raw	high		
status_tune_logs	tune.0.101	Tune data 0 Mass Calibration Parameter (78)	1.28000000e+002		IRawDataPlus.GetTuneData	tuneDataIndex=0; fieldIndex=101				Mass Calibration Parameter (78)	raw	high		
status_tune_logs	tune.0.102	Tune data 0 Mass Calibration Parameter (79)	1.59804625e+009		IRawDataPlus.GetTuneData	tuneDataIndex=0; fieldIndex=102				Mass Calibration Parameter (79)	raw	high		
status_tune_logs	tune.0.103	Tune data 0 Mass Calibration Parameter (80)	9.00000000e+000		IRawDataPlus.GetTuneData	tuneDataIndex=0; fieldIndex=103				Mass Calibration Parameter (80)	raw	high		
status_tune_logs	tune.0.104	Tune data 0 Mass Calibration Parameter (81)	1.95087652e+002		IRawDataPlus.GetTuneData	tuneDataIndex=0; fieldIndex=104				Mass Calibration Parameter (81)	raw	high		
status_tune_logs	tune.0.105	Tune data 0 Mass Calibration Parameter (82)	9.32071626e+002		IRawDataPlus.GetTuneData	tuneDataIndex=0; fieldIndex=105				Mass Calibration Parameter (82)	raw	high		
status_tune_logs	tune.0.106	Tune data 0 Mass Calibration Parameter (83)	3.22048121e+002		IRawDataPlus.GetTuneData	tuneDataIndex=0; fieldIndex=106				Mass Calibration Parameter (83)	raw	high		
status_tune_logs	tune.0.107	Tune data 0 Mass Calibration Parameter (84)	7.25443457e+002		IRawDataPlus.GetTuneData	tuneDataIndex=0; fieldIndex=107				Mass Calibration Parameter (84)	raw	high		
status_tune_logs	tune.0.108	Tune data 0 Mass Calibration Parameter (85)	5.24264965e+002		IRawDataPlus.GetTuneData	tuneDataIndex=0; fieldIndex=108				Mass Calibration Parameter (85)	raw	high		
status_tune_logs	tune.0.109	Tune data 0 Mass Calibration Parameter (86)	5.68575651e+002		IRawDataPlus.GetTuneData	tuneDataIndex=0; fieldIndex=109				Mass Calibration Parameter (86)	raw	high		
status_tune_logs	tune.0.110	Tune data 0 Mass Calibration Parameter (87)	6.22028960e+002		IRawDataPlus.GetTuneData	tuneDataIndex=0; fieldIndex=110				Mass Calibration Parameter (87)	raw	high		
status_tune_logs	tune.0.111	Tune data 0 Mass Calibration Parameter (88)	5.21985323e+002		IRawDataPlus.GetTuneData	tuneDataIndex=0; fieldIndex=111				Mass Calibration Parameter (88)	raw	high		
status_tune_logs	tune.0.112	Tune data 0 Mass Calibration Parameter (89)	9.22009798e+002		IRawDataPlus.GetTuneData	tuneDataIndex=0; fieldIndex=112				Mass Calibration Parameter (89)	raw	high		
status_tune_logs	tune.0.113	Tune data 0 Mass Calibration Parameter (90)	4.28741948e+002		IRawDataPlus.GetTuneData	tuneDataIndex=0; fieldIndex=113				Mass Calibration Parameter (90)	raw	high		
status_tune_logs	tune.0.114	Tune data 0 Mass Calibration Parameter (91)	1.22199064e+003		IRawDataPlus.GetTuneData	tuneDataIndex=0; fieldIndex=114				Mass Calibration Parameter (91)	raw	high		
status_tune_logs	tune.0.115	Tune data 0 Mass Calibration Parameter (92)	3.72417422e+002		IRawDataPlus.GetTuneData	tuneDataIndex=0; fieldIndex=115				Mass Calibration Parameter (92)	raw	high		
status_tune_logs	tune.0.116	Tune data 0 Mass Calibration Parameter (93)	1.52197147e+003		IRawDataPlus.GetTuneData	tuneDataIndex=0; fieldIndex=116				Mass Calibration Parameter (93)	raw	high		
status_tune_logs	tune.0.117	Tune data 0 Mass Calibration Parameter (94)	3.33703587e+002		IRawDataPlus.GetTuneData	tuneDataIndex=0; fieldIndex=117				Mass Calibration Parameter (94)	raw	high		
status_tune_logs	tune.0.118	Tune data 0 Mass Calibration Parameter (95)	1.62196509e+003		IRawDataPlus.GetTuneData	tuneDataIndex=0; fieldIndex=118				Mass Calibration Parameter (95)	raw	high		
status_tune_logs	tune.0.119	Tune data 0 Mass Calibration Parameter (96)	3.23253606e+002		IRawDataPlus.GetTuneData	tuneDataIndex=0; fieldIndex=119				Mass Calibration Parameter (96)	raw	high		
status_tune_logs	tune.0.120	Tune data 0 Mass Calibration Parameter (97)	1.72195870e+003		IRawDataPlus.GetTuneData	tuneDataIndex=0; fieldIndex=120				Mass Calibration Parameter (97)	raw	high		
status_tune_logs	tune.0.121	Tune data 0 Mass Calibration Parameter (98)	3.13727641e+002		IRawDataPlus.GetTuneData	tuneDataIndex=0; fieldIndex=121				Mass Calibration Parameter (98)	raw	high		
status_tune_logs	tune.0.122	Tune data 0 Mass Calibration Parameter (99)	2.00000000e+000		IRawDataPlus.GetTuneData	tuneDataIndex=0; fieldIndex=122				Mass Calibration Parameter (99)	raw	high		
status_tune_logs	tune.0.123	Tune data 0 Mass Calibration Parameter (100)	1.00000000e+000		IRawDataPlus.GetTuneData	tuneDataIndex=0; fieldIndex=123				Mass Calibration Parameter (100)	raw	high		
status_tune_logs	tune.0.124	Tune data 0 Mass Calibration Parameter (101)	1.00000000e+000		IRawDataPlus.GetTuneData	tuneDataIndex=0; fieldIndex=124				Mass Calibration Parameter (101)	raw	high		
status_tune_logs	tune.0.125	Tune data 0 Mass Calibration Parameter (102)	3.68300892e+001		IRawDataPlus.GetTuneData	tuneDataIndex=0; fieldIndex=125				Mass Calibration Parameter (102)	raw	high		
status_tune_logs	tune.0.126	Tune data 0 Mass Calibration Parameter (103)	9.34529097e+005		IRawDataPlus.GetTuneData	tuneDataIndex=0; fieldIndex=126				Mass Calibration Parameter (103)	raw	high		
status_tune_logs	tune.0.127	Tune data 0 Mass Calibration Parameter (104)	9.34529097e+004		IRawDataPlus.GetTuneData	tuneDataIndex=0; fieldIndex=127				Mass Calibration Parameter (104)	raw	high		
status_tune_logs	tune.0.128	Tune data 0 Mass Calibration Parameter (105)	1.60000000e+003		IRawDataPlus.GetTuneData	tuneDataIndex=0; fieldIndex=128				Mass Calibration Parameter (105)	raw	high		
status_tune_logs	tune.0.129	Tune data 0 Mass Calibration Parameter (106)	1.28000000e+002		IRawDataPlus.GetTuneData	tuneDataIndex=0; fieldIndex=129				Mass Calibration Parameter (106)	raw	high		
status_tune_logs	tune.0.130	Tune data 0 Mass Calibration Parameter (107)	1.57421828e+009		IRawDataPlus.GetTuneData	tuneDataIndex=0; fieldIndex=130				Mass Calibration Parameter (107)	raw	high		
status_tune_logs	tune.0.131	Tune data 0 Mass Calibration Parameter (108)	5.00000000e+000		IRawDataPlus.GetTuneData	tuneDataIndex=0; fieldIndex=131				Mass Calibration Parameter (108)	raw	high		
status_tune_logs	tune.0.132	Tune data 0 Mass Calibration Parameter (109)	5.90138529e+001		IRawDataPlus.GetTuneData	tuneDataIndex=0; fieldIndex=132				Mass Calibration Parameter (109)	raw	high		
status_tune_logs	tune.0.133	Tune data 0 Mass Calibration Parameter (110)	1.69461192e+003		IRawDataPlus.GetTuneData	tuneDataIndex=0; fieldIndex=133				Mass Calibration Parameter (110)	raw	high		
status_tune_logs	tune.0.134	Tune data 0 Mass Calibration Parameter (111)	6.89957582e+001		IRawDataPlus.GetTuneData	tuneDataIndex=0; fieldIndex=134				Mass Calibration Parameter (111)	raw	high		
status_tune_logs	tune.0.135	Tune data 0 Mass Calibration Parameter (112)	1.56724250e+003		IRawDataPlus.GetTuneData	tuneDataIndex=0; fieldIndex=135				Mass Calibration Parameter (112)	raw	high		
status_tune_logs	tune.0.136	Tune data 0 Mass Calibration Parameter (113)	1.12985587e+002		IRawDataPlus.GetTuneData	tuneDataIndex=0; fieldIndex=136				Mass Calibration Parameter (113)	raw	high		
status_tune_logs	tune.0.137	Tune data 0 Mass Calibration Parameter (114)	1.22471693e+003		IRawDataPlus.GetTuneData	tuneDataIndex=0; fieldIndex=137				Mass Calibration Parameter (114)	raw	high		
status_tune_logs	tune.0.138	Tune data 0 Mass Calibration Parameter (115)	1.62982394e+002		IRawDataPlus.GetTuneData	tuneDataIndex=0; fieldIndex=138				Mass Calibration Parameter (115)	raw	high		
status_tune_logs	tune.0.139	Tune data 0 Mass Calibration Parameter (116)	1.01970995e+003		IRawDataPlus.GetTuneData	tuneDataIndex=0; fieldIndex=139				Mass Calibration Parameter (116)	raw	high		
status_tune_logs	tune.0.140	Tune data 0 Mass Calibration Parameter (117)	3.18979790e+002		IRawDataPlus.GetTuneData	tuneDataIndex=0; fieldIndex=140				Mass Calibration Parameter (117)	raw	high		
status_tune_logs	tune.0.141	Tune data 0 Mass Calibration Parameter (118)	7.28894946e+002		IRawDataPlus.GetTuneData	tuneDataIndex=0; fieldIndex=141				Mass Calibration Parameter (118)	raw	high		
status_tune_logs	tune.0.142	Tune data 0 Mass Calibration Parameter (119)	1.00000000e+000		IRawDataPlus.GetTuneData	tuneDataIndex=0; fieldIndex=142				Mass Calibration Parameter (119)	raw	high		
status_tune_logs	tune.0.143	Tune data 0 PrOSA Scale (+)	4.968		IRawDataPlus.GetTuneData	tuneDataIndex=0; fieldIndex=143				PrOSA Scale (+)	raw	high		
status_tune_logs	tune.0.144	Tune data 0 PrOSA Scale (-)	8.525		IRawDataPlus.GetTuneData	tuneDataIndex=0; fieldIndex=144				PrOSA Scale (-)	raw	high		
status_tune_logs	tune.0.145	Tune data 0 PrOSA Para (+)	0.800		IRawDataPlus.GetTuneData	tuneDataIndex=0; fieldIndex=145				PrOSA Para (+)	raw	high		
status_tune_logs	tune.0.146	Tune data 0 PrOSA Para (-)	0.500		IRawDataPlus.GetTuneData	tuneDataIndex=0; fieldIndex=146				PrOSA Para (-)	raw	high		
status_tune_logs	tune.0.147	Tune data 0 Quad RF Frequency (kHz)	862.3		IRawDataPlus.GetTuneData	tuneDataIndex=0; fieldIndex=147				Quad RF Frequency (kHz)	raw	high		
status_tune_logs	tune.0.148	Tune data 0 Iso Rod Togle Inp.	1		IRawDataPlus.GetTuneData	tuneDataIndex=0; fieldIndex=148				Iso Rod Togle Inp.	raw	high		
status_tune_logs	tune.0.149	Tune data 0 HCD NCE Scl Coeff 0	1.55		IRawDataPlus.GetTuneData	tuneDataIndex=0; fieldIndex=149				HCD NCE Scl Coeff 0	raw	high		
status_tune_logs	tune.0.150	Tune data 0 HCD NCE Scl Coeff 1	0.00		IRawDataPlus.GetTuneData	tuneDataIndex=0; fieldIndex=150				HCD NCE Scl Coeff 1	raw	high		
status_tune_logs	tune.0.151	Tune data 0 HCD Vlt Scl Coeff 0	0.00		IRawDataPlus.GetTuneData	tuneDataIndex=0; fieldIndex=151				HCD Vlt Scl Coeff 0	raw	high		
status_tune_logs	tune.0.152	Tune data 0 HCD Vlt Scl Coeff 1	0.00		IRawDataPlus.GetTuneData	tuneDataIndex=0; fieldIndex=152				HCD Vlt Scl Coeff 1	raw	high		
status_tune_logs	tune.0.153	Tune data 0 HCD Vlt Scl Coeff 2	0.00		IRawDataPlus.GetTuneData	tuneDataIndex=0; fieldIndex=153				HCD Vlt Scl Coeff 2	raw	high		
status_tune_logs	tune.0.154	Tune data 0 CLT GND Voltage (+)	0.00		IRawDataPlus.GetTuneData	tuneDataIndex=0; fieldIndex=154				CLT GND Voltage (+)	raw	high		
status_tune_logs	tune.0.155	Tune data 0 CLT GND Voltage (-)	0.00		IRawDataPlus.GetTuneData	tuneDataIndex=0; fieldIndex=155				CLT GND Voltage (-)	raw	high		
status_tune_logs	tune.0.156	Tune data 0 CLT Offset Voltage (+)	1595.0		IRawDataPlus.GetTuneData	tuneDataIndex=0; fieldIndex=156				CLT Offset Voltage (+)	raw	high		
status_tune_logs	tune.0.157	Tune data 0 CLT Offset Voltage (-)	-1595.0		IRawDataPlus.GetTuneData	tuneDataIndex=0; fieldIndex=157				CLT Offset Voltage (-)	raw	high		
status_tune_logs	tune.0.158	Tune data 0 De-Inject Voltage (+)	0.0		IRawDataPlus.GetTuneData	tuneDataIndex=0; fieldIndex=158				De-Inject Voltage (+)	raw	high		
status_tune_logs	tune.0.159	Tune data 0 De-Inject Voltage (-)	0.0		IRawDataPlus.GetTuneData	tuneDataIndex=0; fieldIndex=159				De-Inject Voltage (-)	raw	high		
status_tune_logs	tune.0.160	Tune data 0 De-Measure Voltage (+)	550.0		IRawDataPlus.GetTuneData	tuneDataIndex=0; fieldIndex=160				De-Measure Voltage (+)	raw	high		
status_tune_logs	tune.0.161	Tune data 0 De-Measure Voltage (-)	-550.0		IRawDataPlus.GetTuneData	tuneDataIndex=0; fieldIndex=161				De-Measure Voltage (-)	raw	high		
status_tune_logs	tune.0.162	Tune data 0 CE-Inject Voltage (+)	3075.0		IRawDataPlus.GetTuneData	tuneDataIndex=0; fieldIndex=162				CE-Inject Voltage (+)	raw	high		
status_tune_logs	tune.0.163	Tune data 0 CE-Inject Voltage (-)	3075.0		IRawDataPlus.GetTuneData	tuneDataIndex=0; fieldIndex=163				CE-Inject Voltage (-)	raw	high		
status_tune_logs	tune.0.165	Tune data 0 PhiSDM c0 (0,+)	0.000		IRawDataPlus.GetTuneData	tuneDataIndex=0; fieldIndex=165				PhiSDM c0 (0,+)	raw	high		
status_tune_logs	tune.0.166	Tune data 0 PhiSDM c1 (0,+)	0.000		IRawDataPlus.GetTuneData	tuneDataIndex=0; fieldIndex=166				PhiSDM c1 (0,+)	raw	high		
status_tune_logs	tune.0.167	Tune data 0 PhiSDM c2 (0,+)	0.000		IRawDataPlus.GetTuneData	tuneDataIndex=0; fieldIndex=167				PhiSDM c2 (0,+)	raw	high		
status_tune_logs	tune.0.168	Tune data 0 PhiSDM fm (0,+)	0.000		IRawDataPlus.GetTuneData	tuneDataIndex=0; fieldIndex=168				PhiSDM fm (0,+)	raw	high		
status_tune_logs	tune.0.169	Tune data 0 PhiSDM c0 (1,+)	2.118		IRawDataPlus.GetTuneData	tuneDataIndex=0; fieldIndex=169				PhiSDM c0 (1,+)	raw	high		
status_tune_logs	tune.0.170	Tune data 0 PhiSDM c1 (1,+)	-49.588		IRawDataPlus.GetTuneData	tuneDataIndex=0; fieldIndex=170				PhiSDM c1 (1,+)	raw	high		
status_tune_logs	tune.0.171	Tune data 0 PhiSDM c2 (1,+)	-0.865		IRawDataPlus.GetTuneData	tuneDataIndex=0; fieldIndex=171				PhiSDM c2 (1,+)	raw	high		
status_tune_logs	tune.0.172	Tune data 0 PhiSDM fm (1,+)	4096.000		IRawDataPlus.GetTuneData	tuneDataIndex=0; fieldIndex=172				PhiSDM fm (1,+)	raw	high		
status_tune_logs	tune.0.173	Tune data 0 PhiSDM c0 (2,+)	0.000		IRawDataPlus.GetTuneData	tuneDataIndex=0; fieldIndex=173				PhiSDM c0 (2,+)	raw	high		
status_tune_logs	tune.0.174	Tune data 0 PhiSDM c1 (2,+)	0.000		IRawDataPlus.GetTuneData	tuneDataIndex=0; fieldIndex=174				PhiSDM c1 (2,+)	raw	high		
status_tune_logs	tune.0.175	Tune data 0 PhiSDM c2 (2,+)	0.000		IRawDataPlus.GetTuneData	tuneDataIndex=0; fieldIndex=175				PhiSDM c2 (2,+)	raw	high		
status_tune_logs	tune.0.176	Tune data 0 PhiSDM fm (2,+)	0.000		IRawDataPlus.GetTuneData	tuneDataIndex=0; fieldIndex=176				PhiSDM fm (2,+)	raw	high		
status_tune_logs	tune.0.177	Tune data 0 PhiSDM c0 (0,-)	0.000		IRawDataPlus.GetTuneData	tuneDataIndex=0; fieldIndex=177				PhiSDM c0 (0,-)	raw	high		
status_tune_logs	tune.0.178	Tune data 0 PhiSDM c1 (0,-)	0.000		IRawDataPlus.GetTuneData	tuneDataIndex=0; fieldIndex=178				PhiSDM c1 (0,-)	raw	high		
status_tune_logs	tune.0.179	Tune data 0 PhiSDM c2 (0,-)	0.000		IRawDataPlus.GetTuneData	tuneDataIndex=0; fieldIndex=179				PhiSDM c2 (0,-)	raw	high		
status_tune_logs	tune.0.180	Tune data 0 PhiSDM fm (0,-)	0.000		IRawDataPlus.GetTuneData	tuneDataIndex=0; fieldIndex=180				PhiSDM fm (0,-)	raw	high		
status_tune_logs	tune.0.181	Tune data 0 PhiSDM c0 (1,-)	0.000		IRawDataPlus.GetTuneData	tuneDataIndex=0; fieldIndex=181				PhiSDM c0 (1,-)	raw	high		
status_tune_logs	tune.0.182	Tune data 0 PhiSDM c1 (1,-)	0.000		IRawDataPlus.GetTuneData	tuneDataIndex=0; fieldIndex=182				PhiSDM c1 (1,-)	raw	high		
status_tune_logs	tune.0.183	Tune data 0 PhiSDM c2 (1,-)	0.000		IRawDataPlus.GetTuneData	tuneDataIndex=0; fieldIndex=183				PhiSDM c2 (1,-)	raw	high		
status_tune_logs	tune.0.184	Tune data 0 PhiSDM fm (1,-)	0.000		IRawDataPlus.GetTuneData	tuneDataIndex=0; fieldIndex=184				PhiSDM fm (1,-)	raw	high		
status_tune_logs	tune.0.185	Tune data 0 PhiSDM c0 (2,-)	0.000		IRawDataPlus.GetTuneData	tuneDataIndex=0; fieldIndex=185				PhiSDM c0 (2,-)	raw	high		
status_tune_logs	tune.0.186	Tune data 0 PhiSDM c1 (2,-)	0.000		IRawDataPlus.GetTuneData	tuneDataIndex=0; fieldIndex=186				PhiSDM c1 (2,-)	raw	high		
status_tune_logs	tune.0.187	Tune data 0 PhiSDM c2 (2,-)	0.000		IRawDataPlus.GetTuneData	tuneDataIndex=0; fieldIndex=187				PhiSDM c2 (2,-)	raw	high		
status_tune_logs	tune.0.188	Tune data 0 PhiSDM fm (2,-)	0.000		IRawDataPlus.GetTuneData	tuneDataIndex=0; fieldIndex=188				PhiSDM fm (2,-)	raw	high		
status_tune_logs	tune.0.190	Tune data 0 Temp Sensor Mode	0		IRawDataPlus.GetTuneData	tuneDataIndex=0; fieldIndex=190				Temp Sensor Mode	raw	high		
status_tune_logs	tune.0.192	Tune data 0 SW Version	2.0-2.0.122.11/2.0.182.18		IRawDataPlus.GetTuneData	tuneDataIndex=0; fieldIndex=192				SW Version	raw	high		
status_tune_logs	tune.0.193	Tune data 0 Model	Orbitrap Exploris 480		IRawDataPlus.GetTuneData	tuneDataIndex=0; fieldIndex=193				Model	raw	high		
status_tune_logs	tune.0.194	Tune data 0 Instrument	Orbitrap Exploris Slot #0057		IRawDataPlus.GetTuneData	tuneDataIndex=0; fieldIndex=194				Instrument	raw	high		
status_tune_logs	tune.0.195	Tune data 0 Hardware Id	C1DDC640E192		IRawDataPlus.GetTuneData	tuneDataIndex=0; fieldIndex=195				Hardware Id	raw	high		
status_tune_logs	tune.0.196	Tune data 0 IID SUPPORT	0100		IRawDataPlus.GetTuneData	tuneDataIndex=0; fieldIndex=196				IID SUPPORT	raw	high		
status_tune_logs	tune.0.197	Tune data 0 IID MODEL	05500400		IRawDataPlus.GetTuneData	tuneDataIndex=0; fieldIndex=197				IID MODEL	raw	high		
status_tune_logs	tune.0.198	Tune data 0 IID ITYPE	2000		IRawDataPlus.GetTuneData	tuneDataIndex=0; fieldIndex=198				IID ITYPE	raw	high		
status_tune_logs	tune.0.199	Tune data 0 IID INL	3200		IRawDataPlus.GetTuneData	tuneDataIndex=0; fieldIndex=199				IID INL	raw	high		
status_tune_logs	tune.0.200	Tune data 0 IID HWCAL	0000		IRawDataPlus.GetTuneData	tuneDataIndex=0; fieldIndex=200				IID HWCAL	raw	high		
status_tune_logs	tune.0.201	Tune data 0 IID ISO-Q	2202		IRawDataPlus.GetTuneData	tuneDataIndex=0; fieldIndex=201				IID ISO-Q	raw	high		
status_tune_logs	tune.0.202	Tune data 0 IID HCDCELL	4001		IRawDataPlus.GetTuneData	tuneDataIndex=0; fieldIndex=202				IID HCDCELL	raw	high		
status_tune_logs	tune.0.203	Tune data 0 IID HCDSCL	2100		IRawDataPlus.GetTuneData	tuneDataIndex=0; fieldIndex=203				IID HCDSCL	raw	high		
status_tune_logs	tune.0.204	Tune data 0 IID MA-OT	4100		IRawDataPlus.GetTuneData	tuneDataIndex=0; fieldIndex=204				IID MA-OT	raw	high		
status_tune_logs	tune.0.205	Tune data 0 IID HWCHDET	2001		IRawDataPlus.GetTuneData	tuneDataIndex=0; fieldIndex=205				IID HWCHDET	raw	high		
status_tune_logs	tune.0.206	Tune data 0 IID MZRANGE	2000		IRawDataPlus.GetTuneData	tuneDataIndex=0; fieldIndex=206				IID MZRANGE	raw	high		
status_tune_logs	tune.0.207	Tune data 0 IID METH	6005		IRawDataPlus.GetTuneData	tuneDataIndex=0; fieldIndex=207				IID METH	raw	high		
status_tune_logs	tune.0.208	Tune data 0 IID OT-FSD	1000		IRawDataPlus.GetTuneData	tuneDataIndex=0; fieldIndex=208				IID OT-FSD	raw	high		
status_tune_logs	tune.0.210	Tune data 0 HW ID Hash	a1eca8fbb19a5d25c2e289e39cdddb8126029961		IRawDataPlus.GetTuneData	tuneDataIndex=0; fieldIndex=210				HW ID Hash	raw	high		
status_tune_logs	tune.0.formatted_values	Tune data 0 formatted values	ThermoFisher.CommonCore.Data.Business.TuneDataValues		IRawDataPlus.GetTuneDataValues	tuneDataIndex=0; formatted=true					raw	high		
trailer_extra	trailer.header.0	Trailer extra field 0	Scan Description:		IRawDataPlus.GetTrailerExtraHeaderInformation()	fieldIndex=0				Scan Description:	raw	high		dataType=CHAR_STRING
trailer_extra	trailer.header.1	Trailer extra field 1	Multiple Injection:		IRawDataPlus.GetTrailerExtraHeaderInformation()	fieldIndex=1				Multiple Injection:	raw	high		dataType=CHAR_STRING
trailer_extra	trailer.header.2	Trailer extra field 2	Multi Inject Info:		IRawDataPlus.GetTrailerExtraHeaderInformation()	fieldIndex=2				Multi Inject Info:	raw	high		dataType=CHAR_STRING
trailer_extra	trailer.header.3	Trailer extra field 3	AGC:		IRawDataPlus.GetTrailerExtraHeaderInformation()	fieldIndex=3				AGC:	raw	high		dataType=ONOFF
trailer_extra	trailer.header.4	Trailer extra field 4	Micro Scan Count:		IRawDataPlus.GetTrailerExtraHeaderInformation()	fieldIndex=4				Micro Scan Count:	raw	high		dataType=LONG
trailer_extra	trailer.header.5	Trailer extra field 5	Scan Segment:		IRawDataPlus.GetTrailerExtraHeaderInformation()	fieldIndex=5				Scan Segment:	raw	high		dataType=LONG
trailer_extra	trailer.header.6	Trailer extra field 6	Scan Event:		IRawDataPlus.GetTrailerExtraHeaderInformation()	fieldIndex=6				Scan Event:	raw	high		dataType=LONG
trailer_extra	trailer.header.7	Trailer extra field 7	Master Index:		IRawDataPlus.GetTrailerExtraHeaderInformation()	fieldIndex=7				Master Index:	raw	high		dataType=LONG
trailer_extra	trailer.header.8	Trailer extra field 8	Master Scan Number:		IRawDataPlus.GetTrailerExtraHeaderInformation()	fieldIndex=8				Master Scan Number:	raw	high		dataType=LONG
trailer_extra	trailer.header.9	Trailer extra field 9	Charge State:		IRawDataPlus.GetTrailerExtraHeaderInformation()	fieldIndex=9				Charge State:	raw	high		dataType=LONG
trailer_extra	trailer.header.10	Trailer extra field 10	Monoisotopic M/Z:		IRawDataPlus.GetTrailerExtraHeaderInformation()	fieldIndex=10				Monoisotopic M/Z:	raw	high		dataType=DOUBLE
trailer_extra	trailer.header.11	Trailer extra field 11	Error in isotopic envelope fit:		IRawDataPlus.GetTrailerExtraHeaderInformation()	fieldIndex=11				Error in isotopic envelope fit:	raw	high		dataType=DOUBLE
trailer_extra	trailer.header.12	Trailer extra field 12	Ion Injection Time (ms):		IRawDataPlus.GetTrailerExtraHeaderInformation()	fieldIndex=12				Ion Injection Time (ms):	raw	high		dataType=DOUBLE
trailer_extra	trailer.header.13	Trailer extra field 13	Max. Ion Time (ms):		IRawDataPlus.GetTrailerExtraHeaderInformation()	fieldIndex=13				Max. Ion Time (ms):	raw	high		dataType=DOUBLE
trailer_extra	trailer.header.14	Trailer extra field 14	FT Resolution:		IRawDataPlus.GetTrailerExtraHeaderInformation()	fieldIndex=14				FT Resolution:	raw	high		dataType=LONG
trailer_extra	trailer.header.15	Trailer extra field 15	MS2 Isolation Width:		IRawDataPlus.GetTrailerExtraHeaderInformation()	fieldIndex=15				MS2 Isolation Width:	raw	high		dataType=DOUBLE
trailer_extra	trailer.header.16	Trailer extra field 16	MS2 Isolation Offset:		IRawDataPlus.GetTrailerExtraHeaderInformation()	fieldIndex=16				MS2 Isolation Offset:	raw	high		dataType=DOUBLE
trailer_extra	trailer.header.17	Trailer extra field 17	AGC Target:		IRawDataPlus.GetTrailerExtraHeaderInformation()	fieldIndex=17				AGC Target:	raw	high		dataType=LONG
trailer_extra	trailer.header.18	Trailer extra field 18	HCD Energy:		IRawDataPlus.GetTrailerExtraHeaderInformation()	fieldIndex=18				HCD Energy:	raw	high		dataType=CHAR_STRING
trailer_extra	trailer.header.19	Trailer extra field 19	HCD Energy V:		IRawDataPlus.GetTrailerExtraHeaderInformation()	fieldIndex=19				HCD Energy V:	raw	high		dataType=CHAR_STRING
trailer_extra	trailer.header.20	Trailer extra field 20	Analyzer Temperature:		IRawDataPlus.GetTrailerExtraHeaderInformation()	fieldIndex=20				Analyzer Temperature:	raw	high		dataType=DOUBLE
trailer_extra	trailer.header.21	Trailer extra field 21	=== Mass Calibration: ===:		IRawDataPlus.GetTrailerExtraHeaderInformation()	fieldIndex=21				=== Mass Calibration: ===:	raw	high		dataType=NULL
trailer_extra	trailer.header.22	Trailer extra field 22	Conversion Parameter B:		IRawDataPlus.GetTrailerExtraHeaderInformation()	fieldIndex=22				Conversion Parameter B:	raw	high		dataType=DOUBLE
trailer_extra	trailer.header.23	Trailer extra field 23	Conversion Parameter C:		IRawDataPlus.GetTrailerExtraHeaderInformation()	fieldIndex=23				Conversion Parameter C:	raw	high		dataType=DOUBLE
trailer_extra	trailer.header.24	Trailer extra field 24	Temperature Comp. (ppm):		IRawDataPlus.GetTrailerExtraHeaderInformation()	fieldIndex=24				Temperature Comp. (ppm):	raw	high		dataType=DOUBLE
trailer_extra	trailer.header.25	Trailer extra field 25	RF Comp. (ppm):		IRawDataPlus.GetTrailerExtraHeaderInformation()	fieldIndex=25				RF Comp. (ppm):	raw	high		dataType=DOUBLE
trailer_extra	trailer.header.26	Trailer extra field 26	Space Charge Comp. (ppm):		IRawDataPlus.GetTrailerExtraHeaderInformation()	fieldIndex=26				Space Charge Comp. (ppm):	raw	high		dataType=DOUBLE
trailer_extra	trailer.header.27	Trailer extra field 27	Resolution Comp. (ppm):		IRawDataPlus.GetTrailerExtraHeaderInformation()	fieldIndex=27				Resolution Comp. (ppm):	raw	high		dataType=DOUBLE
trailer_extra	trailer.header.28	Trailer extra field 28	Number of Lock Masses:		IRawDataPlus.GetTrailerExtraHeaderInformation()	fieldIndex=28				Number of Lock Masses:	raw	high		dataType=LONG
trailer_extra	trailer.header.29	Trailer extra field 29	Lock Mass #1 (m/z):		IRawDataPlus.GetTrailerExtraHeaderInformation()	fieldIndex=29				Lock Mass #1 (m/z):	raw	high		dataType=DOUBLE
trailer_extra	trailer.header.30	Trailer extra field 30	Lock Mass #2 (m/z):		IRawDataPlus.GetTrailerExtraHeaderInformation()	fieldIndex=30				Lock Mass #2 (m/z):	raw	high		dataType=DOUBLE
trailer_extra	trailer.header.31	Trailer extra field 31	Lock Mass #3 (m/z):		IRawDataPlus.GetTrailerExtraHeaderInformation()	fieldIndex=31				Lock Mass #3 (m/z):	raw	high		dataType=DOUBLE
trailer_extra	trailer.header.32	Trailer extra field 32	LM Search Window (ppm):		IRawDataPlus.GetTrailerExtraHeaderInformation()	fieldIndex=32				LM Search Window (ppm):	raw	high		dataType=DOUBLE
trailer_extra	trailer.header.33	Trailer extra field 33	LM Search Window (mmu):		IRawDataPlus.GetTrailerExtraHeaderInformation()	fieldIndex=33				LM Search Window (mmu):	raw	high		dataType=DOUBLE
trailer_extra	trailer.header.34	Trailer extra field 34	Number of LM Found:		IRawDataPlus.GetTrailerExtraHeaderInformation()	fieldIndex=34				Number of LM Found:	raw	high		dataType=LONG
trailer_extra	trailer.header.35	Trailer extra field 35	Last Locking (sec):		IRawDataPlus.GetTrailerExtraHeaderInformation()	fieldIndex=35				Last Locking (sec):	raw	high		dataType=DOUBLE
trailer_extra	trailer.header.36	Trailer extra field 36	LM m/z-Correction (ppm):		IRawDataPlus.GetTrailerExtraHeaderInformation()	fieldIndex=36				LM m/z-Correction (ppm):	raw	high		dataType=DOUBLE
trailer_extra	trailer.header.37	Trailer extra field 37	=== Ion Optics Settings: ===:		IRawDataPlus.GetTrailerExtraHeaderInformation()	fieldIndex=37				=== Ion Optics Settings: ===:	raw	high		dataType=NULL
trailer_extra	trailer.header.38	Trailer extra field 38	Funnel RF Level:		IRawDataPlus.GetTrailerExtraHeaderInformation()	fieldIndex=38				Funnel RF Level:	raw	high		dataType=DOUBLE
trailer_extra	trailer.header.39	Trailer extra field 39	====  Diagnostic Data:  ====:		IRawDataPlus.GetTrailerExtraHeaderInformation()	fieldIndex=39				====  Diagnostic Data:  ====:	raw	high		dataType=NULL
trailer_extra	trailer.header.40	Trailer extra field 40	Application Mode:		IRawDataPlus.GetTrailerExtraHeaderInformation()	fieldIndex=40				Application Mode:	raw	high		dataType=CHAR_STRING
trailer_extra	trailer.header.41	Trailer extra field 41	Mild Trapping Mode:		IRawDataPlus.GetTrailerExtraHeaderInformation()	fieldIndex=41				Mild Trapping Mode:	raw	high		dataType=ONOFF
trailer_extra	trailer.header.42	Trailer extra field 42	APD:		IRawDataPlus.GetTrailerExtraHeaderInformation()	fieldIndex=42				APD:	raw	high		dataType=ONOFF
trailer_extra	trailer.header.43	Trailer extra field 43	OT Intens Comp Factor:		IRawDataPlus.GetTrailerExtraHeaderInformation()	fieldIndex=43				OT Intens Comp Factor:	raw	high		dataType=DOUBLE
trailer_extra	trailer.header.44	Trailer extra field 44	Res. Dep. Intens:		IRawDataPlus.GetTrailerExtraHeaderInformation()	fieldIndex=44				Res. Dep. Intens:	raw	high		dataType=DOUBLE
trailer_extra	trailer.header.45	Trailer extra field 45	Q Trans Comp:		IRawDataPlus.GetTrailerExtraHeaderInformation()	fieldIndex=45				Q Trans Comp:	raw	high		dataType=DOUBLE
trailer_extra	trailer.header.46	Trailer extra field 46	PrOSA NumF:		IRawDataPlus.GetTrailerExtraHeaderInformation()	fieldIndex=46				PrOSA NumF:	raw	high		dataType=LONG
trailer_extra	trailer.header.47	Trailer extra field 47	PrOSA Comp:		IRawDataPlus.GetTrailerExtraHeaderInformation()	fieldIndex=47				PrOSA Comp:	raw	high		dataType=DOUBLE
trailer_extra	trailer.header.48	Trailer extra field 48	PrOSA ScScr:		IRawDataPlus.GetTrailerExtraHeaderInformation()	fieldIndex=48				PrOSA ScScr:	raw	high		dataType=DOUBLE
trailer_extra	trailer.header.49	Trailer extra field 49	RawOvFtT:		IRawDataPlus.GetTrailerExtraHeaderInformation()	fieldIndex=49				RawOvFtT:	raw	high		dataType=DOUBLE
trailer_extra	trailer.header.50	Trailer extra field 50	Dynamic RT Shift (min):		IRawDataPlus.GetTrailerExtraHeaderInformation()	fieldIndex=50				Dynamic RT Shift (min):	raw	high		dataType=DOUBLE
trailer_extra	trailer.header.51	Trailer extra field 51	LC FWHM parameter:		IRawDataPlus.GetTrailerExtraHeaderInformation()	fieldIndex=51				LC FWHM parameter:	raw	high		dataType=DOUBLE
trailer_extra	trailer.header.52	Trailer extra field 52	PS Inj. Time (ms):		IRawDataPlus.GetTrailerExtraHeaderInformation()	fieldIndex=52				PS Inj. Time (ms):	raw	high		dataType=DOUBLE
trailer_extra	trailer.header.53	Trailer extra field 53	AGC PS Mode:		IRawDataPlus.GetTrailerExtraHeaderInformation()	fieldIndex=53				AGC PS Mode:	raw	high		dataType=LONG
trailer_extra	trailer.header.54	Trailer extra field 54	AGC PS Diag:		IRawDataPlus.GetTrailerExtraHeaderInformation()	fieldIndex=54				AGC PS Diag:	raw	high		dataType=LONG
trailer_extra	trailer.header.55	Trailer extra field 55	AGC Target Adjust:		IRawDataPlus.GetTrailerExtraHeaderInformation()	fieldIndex=55				AGC Target Adjust:	raw	high		dataType=DOUBLE
trailer_extra	trailer.header.56	Trailer extra field 56	AGC Diag 1:		IRawDataPlus.GetTrailerExtraHeaderInformation()	fieldIndex=56				AGC Diag 1:	raw	high		dataType=DOUBLE
trailer_extra	trailer.header.57	Trailer extra field 57	AGC Diag 2:		IRawDataPlus.GetTrailerExtraHeaderInformation()	fieldIndex=57				AGC Diag 2:	raw	high		dataType=DOUBLE
trailer_extra	trailer.header.58	Trailer extra field 58	HCD abs. Offset:		IRawDataPlus.GetTrailerExtraHeaderInformation()	fieldIndex=58				HCD abs. Offset:	raw	high		dataType=CHAR_STRING
trailer_extra	trailer.header.59	Trailer extra field 59	Source CID eV:		IRawDataPlus.GetTrailerExtraHeaderInformation()	fieldIndex=59				Source CID eV:	raw	high		dataType=DOUBLE
trailer_extra	trailer.header.60	Trailer extra field 60	AGC Fill:		IRawDataPlus.GetTrailerExtraHeaderInformation()	fieldIndex=60				AGC Fill:	raw	high		dataType=DOUBLE
trailer_extra	trailer.header.61	Trailer extra field 61	Injection t0:		IRawDataPlus.GetTrailerExtraHeaderInformation()	fieldIndex=61				Injection t0:	raw	high		dataType=DOUBLE
trailer_extra	trailer.header.62	Trailer extra field 62	t0 FLP:		IRawDataPlus.GetTrailerExtraHeaderInformation()	fieldIndex=62				t0 FLP:	raw	high		dataType=DOUBLE
trailer_extra	trailer.header.63	Trailer extra field 63	Iso Para R:		IRawDataPlus.GetTrailerExtraHeaderInformation()	fieldIndex=63				Iso Para R:	raw	high		dataType=CHAR_STRING
trailer_extra	trailer.header.64	Trailer extra field 64	Inj Para R:		IRawDataPlus.GetTrailerExtraHeaderInformation()	fieldIndex=64				Inj Para R:	raw	high		dataType=CHAR_STRING
trailer_extra	trailer.header.65	Trailer extra field 65	Access Id:		IRawDataPlus.GetTrailerExtraHeaderInformation()	fieldIndex=65				Access Id:	raw	high		dataType=LONG
trailer_extra	trailer.header.66	Trailer extra field 66	Analog In A (V):		IRawDataPlus.GetTrailerExtraHeaderInformation()	fieldIndex=66				Analog In A (V):	raw	high		dataType=DOUBLE
trailer_extra	trailer.header.67	Trailer extra field 67	Analog In B (V):		IRawDataPlus.GetTrailerExtraHeaderInformation()	fieldIndex=67				Analog In B (V):	raw	high		dataType=DOUBLE
trailer_extra	trailer.header.68	Trailer extra field 68	FAIMS Attached:		IRawDataPlus.GetTrailerExtraHeaderInformation()	fieldIndex=68				FAIMS Attached:	raw	high		dataType=YESNO
trailer_extra	trailer.header.69	Trailer extra field 69	FAIMS Voltage On:		IRawDataPlus.GetTrailerExtraHeaderInformation()	fieldIndex=69				FAIMS Voltage On:	raw	high		dataType=YESNO
trailer_extra	trailer.header.70	Trailer extra field 70	FAIMS CV:		IRawDataPlus.GetTrailerExtraHeaderInformation()	fieldIndex=70				FAIMS CV:	raw	high		dataType=DOUBLE
trailer_extra	trailer.header.71	Trailer extra field 71	PhiSDM:		IRawDataPlus.GetTrailerExtraHeaderInformation()	fieldIndex=71				PhiSDM:	raw	high		dataType=ONOFF
trailer_extra	trailer.header.72	Trailer extra field 72	PhiSDM Windows m/z:		IRawDataPlus.GetTrailerExtraHeaderInformation()	fieldIndex=72				PhiSDM Windows m/z:	raw	high		dataType=CHAR_STRING
trailer_extra	trailer.header.73	Trailer extra field 73	PhiSDM Iterations:		IRawDataPlus.GetTrailerExtraHeaderInformation()	fieldIndex=73				PhiSDM Iterations:	raw	high		dataType=LONG
trailer_extra	trailer.header.74	Trailer extra field 74	PhiSDM Flagging:		IRawDataPlus.GetTrailerExtraHeaderInformation()	fieldIndex=74				PhiSDM Flagging:	raw	high		dataType=ONOFF
trailer_extra	trailer.header.75	Trailer extra field 75	PhiSDM Processing Time ms:		IRawDataPlus.GetTrailerExtraHeaderInformation()	fieldIndex=75				PhiSDM Processing Time ms:	raw	high		dataType=LONG
status_tune_logs	status.header.0	Status log field 0	====  FAIMS Device:  ====:		IRawDataPlus.GetStatusLogHeaderInformation()	fieldIndex=0				====  FAIMS Device:  ====:	raw	high		dataType=NULL
status_tune_logs	status.header.1	Status log field 1	====  Overall Status:  ====:		IRawDataPlus.GetStatusLogHeaderInformation()	fieldIndex=1				====  Overall Status:  ====:	raw	high		dataType=NULL
status_tune_logs	status.header.2	Status log field 2	Status:		IRawDataPlus.GetStatusLogHeaderInformation()	fieldIndex=2				Status:	raw	high		dataType=CHAR_STRING
status_tune_logs	status.header.3	Status log field 3	Performance:		IRawDataPlus.GetStatusLogHeaderInformation()	fieldIndex=3				Performance:	raw	high		dataType=CHAR_STRING
status_tune_logs	status.header.4	Status log field 4	======  Ion Source:  ======:		IRawDataPlus.GetStatusLogHeaderInformation()	fieldIndex=4				======  Ion Source:  ======:	raw	high		dataType=NULL
status_tune_logs	status.header.5	Status log field 5	Spray Voltage (V)		IRawDataPlus.GetStatusLogHeaderInformation()	fieldIndex=5				Spray Voltage (V)	raw	high		dataType=DOUBLE
status_tune_logs	status.header.6	Status log field 6	Spray Current (µA)		IRawDataPlus.GetStatusLogHeaderInformation()	fieldIndex=6				Spray Current (µA)	raw	high		dataType=DOUBLE
status_tune_logs	status.header.7	Status log field 7	Spray Current std. dev. (µA)		IRawDataPlus.GetStatusLogHeaderInformation()	fieldIndex=7				Spray Current std. dev. (µA)	raw	high		dataType=DOUBLE
status_tune_logs	status.header.8	Status log field 8	Ion Transfer Tube Temperature (°C)		IRawDataPlus.GetStatusLogHeaderInformation()	fieldIndex=8				Ion Transfer Tube Temperature (°C)	raw	high		dataType=DOUBLE
status_tune_logs	status.header.9	Status log field 9	Sheath gas pressure (psi)		IRawDataPlus.GetStatusLogHeaderInformation()	fieldIndex=9				Sheath gas pressure (psi)	raw	high		dataType=DOUBLE
status_tune_logs	status.header.10	Status log field 10	Aux gas pressure (psi)		IRawDataPlus.GetStatusLogHeaderInformation()	fieldIndex=10				Aux gas pressure (psi)	raw	high		dataType=DOUBLE
status_tune_logs	status.header.11	Status log field 11	Sweep gas pressure (psi)		IRawDataPlus.GetStatusLogHeaderInformation()	fieldIndex=11				Sweep gas pressure (psi)	raw	high		dataType=DOUBLE
status_tune_logs	status.header.12	Status log field 12	Vaporizer Temperature (°C)		IRawDataPlus.GetStatusLogHeaderInformation()	fieldIndex=12				Vaporizer Temperature (°C)	raw	high		dataType=DOUBLE
status_tune_logs	status.header.13	Status log field 13	======  Ion Optics:  ======:		IRawDataPlus.GetStatusLogHeaderInformation()	fieldIndex=13				======  Ion Optics:  ======:	raw	high		dataType=NULL
status_tune_logs	status.header.14	Status log field 14	CTB: C-trap RF freq. (MHz)		IRawDataPlus.GetStatusLogHeaderInformation()	fieldIndex=14				CTB: C-trap RF freq. (MHz)	raw	high		dataType=DOUBLE
status_tune_logs	status.header.15	Status log field 15	CTB: C-trap RF amp. (MHz)		IRawDataPlus.GetStatusLogHeaderInformation()	fieldIndex=15				CTB: C-trap RF amp. (MHz)	raw	high		dataType=DOUBLE
status_tune_logs	status.header.16	Status log field 16	CTB: Quad. exit lens (V)		IRawDataPlus.GetStatusLogHeaderInformation()	fieldIndex=16				CTB: Quad. exit lens (V)	raw	high		dataType=DOUBLE
status_tune_logs	status.header.17	Status log field 17	CTB: Beam split lens (V)		IRawDataPlus.GetStatusLogHeaderInformation()	fieldIndex=17				CTB: Beam split lens (V)	raw	high		dataType=DOUBLE
status_tune_logs	status.header.18	Status log field 18	CTB: Tr. multipole DC (V)		IRawDataPlus.GetStatusLogHeaderInformation()	fieldIndex=18				CTB: Tr. multipole DC (V)	raw	high		dataType=DOUBLE
status_tune_logs	status.header.19	Status log field 19	CTB: C-trap entr. lens (V)		IRawDataPlus.GetStatusLogHeaderInformation()	fieldIndex=19				CTB: C-trap entr. lens (V)	raw	high		dataType=DOUBLE
status_tune_logs	status.header.20	Status log field 20	CTB: C-trap exit lens (V)		IRawDataPlus.GetStatusLogHeaderInformation()	fieldIndex=20				CTB: C-trap exit lens (V)	raw	high		dataType=DOUBLE
status_tune_logs	status.header.21	Status log field 21	CTB: Z lens (V)		IRawDataPlus.GetStatusLogHeaderInformation()	fieldIndex=21				CTB: Z lens (V)	raw	high		dataType=DOUBLE
status_tune_logs	status.header.22	Status log field 22	CTB: HCD ax. field entr. (V)		IRawDataPlus.GetStatusLogHeaderInformation()	fieldIndex=22				CTB: HCD ax. field entr. (V)	raw	high		dataType=DOUBLE
status_tune_logs	status.header.23	Status log field 23	CTB: HCD ax. field exit (V)		IRawDataPlus.GetStatusLogHeaderInformation()	fieldIndex=23				CTB: HCD ax. field exit (V)	raw	high		dataType=DOUBLE
status_tune_logs	status.header.24	Status log field 24	CTB: HCD exit lens (V)		IRawDataPlus.GetStatusLogHeaderInformation()	fieldIndex=24				CTB: HCD exit lens (V)	raw	high		dataType=DOUBLE
status_tune_logs	status.header.25	Status log field 25	QS: Quad. RF amp. (Vpp)		IRawDataPlus.GetStatusLogHeaderInformation()	fieldIndex=25				QS: Quad. RF amp. (Vpp)	raw	high		dataType=DOUBLE
status_tune_logs	status.header.26	Status log field 26	QS: Quad. MSeg rod A DC (V)		IRawDataPlus.GetStatusLogHeaderInformation()	fieldIndex=26				QS: Quad. MSeg rod A DC (V)	raw	high		dataType=DOUBLE
status_tune_logs	status.header.27	Status log field 27	QS: Quad. MSeg rod B DC (V)		IRawDataPlus.GetStatusLogHeaderInformation()	fieldIndex=27				QS: Quad. MSeg rod B DC (V)	raw	high		dataType=DOUBLE
status_tune_logs	status.header.28	Status log field 28	SB: Spray HV voltage (V)		IRawDataPlus.GetStatusLogHeaderInformation()	fieldIndex=28				SB: Spray HV voltage (V)	raw	high		dataType=DOUBLE
status_tune_logs	status.header.29	Status log field 29	SB: Spray HV current (uA)		IRawDataPlus.GetStatusLogHeaderInformation()	fieldIndex=29				SB: Spray HV current (uA)	raw	high		dataType=DOUBLE
status_tune_logs	status.header.30	Status log field 30	IOB: Source DC (V)		IRawDataPlus.GetStatusLogHeaderInformation()	fieldIndex=30				IOB: Source DC (V)	raw	high		dataType=DOUBLE
status_tune_logs	status.header.31	Status log field 31	IOB: Funnel RF amp. (Vpp)		IRawDataPlus.GetStatusLogHeaderInformation()	fieldIndex=31				IOB: Funnel RF amp. (Vpp)	raw	high		dataType=DOUBLE
status_tune_logs	status.header.32	Status log field 32	IOB: Funnel RF freq. (kHz)		IRawDataPlus.GetStatusLogHeaderInformation()	fieldIndex=32				IOB: Funnel RF freq. (kHz)	raw	high		dataType=DOUBLE
status_tune_logs	status.header.33	Status log field 33	IOB: Inj. fl. phase A DC (V)		IRawDataPlus.GetStatusLogHeaderInformation()	fieldIndex=33				IOB: Inj. fl. phase A DC (V)	raw	high		dataType=DOUBLE
status_tune_logs	status.header.34	Status log field 34	IOB: Inj. fl. phase B DC (V)		IRawDataPlus.GetStatusLogHeaderInformation()	fieldIndex=34				IOB: Inj. fl. phase B DC (V)	raw	high		dataType=DOUBLE
status_tune_logs	status.header.35	Status log field 35	IOB: Inj. fl. RF amp. (Vpp)		IRawDataPlus.GetStatusLogHeaderInformation()	fieldIndex=35				IOB: Inj. fl. RF amp. (Vpp)	raw	high		dataType=DOUBLE
status_tune_logs	status.header.36	Status log field 36	IOB: Inj. fl. RF freq. (kHz)		IRawDataPlus.GetStatusLogHeaderInformation()	fieldIndex=36				IOB: Inj. fl. RF freq. (kHz)	raw	high		dataType=DOUBLE
status_tune_logs	status.header.37	Status log field 37	IOB: Inj. fl. RF curr. (A)		IRawDataPlus.GetStatusLogHeaderInformation()	fieldIndex=37				IOB: Inj. fl. RF curr. (A)	raw	high		dataType=DOUBLE
status_tune_logs	status.header.38	Status log field 38	IOB: Fl. focus lens (V)		IRawDataPlus.GetStatusLogHeaderInformation()	fieldIndex=38				IOB: Fl. focus lens (V)	raw	high		dataType=DOUBLE
status_tune_logs	status.header.39	Status log field 39	IOB: Bent fl. DC (V)		IRawDataPlus.GetStatusLogHeaderInformation()	fieldIndex=39				IOB: Bent fl. DC (V)	raw	high		dataType=DOUBLE
status_tune_logs	status.header.40	Status log field 40	IOB: Bent fl. ax. f. e. (V)		IRawDataPlus.GetStatusLogHeaderInformation()	fieldIndex=40				IOB: Bent fl. ax. f. e. (V)	raw	high		dataType=DOUBLE
status_tune_logs	status.header.41	Status log field 41	IOB: Bent fl. exit lens (V)		IRawDataPlus.GetStatusLogHeaderInformation()	fieldIndex=41				IOB: Bent fl. exit lens (V)	raw	high		dataType=DOUBLE
status_tune_logs	status.header.42	Status log field 42	IOB: Bent fl. RF amp. (Vpp)		IRawDataPlus.GetStatusLogHeaderInformation()	fieldIndex=42				IOB: Bent fl. RF amp. (Vpp)	raw	high		dataType=DOUBLE
status_tune_logs	status.header.43	Status log field 43	IOB: Bent fl. RF freq. (kHz)		IRawDataPlus.GetStatusLogHeaderInformation()	fieldIndex=43				IOB: Bent fl. RF freq. (kHz)	raw	high		dataType=DOUBLE
status_tune_logs	status.header.44	Status log field 44	PCBAOS: C-trap inj. o. + (V)		IRawDataPlus.GetStatusLogHeaderInformation()	fieldIndex=44				PCBAOS: C-trap inj. o. + (V)	raw	high		dataType=DOUBLE
status_tune_logs	status.header.45	Status log field 45	PCBAOS: C-trap inj. o. - (V)		IRawDataPlus.GetStatusLogHeaderInformation()	fieldIndex=45				PCBAOS: C-trap inj. o. - (V)	raw	high		dataType=DOUBLE
status_tune_logs	status.header.46	Status log field 46	PCBAOS: HV focus lens (V)		IRawDataPlus.GetStatusLogHeaderInformation()	fieldIndex=46				PCBAOS: HV focus lens (V)	raw	high		dataType=DOUBLE
status_tune_logs	status.header.47	Status log field 47	PCBAOS: V lens (V)		IRawDataPlus.GetStatusLogHeaderInformation()	fieldIndex=47				PCBAOS: V lens (V)	raw	high		dataType=DOUBLE
status_tune_logs	status.header.48	Status log field 48	PCBAOS: Defl. measure + (V)		IRawDataPlus.GetStatusLogHeaderInformation()	fieldIndex=48				PCBAOS: Defl. measure + (V)	raw	high		dataType=DOUBLE
status_tune_logs	status.header.49	Status log field 49	PCBAOS: Defl. measure - (V)		IRawDataPlus.GetStatusLogHeaderInformation()	fieldIndex=49				PCBAOS: Defl. measure - (V)	raw	high		dataType=DOUBLE
status_tune_logs	status.header.50	Status log field 50	PCBAOS: CE inject + (V)		IRawDataPlus.GetStatusLogHeaderInformation()	fieldIndex=50				PCBAOS: CE inject + (V)	raw	high		dataType=DOUBLE
status_tune_logs	status.header.51	Status log field 51	PCBAOS: CE inject - (V)		IRawDataPlus.GetStatusLogHeaderInformation()	fieldIndex=51				PCBAOS: CE inject - (V)	raw	high		dataType=DOUBLE
status_tune_logs	status.header.52	Status log field 52	=====  Temperatures:  =====:		IRawDataPlus.GetStatusLogHeaderInformation()	fieldIndex=52				=====  Temperatures:  =====:	raw	high		dataType=NULL
status_tune_logs	status.header.53	Status log field 53	Ambient temp. (°C)		IRawDataPlus.GetStatusLogHeaderInformation()	fieldIndex=53				Ambient temp. (°C)	raw	high		dataType=DOUBLE
status_tune_logs	status.header.54	Status log field 54	Orbitrap block temp. (°C)		IRawDataPlus.GetStatusLogHeaderInformation()	fieldIndex=54				Orbitrap block temp. (°C)	raw	high		dataType=DOUBLE
status_tune_logs	status.header.55	Status log field 55	Detector temp. (°C)		IRawDataPlus.GetStatusLogHeaderInformation()	fieldIndex=55				Detector temp. (°C)	raw	high		dataType=DOUBLE
status_tune_logs	status.header.56	Status log field 56	Ion tr. tube temp. (°C)		IRawDataPlus.GetStatusLogHeaderInformation()	fieldIndex=56				Ion tr. tube temp. (°C)	raw	high		dataType=DOUBLE
status_tune_logs	status.header.57	Status log field 57	Vaporizer temp. (°C)		IRawDataPlus.GetStatusLogHeaderInformation()	fieldIndex=57				Vaporizer temp. (°C)	raw	high		dataType=DOUBLE
status_tune_logs	status.header.58	Status log field 58	CPU core temp. (°C)		IRawDataPlus.GetStatusLogHeaderInformation()	fieldIndex=58				CPU core temp. (°C)	raw	high		dataType=DOUBLE
status_tune_logs	status.header.59	Status log field 59	PCB temp. top (°C)		IRawDataPlus.GetStatusLogHeaderInformation()	fieldIndex=59				PCB temp. top (°C)	raw	high		dataType=DOUBLE
status_tune_logs	status.header.60	Status log field 60	PCB temp. center (°C)		IRawDataPlus.GetStatusLogHeaderInformation()	fieldIndex=60				PCB temp. center (°C)	raw	high		dataType=DOUBLE
status_tune_logs	status.header.61	Status log field 61	PCB temp. bottom (°C)		IRawDataPlus.GetStatusLogHeaderInformation()	fieldIndex=61				PCB temp. bottom (°C)	raw	high		dataType=DOUBLE
status_tune_logs	status.header.62	Status log field 62	====  Diagnostic Data:  ====:		IRawDataPlus.GetStatusLogHeaderInformation()	fieldIndex=62				====  Diagnostic Data:  ====:	raw	high		dataType=NULL
status_tune_logs	status.header.63	Status log field 63	Performance ld		IRawDataPlus.GetStatusLogHeaderInformation()	fieldIndex=63				Performance ld	raw	high		dataType=DOUBLE
status_tune_logs	status.header.64	Status log field 64	Performance me		IRawDataPlus.GetStatusLogHeaderInformation()	fieldIndex=64				Performance me	raw	high		dataType=DOUBLE
status_tune_logs	status.header.65	Status log field 65	Performance cy:		IRawDataPlus.GetStatusLogHeaderInformation()	fieldIndex=65				Performance cy:	raw	high		dataType=DOUBLE
status_tune_logs	status.header.66	Status log field 66	PrOSA counts		IRawDataPlus.GetStatusLogHeaderInformation()	fieldIndex=66				PrOSA counts	raw	high		dataType=DOUBLE
status_tune_logs	status.header.67	Status log field 67	PrOSA blank		IRawDataPlus.GetStatusLogHeaderInformation()	fieldIndex=67				PrOSA blank	raw	high		dataType=DOUBLE
status_tune_logs	status.header.68	Status log field 68	PrOSA time (us)		IRawDataPlus.GetStatusLogHeaderInformation()	fieldIndex=68				PrOSA time (us)	raw	high		dataType=DOUBLE
status_tune_logs	status.header.69	Status log field 69	PrOSA curr (pA)		IRawDataPlus.GetStatusLogHeaderInformation()	fieldIndex=69				PrOSA curr (pA)	raw	high		dataType=DOUBLE
status_tune_logs	status.header.70	Status log field 70	ICB: Up-time (sec)		IRawDataPlus.GetStatusLogHeaderInformation()	fieldIndex=70				ICB: Up-time (sec)	raw	high		dataType=DOUBLE
status_tune_logs	status.header.71	Status log field 71	ICB: +24 V		IRawDataPlus.GetStatusLogHeaderInformation()	fieldIndex=71				ICB: +24 V	raw	high		dataType=DOUBLE
status_tune_logs	status.header.72	Status log field 72	ICB: +5 V		IRawDataPlus.GetStatusLogHeaderInformation()	fieldIndex=72				ICB: +5 V	raw	high		dataType=DOUBLE
status_tune_logs	status.header.73	Status log field 73	ICB: +3.3 V		IRawDataPlus.GetStatusLogHeaderInformation()	fieldIndex=73				ICB: +3.3 V	raw	high		dataType=DOUBLE
status_tune_logs	status.header.74	Status log field 74	ICB: +2.5 V		IRawDataPlus.GetStatusLogHeaderInformation()	fieldIndex=74				ICB: +2.5 V	raw	high		dataType=DOUBLE
status_tune_logs	status.header.75	Status log field 75	ICB: +1.2 V		IRawDataPlus.GetStatusLogHeaderInformation()	fieldIndex=75				ICB: +1.2 V	raw	high		dataType=DOUBLE
status_tune_logs	status.header.76	Status log field 76	ICB: Power-on time (h)		IRawDataPlus.GetStatusLogHeaderInformation()	fieldIndex=76				ICB: Power-on time (h)	raw	high		dataType=DOUBLE
status_tune_logs	status.header.77	Status log field 77	ICB: Acc. bakeout time (h)		IRawDataPlus.GetStatusLogHeaderInformation()	fieldIndex=77				ICB: Acc. bakeout time (h)	raw	high		dataType=DOUBLE
status_tune_logs	status.header.78	Status log field 78	ICB: Turbopump speed (Hz)		IRawDataPlus.GetStatusLogHeaderInformation()	fieldIndex=78				ICB: Turbopump speed (Hz)	raw	high		dataType=DOUBLE
status_tune_logs	status.header.79	Status log field 79	ICB: Turbopump power (W)		IRawDataPlus.GetStatusLogHeaderInformation()	fieldIndex=79				ICB: Turbopump power (W)	raw	high		dataType=DOUBLE
status_tune_logs	status.header.80	Status log field 80	ICB: Turbopump error state		IRawDataPlus.GetStatusLogHeaderInformation()	fieldIndex=80				ICB: Turbopump error state	raw	high		dataType=DOUBLE
status_tune_logs	status.header.81	Status log field 81	ICB: Turbopump last error		IRawDataPlus.GetStatusLogHeaderInformation()	fieldIndex=81				ICB: Turbopump last error	raw	high		dataType=DOUBLE
status_tune_logs	status.header.82	Status log field 82	ICB: UHV pres. (mbar)		IRawDataPlus.GetStatusLogHeaderInformation()	fieldIndex=82				ICB: UHV pres. (mbar)	raw	high		dataType=DOUBLE
status_tune_logs	status.header.83	Status log field 83	ICB: HCD cell pres. (mbar)		IRawDataPlus.GetStatusLogHeaderInformation()	fieldIndex=83				ICB: HCD cell pres. (mbar)	raw	high		dataType=DOUBLE
status_tune_logs	status.header.84	Status log field 84	ICB: Fore-vac. pres. (mbar)		IRawDataPlus.GetStatusLogHeaderInformation()	fieldIndex=84				ICB: Fore-vac. pres. (mbar)	raw	high		dataType=DOUBLE
status_tune_logs	status.header.85	Status log field 85	ICB: IF region pres. (mbar)		IRawDataPlus.GetStatusLogHeaderInformation()	fieldIndex=85				ICB: IF region pres. (mbar)	raw	high		dataType=DOUBLE
status_tune_logs	status.header.86	Status log field 86	ICB: R-f fan speed (rpm)		IRawDataPlus.GetStatusLogHeaderInformation()	fieldIndex=86				ICB: R-f fan speed (rpm)	raw	high		dataType=DOUBLE
status_tune_logs	status.header.87	Status log field 87	ICB: L-b fan speed (rpm)		IRawDataPlus.GetStatusLogHeaderInformation()	fieldIndex=87				ICB: L-b fan speed (rpm)	raw	high		dataType=DOUBLE
status_tune_logs	status.header.88	Status log field 88	ICB: L-f fan speed (rpm)		IRawDataPlus.GetStatusLogHeaderInformation()	fieldIndex=88				ICB: L-f fan speed (rpm)	raw	high		dataType=DOUBLE
status_tune_logs	status.header.89	Status log field 89	ICB: Dig. I/O start 0		IRawDataPlus.GetStatusLogHeaderInformation()	fieldIndex=89				ICB: Dig. I/O start 0	raw	high		dataType=DOUBLE
status_tune_logs	status.header.90	Status log field 90	ICB: Dig. I/O start 1		IRawDataPlus.GetStatusLogHeaderInformation()	fieldIndex=90				ICB: Dig. I/O start 1	raw	high		dataType=DOUBLE
status_tune_logs	status.header.91	Status log field 91	ICB: OSPI ERR queue usage		IRawDataPlus.GetStatusLogHeaderInformation()	fieldIndex=91				ICB: OSPI ERR queue usage	raw	high		dataType=DOUBLE
status_tune_logs	status.header.92	Status log field 92	DAQ: Voltage monitor		IRawDataPlus.GetStatusLogHeaderInformation()	fieldIndex=92				DAQ: Voltage monitor	raw	high		dataType=DOUBLE
status_tune_logs	status.header.93	Status log field 93	DAQ: Status register		IRawDataPlus.GetStatusLogHeaderInformation()	fieldIndex=93				DAQ: Status register	raw	high		dataType=DOUBLE
status_tune_logs	status.header.94	Status log field 94	CTB: FAN1 speed (rpm)		IRawDataPlus.GetStatusLogHeaderInformation()	fieldIndex=94				CTB: FAN1 speed (rpm)	raw	high		dataType=DOUBLE
status_tune_logs	status.header.95	Status log field 95	CTB: FAN2 speed (rpm)		IRawDataPlus.GetStatusLogHeaderInformation()	fieldIndex=95				CTB: FAN2 speed (rpm)	raw	high		dataType=DOUBLE
status_tune_logs	status.header.96	Status log field 96	CTB: ICD integr. active		IRawDataPlus.GetStatusLogHeaderInformation()	fieldIndex=96				CTB: ICD integr. active	raw	high		dataType=DOUBLE
status_tune_logs	status.header.97	Status log field 97	CTB: ICD signal count (ct)		IRawDataPlus.GetStatusLogHeaderInformation()	fieldIndex=97				CTB: ICD signal count (ct)	raw	high		dataType=DOUBLE
status_tune_logs	status.header.98	Status log field 98	CTB: ICD blank count (ct)		IRawDataPlus.GetStatusLogHeaderInformation()	fieldIndex=98				CTB: ICD blank count (ct)	raw	high		dataType=DOUBLE
status_tune_logs	status.header.99	Status log field 99	CTB: ICD ion inj. time (us)		IRawDataPlus.GetStatusLogHeaderInformation()	fieldIndex=99				CTB: ICD ion inj. time (us)	raw	high		dataType=DOUBLE
status_tune_logs	status.header.100	Status log field 100	CTB: C-trap RF curr. (mA)		IRawDataPlus.GetStatusLogHeaderInformation()	fieldIndex=100				CTB: C-trap RF curr. (mA)	raw	high		dataType=DOUBLE
status_tune_logs	status.header.101	Status log field 101	CTB: C-trap RF s. volt. (V)		IRawDataPlus.GetStatusLogHeaderInformation()	fieldIndex=101				CTB: C-trap RF s. volt. (V)	raw	high		dataType=DOUBLE
status_tune_logs	status.header.102	Status log field 102	CTB: HV positive (V)		IRawDataPlus.GetStatusLogHeaderInformation()	fieldIndex=102				CTB: HV positive (V)	raw	high		dataType=DOUBLE
status_tune_logs	status.header.103	Status log field 103	CTB: HV negative (V)		IRawDataPlus.GetStatusLogHeaderInformation()	fieldIndex=103				CTB: HV negative (V)	raw	high		dataType=DOUBLE
status_tune_logs	status.header.104	Status log field 104	QS: HV negative (V)		IRawDataPlus.GetStatusLogHeaderInformation()	fieldIndex=104				QS: HV negative (V)	raw	high		dataType=DOUBLE
status_tune_logs	status.header.105	Status log field 105	QS: HV positive (V)		IRawDataPlus.GetStatusLogHeaderInformation()	fieldIndex=105				QS: HV positive (V)	raw	high		dataType=DOUBLE
status_tune_logs	status.header.106	Status log field 106	SB: +24 V supply		IRawDataPlus.GetStatusLogHeaderInformation()	fieldIndex=106				SB: +24 V supply	raw	high		dataType=DOUBLE
status_tune_logs	status.header.107	Status log field 107	SB: +15 V analog supply		IRawDataPlus.GetStatusLogHeaderInformation()	fieldIndex=107				SB: +15 V analog supply	raw	high		dataType=DOUBLE
status_tune_logs	status.header.108	Status log field 108	SB: -8 V supply		IRawDataPlus.GetStatusLogHeaderInformation()	fieldIndex=108				SB: -8 V supply	raw	high		dataType=DOUBLE
status_tune_logs	status.header.109	Status log field 109	SB: +5 V analog supply		IRawDataPlus.GetStatusLogHeaderInformation()	fieldIndex=109				SB: +5 V analog supply	raw	high		dataType=DOUBLE
status_tune_logs	status.header.110	Status log field 110	SB: +5 V digital supply		IRawDataPlus.GetStatusLogHeaderInformation()	fieldIndex=110				SB: +5 V digital supply	raw	high		dataType=DOUBLE
status_tune_logs	status.header.111	Status log field 111	SB: -5 V analog supply		IRawDataPlus.GetStatusLogHeaderInformation()	fieldIndex=111				SB: -5 V analog supply	raw	high		dataType=DOUBLE
status_tune_logs	status.header.112	Status log field 112	SB: +3.3 V digital supply		IRawDataPlus.GetStatusLogHeaderInformation()	fieldIndex=112				SB: +3.3 V digital supply	raw	high		dataType=DOUBLE
status_tune_logs	status.header.113	Status log field 113	SB: +2.5 V digital supply		IRawDataPlus.GetStatusLogHeaderInformation()	fieldIndex=113				SB: +2.5 V digital supply	raw	high		dataType=DOUBLE
status_tune_logs	status.header.114	Status log field 114	SB: +1.2 V digital supply		IRawDataPlus.GetStatusLogHeaderInformation()	fieldIndex=114				SB: +1.2 V digital supply	raw	high		dataType=DOUBLE
status_tune_logs	status.header.115	Status log field 115	SB: Ion tr. tube fuse		IRawDataPlus.GetStatusLogHeaderInformation()	fieldIndex=115				SB: Ion tr. tube fuse	raw	high		dataType=DOUBLE
status_tune_logs	status.header.116	Status log field 116	SB: Ion tr. tube temp. OOR		IRawDataPlus.GetStatusLogHeaderInformation()	fieldIndex=116				SB: Ion tr. tube temp. OOR	raw	high		dataType=DOUBLE
status_tune_logs	status.header.117	Status log field 117	SB: Ion tr. tube voltage (V)		IRawDataPlus.GetStatusLogHeaderInformation()	fieldIndex=117				SB: Ion tr. tube voltage (V)	raw	high		dataType=DOUBLE
status_tune_logs	status.header.118	Status log field 118	SB: Vaporizer fuse		IRawDataPlus.GetStatusLogHeaderInformation()	fieldIndex=118				SB: Vaporizer fuse	raw	high		dataType=DOUBLE
status_tune_logs	status.header.119	Status log field 119	SB: Vaporizer temp. OOR		IRawDataPlus.GetStatusLogHeaderInformation()	fieldIndex=119				SB: Vaporizer temp. OOR	raw	high		dataType=DOUBLE
status_tune_logs	status.header.120	Status log field 120	SB: 8 kV const. volt./c.m.		IRawDataPlus.GetStatusLogHeaderInformation()	fieldIndex=120				SB: 8 kV const. volt./c.m.	raw	high		dataType=DOUBLE
status_tune_logs	status.header.121	Status log field 121	SB: Valve fuse		IRawDataPlus.GetStatusLogHeaderInformation()	fieldIndex=121				SB: Valve fuse	raw	high		dataType=DOUBLE
status_tune_logs	status.header.122	Status log field 122	SB: Aux. gas pres. (psi)		IRawDataPlus.GetStatusLogHeaderInformation()	fieldIndex=122				SB: Aux. gas pres. (psi)	raw	high		dataType=DOUBLE
status_tune_logs	status.header.123	Status log field 123	SB: Sheath gas pres. (psi)		IRawDataPlus.GetStatusLogHeaderInformation()	fieldIndex=123				SB: Sheath gas pres. (psi)	raw	high		dataType=DOUBLE
status_tune_logs	status.header.124	Status log field 124	SB: Sweep gas pres. (psi)		IRawDataPlus.GetStatusLogHeaderInformation()	fieldIndex=124				SB: Sweep gas pres. (psi)	raw	high		dataType=DOUBLE
status_tune_logs	status.header.125	Status log field 125	SB: Interlock fuse		IRawDataPlus.GetStatusLogHeaderInformation()	fieldIndex=125				SB: Interlock fuse	raw	high		dataType=DOUBLE
status_tune_logs	status.header.126	Status log field 126	SB: Switch 1 closed		IRawDataPlus.GetStatusLogHeaderInformation()	fieldIndex=126				SB: Switch 1 closed	raw	high		dataType=DOUBLE
status_tune_logs	status.header.127	Status log field 127	SB: Relay 1 closed		IRawDataPlus.GetStatusLogHeaderInformation()	fieldIndex=127				SB: Relay 1 closed	raw	high		dataType=DOUBLE
status_tune_logs	status.header.128	Status log field 128	SB: Switch 2 closed		IRawDataPlus.GetStatusLogHeaderInformation()	fieldIndex=128				SB: Switch 2 closed	raw	high		dataType=DOUBLE
status_tune_logs	status.header.129	Status log field 129	SB: Relay 2 closed		IRawDataPlus.GetStatusLogHeaderInformation()	fieldIndex=129				SB: Relay 2 closed	raw	high		dataType=DOUBLE
status_tune_logs	status.header.130	Status log field 130	SB: Interlock switch		IRawDataPlus.GetStatusLogHeaderInformation()	fieldIndex=130				SB: Interlock switch	raw	high		dataType=DOUBLE
status_tune_logs	status.header.131	Status log field 131	SB: Cover is taken off		IRawDataPlus.GetStatusLogHeaderInformation()	fieldIndex=131				SB: Cover is taken off	raw	high		dataType=DOUBLE
status_tune_logs	status.header.132	Status log field 132	SB: ICS/ETD available		IRawDataPlus.GetStatusLogHeaderInformation()	fieldIndex=132				SB: ICS/ETD available	raw	high		dataType=DOUBLE
status_tune_logs	status.header.133	Status log field 133	IOB: HV fuse		IRawDataPlus.GetStatusLogHeaderInformation()	fieldIndex=133				IOB: HV fuse	raw	high		dataType=DOUBLE
status_tune_logs	status.header.134	Status log field 134	IOB: RF fuse		IRawDataPlus.GetStatusLogHeaderInformation()	fieldIndex=134				IOB: RF fuse	raw	high		dataType=DOUBLE
status_tune_logs	status.header.135	Status log field 135	IOB: HVV positive (V)		IRawDataPlus.GetStatusLogHeaderInformation()	fieldIndex=135				IOB: HVV positive (V)	raw	high		dataType=DOUBLE
status_tune_logs	status.header.136	Status log field 136	IOB: HVV negative (V)		IRawDataPlus.GetStatusLogHeaderInformation()	fieldIndex=136				IOB: HVV negative (V)	raw	high		dataType=DOUBLE
status_tune_logs	status.header.137	Status log field 137	IOB: HV positive (V)		IRawDataPlus.GetStatusLogHeaderInformation()	fieldIndex=137				IOB: HV positive (V)	raw	high		dataType=DOUBLE
status_tune_logs	status.header.138	Status log field 138	IOB: HV negative (V)		IRawDataPlus.GetStatusLogHeaderInformation()	fieldIndex=138				IOB: HV negative (V)	raw	high		dataType=DOUBLE
status_tune_logs	status.header.139	Status log field 139	FTPCU: CPU load average		IRawDataPlus.GetStatusLogHeaderInformation()	fieldIndex=139				FTPCU: CPU load average	raw	high		dataType=DOUBLE
status_tune_logs	status.header.140	Status log field 140	FTPCU: Board free RAM		IRawDataPlus.GetStatusLogHeaderInformation()	fieldIndex=140				FTPCU: Board free RAM	raw	high		dataType=DOUBLE
status_tune_logs	status.header.141	Status log field 141	PCBAOS: HV monitor (kV)		IRawDataPlus.GetStatusLogHeaderInformation()	fieldIndex=141				PCBAOS: HV monitor (kV)	raw	high		dataType=DOUBLE
status_tune_logs	status.header.142	Status log field 142	PCBAOS: R_Pulser_CE (V)		IRawDataPlus.GetStatusLogHeaderInformation()	fieldIndex=142				PCBAOS: R_Pulser_CE (V)	raw	high		dataType=DOUBLE
status_tune_logs	status.header.143	Status log field 143	PCBAOS: R_Pulser_DE (V)		IRawDataPlus.GetStatusLogHeaderInformation()	fieldIndex=143				PCBAOS: R_Pulser_DE (V)	raw	high		dataType=DOUBLE
status_tune_logs	status.header.144	Status log field 144	====  FAIMS Device:  ====:		IRawDataPlus.GetStatusLogHeaderInformation()	fieldIndex=144				====  FAIMS Device:  ====:	raw	high		dataType=NULL
status_tune_logs	status.header.145	Status log field 145	Attached		IRawDataPlus.GetStatusLogHeaderInformation()	fieldIndex=145				Attached	raw	high		dataType=DOUBLE
status_tune_logs	status.header.146	Status log field 146	Dispersion Voltage (DV)		IRawDataPlus.GetStatusLogHeaderInformation()	fieldIndex=146				Dispersion Voltage (DV)	raw	high		dataType=DOUBLE
status_tune_logs	status.header.147	Status log field 147	Compensation Voltage (CV)		IRawDataPlus.GetStatusLogHeaderInformation()	fieldIndex=147				Compensation Voltage (CV)	raw	high		dataType=DOUBLE
status_tune_logs	status.header.148	Status log field 148	Entrance Plate Voltage (V)		IRawDataPlus.GetStatusLogHeaderInformation()	fieldIndex=148				Entrance Plate Voltage (V)	raw	high		dataType=DOUBLE
status_tune_logs	status.header.149	Status log field 149	User Gas Flow (lpm)		IRawDataPlus.GetStatusLogHeaderInformation()	fieldIndex=149				User Gas Flow (lpm)	raw	high		dataType=DOUBLE
status_tune_logs	status.header.150	Status log field 150	Carrier Gas Flow (lpm)		IRawDataPlus.GetStatusLogHeaderInformation()	fieldIndex=150				Carrier Gas Flow (lpm)	raw	high		dataType=DOUBLE
status_tune_logs	status.header.151	Status log field 151	Total Gas Flow (lpm)		IRawDataPlus.GetStatusLogHeaderInformation()	fieldIndex=151				Total Gas Flow (lpm)	raw	high		dataType=DOUBLE
status_tune_logs	status.header.152	Status log field 152	Cooling Gas Flow (lpm)		IRawDataPlus.GetStatusLogHeaderInformation()	fieldIndex=152				Cooling Gas Flow (lpm)	raw	high		dataType=DOUBLE
status_tune_logs	status.header.153	Status log field 153	Gas Pressure (psi)		IRawDataPlus.GetStatusLogHeaderInformation()	fieldIndex=153				Gas Pressure (psi)	raw	high		dataType=DOUBLE
status_tune_logs	status.header.154	Status log field 154	Cooling Gas Pressure (psi)		IRawDataPlus.GetStatusLogHeaderInformation()	fieldIndex=154				Cooling Gas Pressure (psi)	raw	high		dataType=DOUBLE
status_tune_logs	status.header.155	Status log field 155	Input Gas Pressure (psi)		IRawDataPlus.GetStatusLogHeaderInformation()	fieldIndex=155				Input Gas Pressure (psi)	raw	high		dataType=DOUBLE
status_tune_logs	status.header.156	Status log field 156	Inner Electrode Temp. (°C)		IRawDataPlus.GetStatusLogHeaderInformation()	fieldIndex=156				Inner Electrode Temp. (°C)	raw	high		dataType=DOUBLE
status_tune_logs	status.header.157	Status log field 157	Outer Electrode 1 Temp. (°C)		IRawDataPlus.GetStatusLogHeaderInformation()	fieldIndex=157				Outer Electrode 1 Temp. (°C)	raw	high		dataType=DOUBLE
status_tune_logs	status.header.158	Status log field 158	Outer Electrode 2 Temp. (°C)		IRawDataPlus.GetStatusLogHeaderInformation()	fieldIndex=158				Outer Electrode 2 Temp. (°C)	raw	high		dataType=DOUBLE
status_tune_logs	status.header.159	Status log field 159	MCB Ambient Temp. (°C)		IRawDataPlus.GetStatusLogHeaderInformation()	fieldIndex=159				MCB Ambient Temp. (°C)	raw	high		dataType=DOUBLE
status_tune_logs	status.header.160	Status log field 160	MCB Atmosph. Pressure (kPa)		IRawDataPlus.GetStatusLogHeaderInformation()	fieldIndex=160				MCB Atmosph. Pressure (kPa)	raw	high		dataType=DOUBLE
status_tune_logs	status.header.161	Status log field 161	DV High Frequency Amp. (V)		IRawDataPlus.GetStatusLogHeaderInformation()	fieldIndex=161				DV High Frequency Amp. (V)	raw	high		dataType=DOUBLE
status_tune_logs	status.header.162	Status log field 162	DV Low Frequency Amp. (V)		IRawDataPlus.GetStatusLogHeaderInformation()	fieldIndex=162				DV Low Frequency Amp. (V)	raw	high		dataType=DOUBLE
status_tune_logs	status.header.163	Status log field 163	DV Phase (°)		IRawDataPlus.GetStatusLogHeaderInformation()	fieldIndex=163				DV Phase (°)	raw	high		dataType=DOUBLE
status_tune_logs	status.header.164	Status log field 164	DV Frequency (Hz)		IRawDataPlus.GetStatusLogHeaderInformation()	fieldIndex=164				DV Frequency (Hz)	raw	high		dataType=DOUBLE
status_tune_logs	status.header.165	Status log field 165	System Voltage (V)		IRawDataPlus.GetStatusLogHeaderInformation()	fieldIndex=165				System Voltage (V)	raw	high		dataType=DOUBLE
status_tune_logs	status.header.166	Status log field 166	System Current (A)		IRawDataPlus.GetStatusLogHeaderInformation()	fieldIndex=166				System Current (A)	raw	high		dataType=DOUBLE
status_tune_logs	status.header.167	Status log field 167	Relays (+24V)		IRawDataPlus.GetStatusLogHeaderInformation()	fieldIndex=167				Relays (+24V)	raw	high		dataType=DOUBLE
status_tune_logs	status.header.168	Status log field 168	+6.25D (V)		IRawDataPlus.GetStatusLogHeaderInformation()	fieldIndex=168				+6.25D (V)	raw	high		dataType=DOUBLE
status_tune_logs	status.header.169	Status log field 169	-6.25D (V)		IRawDataPlus.GetStatusLogHeaderInformation()	fieldIndex=169				-6.25D (V)	raw	high		dataType=DOUBLE
status_tune_logs	status.header.170	Status log field 170	+5A (V)		IRawDataPlus.GetStatusLogHeaderInformation()	fieldIndex=170				+5A (V)	raw	high		dataType=DOUBLE
status_tune_logs	status.header.171	Status log field 171	-5A (V)		IRawDataPlus.GetStatusLogHeaderInformation()	fieldIndex=171				-5A (V)	raw	high		dataType=DOUBLE
status_tune_logs	status.header.172	Status log field 172	+3.0D (V)		IRawDataPlus.GetStatusLogHeaderInformation()	fieldIndex=172				+3.0D (V)	raw	high		dataType=DOUBLE
status_tune_logs	status.header.173	Status log field 173	+1.8A (V)		IRawDataPlus.GetStatusLogHeaderInformation()	fieldIndex=173				+1.8A (V)	raw	high		dataType=DOUBLE
status_tune_logs	status.header.174	Status log field 174	+3.3D (V)		IRawDataPlus.GetStatusLogHeaderInformation()	fieldIndex=174				+3.3D (V)	raw	high		dataType=DOUBLE
status_tune_logs	status.header.175	Status log field 175	MCB PCB Temp. (°C)		IRawDataPlus.GetStatusLogHeaderInformation()	fieldIndex=175				MCB PCB Temp. (°C)	raw	high		dataType=DOUBLE
status_tune_logs	status.header.176	Status log field 176	RTD Reference (+3V)		IRawDataPlus.GetStatusLogHeaderInformation()	fieldIndex=176				RTD Reference (+3V)	raw	high		dataType=DOUBLE
status_tune_logs	status.header.177	Status log field 177	System Relay Voltage (V)		IRawDataPlus.GetStatusLogHeaderInformation()	fieldIndex=177				System Relay Voltage (V)	raw	high		dataType=DOUBLE
status_tune_logs	status.header.178	Status log field 178	MCB Fan 1 Speed (Hz)		IRawDataPlus.GetStatusLogHeaderInformation()	fieldIndex=178				MCB Fan 1 Speed (Hz)	raw	high		dataType=DOUBLE
status_tune_logs	status.header.179	Status log field 179	MCB Fan 2 Speed (Hz)		IRawDataPlus.GetStatusLogHeaderInformation()	fieldIndex=179				MCB Fan 2 Speed (Hz)	raw	high		dataType=DOUBLE
status_tune_logs	status.header.180	Status log field 180	TXB Fan Speed (Hz)		IRawDataPlus.GetStatusLogHeaderInformation()	fieldIndex=180				TXB Fan Speed (Hz)	raw	high		dataType=DOUBLE
status_tune_logs	status.header.181	Status log field 181	Outer Elec. Bias Volt. (V)		IRawDataPlus.GetStatusLogHeaderInformation()	fieldIndex=181				Outer Elec. Bias Volt. (V)	raw	high		dataType=DOUBLE
status_tune_logs	status.header.182	Status log field 182	HF RF Amp Output Current (A)		IRawDataPlus.GetStatusLogHeaderInformation()	fieldIndex=182				HF RF Amp Output Current (A)	raw	high		dataType=DOUBLE
status_tune_logs	status.header.183	Status log field 183	HF RF Supply Voltage (V)		IRawDataPlus.GetStatusLogHeaderInformation()	fieldIndex=183				HF RF Supply Voltage (V)	raw	high		dataType=DOUBLE
status_tune_logs	status.header.184	Status log field 184	HF RF Supply Current (A)		IRawDataPlus.GetStatusLogHeaderInformation()	fieldIndex=184				HF RF Supply Current (A)	raw	high		dataType=DOUBLE
status_tune_logs	status.header.185	Status log field 185	LF RF Amp Output Current (A)		IRawDataPlus.GetStatusLogHeaderInformation()	fieldIndex=185				LF RF Amp Output Current (A)	raw	high		dataType=DOUBLE
status_tune_logs	status.header.186	Status log field 186	LF RF Supply Voltage (V)		IRawDataPlus.GetStatusLogHeaderInformation()	fieldIndex=186				LF RF Supply Voltage (V)	raw	high		dataType=DOUBLE
status_tune_logs	status.header.187	Status log field 187	LF RF Supply Current (A)		IRawDataPlus.GetStatusLogHeaderInformation()	fieldIndex=187				LF RF Supply Current (A)	raw	high		dataType=DOUBLE
status_tune_logs	status.header.188	Status log field 188	HF RF Amp Output Voltage (V)		IRawDataPlus.GetStatusLogHeaderInformation()	fieldIndex=188				HF RF Amp Output Voltage (V)	raw	high		dataType=DOUBLE
status_tune_logs	status.header.189	Status log field 189	LF RF Amp Output Voltage (V)		IRawDataPlus.GetStatusLogHeaderInformation()	fieldIndex=189				LF RF Amp Output Voltage (V)	raw	high		dataType=DOUBLE
status_tune_logs	status.header.190	Status log field 190	TX PCB temperature (°C)		IRawDataPlus.GetStatusLogHeaderInformation()	fieldIndex=190				TX PCB temperature (°C)	raw	high		dataType=DOUBLE
status_tune_logs	status.header.191	Status log field 191	DV High Frequency RF DAC (V)		IRawDataPlus.GetStatusLogHeaderInformation()	fieldIndex=191				DV High Frequency RF DAC (V)	raw	high		dataType=DOUBLE
status_tune_logs	status.header.192	Status log field 192	DV Low Frequency RF DAC  (V)		IRawDataPlus.GetStatusLogHeaderInformation()	fieldIndex=192				DV Low Frequency RF DAC  (V)	raw	high		dataType=DOUBLE
status_tune_logs	status.header.193	Status log field 193	MS Interlock 1 (V)		IRawDataPlus.GetStatusLogHeaderInformation()	fieldIndex=193				MS Interlock 1 (V)	raw	high		dataType=DOUBLE
status_tune_logs	status.header.194	Status log field 194	MS Interlock 2 (V)		IRawDataPlus.GetStatusLogHeaderInformation()	fieldIndex=194				MS Interlock 2 (V)	raw	high		dataType=DOUBLE
status_tune_logs	status.header.195	Status log field 195	Gate Drive Supply (V)		IRawDataPlus.GetStatusLogHeaderInformation()	fieldIndex=195				Gate Drive Supply (V)	raw	high		dataType=DOUBLE
scan_filters_events	scan_property.unique.0	Unique scan property: scan_stats.AbsorbanceUnitScale	0; numeric_min=0; numeric_max=0		IRawDataPlus.GetScanStatsForScanNumber	occurrences=12182; firstScan=1; lastScan=66309	1-66309	1	1	scan_stats.AbsorbanceUnitScale	summary	high		
scan_filters_events	scan_property.unique.1	Unique scan property: scan_stats.BasePeakIntensity	1068634.75; 1174347.25; 1203042.25; 1387039.75; 1416694.125; 1417118.75; 1471530.875; 1483147.625; 1495776; 1506478.625; 1536161.5; 1544756; 1558213.375; 1587991.625; 1593271; 1599623; 1602502.125; 1627770.75; 1742146.125; 1761797.25; 1766251.875; 1809853.125; 1817675.25; 1844068.125; 1908177.75; 1917992.125; 1942304.5; 1968621.75; 1983922.125; 1996502; 2026316.5; 2033300.875; 2033644.75; 2099071.25; 2104546; 2135193.25; 221443; 2238782; 2282857; 2318342.25; 2326751.5; 2374653.75; 2450963; 2471814.75; 393101.96875; 614885.5; 685578.4375; 723704.25; 731333.0625; 760804.125; numeric_min=86628.7578125; numeric_max=827265280; unique_values_truncated_at=50		IRawDataPlus.GetScanStatsForScanNumber	occurrences=12182; firstScan=1; lastScan=66309	1-66309	1	1	scan_stats.BasePeakIntensity	summary	high		
scan_filters_events	scan_property.unique.2	Unique scan property: scan_stats.BasePeakMass	353.250397; 353.2505307; 353.2505451; 353.2505574; 353.2505725; 353.250625; 353.2506285; 353.2506544; 353.2506684; 353.2506805; 353.2506958; 353.2506967; 353.2507077; 353.2507099; 353.250712; 353.25072; 353.250722; 353.2507306; 353.2507312; 353.2507436; 353.2507539; 353.2507541; 353.2507577; 353.2508039; 353.2508079; 353.2508092; 355.0699421; 355.0699872; 355.0700055; 355.0700693; 355.0700804; 355.0701896; 367.2299949; 369.1219586; 369.121996; 372.8832608; 372.8833453; 382.3134877; 382.3135052; 382.3135084; 382.3136147; 445.12003; 639.6290225; 639.6290466; 639.6290723; 639.6290885; 639.6290996; 639.629122; 639.6291573; 639.6291689; numeric_min=352.3394073; numeric_max=1074.544717; unique_values_truncated_at=50		IRawDataPlus.GetScanStatsForScanNumber	occurrences=12182; firstScan=1; lastScan=66309	1-66309	1	1	scan_stats.BasePeakMass	summary	high		
scan_filters_events	scan_property.unique.3	Unique scan property: scan_stats.CycleNumber	1; 10; 11; 12; 13; 14; 15; 16; 17; 18; 19; 2; 20; 21; 22; 23; 24; 25; 26; 27; 28; 29; 3; 30; 31; 32; 33; 34; 35; 36; 37; 38; 39; 4; 40; 41; 42; 43; 44; 45; 46; 47; 48; 49; 5; 50; 6; 7; 8; 9; numeric_min=1; numeric_max=12182; unique_values_truncated_at=50		IRawDataPlus.GetScanStatsForScanNumber	occurrences=12182; firstScan=1; lastScan=66309	1-66309	1	1	scan_stats.CycleNumber	summary	high		
scan_filters_events	scan_property.unique.4	Unique scan property: scan_stats.Frequency	0; numeric_min=0; numeric_max=0		IRawDataPlus.GetScanStatsForScanNumber	occurrences=12182; firstScan=1; lastScan=66309	1-66309	1	1	scan_stats.Frequency	summary	high		
scan_filters_events	scan_property.unique.5	Unique scan property: scan_stats.HighMass	1200; numeric_min=1200; numeric_max=1200		IRawDataPlus.GetScanStatsForScanNumber	occurrences=12182; firstScan=1; lastScan=66309	1-66309	1	1	scan_stats.HighMass	summary	high		
scan_filters_events	scan_property.unique.6	Unique scan property: scan_stats.IsCentroidScan	True		IRawDataPlus.GetScanStatsForScanNumber	occurrences=12182; firstScan=1; lastScan=66309	1-66309	1	1	scan_stats.IsCentroidScan	summary	high		
scan_filters_events	scan_property.unique.7	Unique scan property: scan_stats.IsUniformTime	False		IRawDataPlus.GetScanStatsForScanNumber	occurrences=12182; firstScan=1; lastScan=66309	1-66309	1	1	scan_stats.IsUniformTime	summary	high		
scan_filters_events	scan_property.unique.8	Unique scan property: scan_stats.LongWavelength	0; numeric_min=0; numeric_max=0		IRawDataPlus.GetScanStatsForScanNumber	occurrences=12182; firstScan=1; lastScan=66309	1-66309	1	1	scan_stats.LongWavelength	summary	high		
scan_filters_events	scan_property.unique.9	Unique scan property: scan_stats.LowMass	350; numeric_min=350; numeric_max=350		IRawDataPlus.GetScanStatsForScanNumber	occurrences=12182; firstScan=1; lastScan=66309	1-66309	1	1	scan_stats.LowMass	summary	high		
scan_filters_events	scan_property.unique.10	Unique scan property: scan_stats.NumberOfChannels	0; numeric_min=0; numeric_max=0		IRawDataPlus.GetScanStatsForScanNumber	occurrences=12182; firstScan=1; lastScan=66309	1-66309	1	1	scan_stats.NumberOfChannels	summary	high		
scan_filters_events	scan_property.unique.11	Unique scan property: scan_stats.PacketCount	10000; 10192; 10896; 11584; 11856; 14416; 14768; 14880; 15376; 15424; 15760; 15872; 4112; 4544; 5024; 5056; 5216; 5232; 5312; 5504; 6144; 6224; 6272; 6304; 6368; 6384; 6400; 6416; 6432; 6464; 6480; 6496; 6528; 6544; 6560; 6576; 6672; 6688; 6720; 6768; 6784; 6816; 6832; 6896; 7168; 7408; 8240; 8560; 8848; 8864; numeric_min=928; numeric_max=33648; unique_values_truncated_at=50		IRawDataPlus.GetScanStatsForScanNumber	occurrences=12182; firstScan=1; lastScan=66309	1-66309	1	1	scan_stats.PacketCount	summary	high		
scan_filters_events	scan_property.unique.12	Unique scan property: scan_stats.PacketType	20; numeric_min=20; numeric_max=20		IRawDataPlus.GetScanStatsForScanNumber	occurrences=12182; firstScan=1; lastScan=66309	1-66309	1	1	scan_stats.PacketType	summary	high		
scan_filters_events	scan_property.unique.13	Unique scan property: scan_stats.ScanEventNumber	0; numeric_min=0; numeric_max=0		IRawDataPlus.GetScanStatsForScanNumber	occurrences=12182; firstScan=1; lastScan=66309	1-66309	1	1	scan_stats.ScanEventNumber	summary	high		
scan_filters_events	scan_property.unique.14	Unique scan property: scan_stats.ScanNumber	1; 10; 11; 12; 14; 15; 16; 17; 2; 20; 21; 26; 27; 28; 29; 3; 30; 31; 32; 33; 38; 39; 40; 41; 42; 43; 44; 45; 46; 47; 49; 50; 51; 52; 53; 54; 55; 56; 57; 58; 59; 6; 61; 62; 64; 65; 66; 7; 8; 9; numeric_min=1; numeric_max=66309; unique_values_truncated_at=50		IRawDataPlus.GetScanStatsForScanNumber	occurrences=12182; firstScan=1; lastScan=66309	1-66309	1	1	scan_stats.ScanNumber	summary	high		
scan_filters_events	scan_property.unique.15	Unique scan property: scan_stats.SegmentNumber	0; numeric_min=0; numeric_max=0		IRawDataPlus.GetScanStatsForScanNumber	occurrences=12182; firstScan=1; lastScan=66309	1-66309	1	1	scan_stats.SegmentNumber	summary	high		
scan_filters_events	scan_property.unique.16	Unique scan property: scan_stats.ShortWavelength	0; numeric_min=0; numeric_max=0		IRawDataPlus.GetScanStatsForScanNumber	occurrences=12182; firstScan=1; lastScan=66309	1-66309	1	1	scan_stats.ShortWavelength	summary	high		
scan_filters_events	scan_property.unique.17	Unique scan property: scan_stats.SpectrumPacketType	FtCentroid		IRawDataPlus.GetScanStatsForScanNumber	occurrences=12182; firstScan=1; lastScan=66309	1-66309	1	1	scan_stats.SpectrumPacketType	summary	high		
scan_filters_events	scan_property.unique.18	Unique scan property: scan_stats.StartTime	0.003004092597961426; 0.007224411392211914; 0.01196632645924886; 0.0180855419476827; 0.02298559211095174; 0.02788554293314616; 0.03278534275690714; 0.03768534523646037; 0.04238294226328532; 0.04695139191945394; 0.05212009213765462; 0.05674502712885539; 0.06086811087926229; 0.0652425752321879; 0.07113176050186157; 0.07603952747980754; 0.08337879441579182; 0.08828346195220947; 0.09313326142628987; 0.09782010974884034; 0.1018655286471049; 0.1062867429097493; 0.11075142882665; 0.1153488264719645; 0.1226992593447367; 0.1275993770599365; 0.1324897275606791; 0.1373818940162659; 0.1422817613919576; 0.1471813784281413; 0.1520817266146342; 0.1569813953081767; 0.1618811752637227; 0.1667867766062419; 0.1722973094622294; 0.1773821936289469; 0.182281178855896; 0.1871811773618062; 0.1919577267011006; 0.1968326276779175; 0.201594812297821; 0.2061718927065531; 0.2102902279535929; 0.214498176797231; 0.2191311941782633; 0.2243135597546895; 0.2292180762926737; 0.2347285614649455; 0.2396290924390157; 0.2445281253496806; numeric_min=0.003004092597961426; numeric_max=74.98949859402974; unique_values_truncated_at=50		IRawDataPlus.GetScanStatsForScanNumber	occurrences=12182; firstScan=1; lastScan=66309	1-66309	1	1	scan_stats.StartTime	summary	high		
scan_filters_events	scan_property.unique.19	Unique scan property: scan_stats.TIC	11741735; 15306596; 15338148; 16848500; 17098132; 17420120; 18193558; 18891586; 18954970; 18987970; 19195014; 19427164; 19562584; 19731028; 20004548; 20095248; 20227822; 20706296; 20739660; 21209758; 21381016; 21860940; 21976470; 22323524; 23074202; 23321118; 24557176; 24792782; 24848542; 25067790; 25091456; 2597453.75; 26291048; 27166978; 27412762; 28387416; 28502892; 30276054; 30605854; 31654494; 32171532; 40457320; 4337362.5; 43628808; 45369000; 6994894; 8005686; 8336139.5; 8360002; 8703197; numeric_min=591153.5625; numeric_max=2947622400; unique_values_truncated_at=50		IRawDataPlus.GetScanStatsForScanNumber	occurrences=12182; firstScan=1; lastScan=66309	1-66309	1	1	scan_stats.TIC	summary	high		
scan_filters_events	scan_property.unique.20	Unique scan property: scan_stats.WavelengthStep	0; numeric_min=0; numeric_max=0		IRawDataPlus.GetScanStatsForScanNumber	occurrences=12182; firstScan=1; lastScan=66309	1-66309	1	1	scan_stats.WavelengthStep	summary	high		
scan_filters_events	scan_property.unique.21	Unique scan property: scan_stats.AbsorbanceUnitScale	0; numeric_min=0; numeric_max=0		IRawDataPlus.GetScanStatsForScanNumber	occurrences=54142; firstScan=4; lastScan=66324	4-66324	2	4	scan_stats.AbsorbanceUnitScale	summary	high		
scan_filters_events	scan_property.unique.22	Unique scan property: scan_stats.BasePeakIntensity	10385.2890625; 132824.1875; 13567.0185546875; 13888.640625; 14181.5; 14270.2734375; 146303.03125; 15280.25390625; 16010.6171875; 16185.8095703125; 17383.369140625; 18819.9921875; 18995.56640625; 19870.015625; 20076.02734375; 20098.669921875; 20212.6953125; 20436.55859375; 20537.6171875; 211193.140625; 21507.275390625; 21800.23046875; 22044.408203125; 22388.0078125; 2297.994384765625; 22989.10546875; 23059.67578125; 23365.51953125; 23745.845703125; 24336.51953125; 24726.44921875; 2581.7197265625; 25922.7109375; 281950.375; 289283.8125; 28990.193359375; 296390.15625; 3487.3203125; 4208.46826171875; 4484.47900390625; 4501.056640625; 4863.12109375; 4914.25244140625; 527004; 5839.4833984375; 5840.76708984375; 607579.9375; 741448.8125; 76365.078125; 8353.6787109375; numeric_min=1787.7548828125; numeric_max=88739072; unique_values_truncated_at=50		IRawDataPlus.GetScanStatsForScanNumber	occurrences=54142; firstScan=4; lastScan=66324	4-66324	2	4	scan_stats.BasePeakIntensity	summary	high		
scan_filters_events	scan_property.unique.23	Unique scan property: scan_stats.BasePeakMass	149.023434; 149.0447322; 149.0449791; 203.1263354; 227.9081657; 227.9091364; 227.9095905; 227.9119501; 227.9124969; 227.9133904; 227.9149435; 227.9154282; 227.9162164; 227.9174691; 227.9177212; 227.9196215; 227.9201423; 227.9211772; 227.9216481; 227.9219714; 227.922118; 227.9225435; 227.9230347; 227.9264593; 227.9287891; 227.9304682; 227.9304935; 227.9307957; 227.9316871; 227.9318728; 227.9345959; 227.9352173; 227.9357847; 227.9365628; 227.9396473; 299.0617611; 355.0694322; 355.0696133; 355.069806; 357.0679247; 357.0679918; 359.0286733; 361.0263009; 367.0708746; 385.2376947; 404.9427837; 404.9439145; 410.8817798; 416.0381943; 417.0352137; numeric_min=120.0802787; numeric_max=1508.623258; unique_values_truncated_at=50		IRawDataPlus.GetScanStatsForScanNumber	occurrences=54142; firstScan=4; lastScan=66324	4-66324	2	4	scan_stats.BasePeakMass	summary	high		
scan_filters_events	scan_property.unique.24	Unique scan property: scan_stats.CycleNumber	10; 101; 102; 107; 118; 119; 130; 135; 14; 141; 142; 149; 158; 16; 160; 161; 163; 164; 165; 167; 193; 194; 197; 204; 220; 225; 235; 237; 24; 240; 243; 244; 246; 259; 269; 273; 279; 3; 34; 45; 47; 57; 58; 66; 70; 71; 86; 88; 89; 92; numeric_min=3; numeric_max=12182; unique_values_truncated_at=50		IRawDataPlus.GetScanStatsForScanNumber	occurrences=54142; firstScan=4; lastScan=66324	4-66324	2	4	scan_stats.CycleNumber	summary	high		
scan_filters_events	scan_property.unique.25	Unique scan property: scan_stats.Frequency	0; numeric_min=0; numeric_max=0		IRawDataPlus.GetScanStatsForScanNumber	occurrences=54142; firstScan=4; lastScan=66324	4-66324	2	4	scan_stats.Frequency	summary	high		
scan_filters_events	scan_property.unique.26	Unique scan property: scan_stats.HighMass	1095.9423828125; 1108.0523681640625; 1126.40185546875; 1145.3736572265625; 1145.864501953125; 1150.7811279296875; 1151.051025390625; 1151.923583984375; 1157.916748046875; 1163.1634521484375; 1164.0882568359375; 1184.65869140625; 1200.9647216796875; 1203.787841796875; 1205.894775390625; 1212.273681640625; 1230.549072265625; 1236.441162109375; 1242.6678466796875; 1243.8489990234375; 1262.3590087890625; 1262.360107421875; 1270.3760986328125; 1279.283203125; 1279.43896484375; 1299.2362060546875; 1300.0010986328125; 1300.9873046875; 1326.519287109375; 1358.994873046875; 1415.0733642578125; 1458.5830078125; 1512.9658203125; 1518.0506591796875; 1572.8905029296875; 737.1884155273438; 737.2650146484375; 746.210205078125; 761.4913940429688; 796.3914794921875; 807.5026245117188; 830.9609375; 863.6622314453125; 863.662841796875; 870.7562866210938; 875.9267578125; 893.27587890625; 895.12451171875; 955.4650268554688; 995.2453002929688; numeric_min=735.4932250976562; numeric_max=4890.734375; unique_values_truncated_at=50		IRawDataPlus.GetScanStatsForScanNumber	occurrences=54142; firstScan=4; lastScan=66324	4-66324	2	4	scan_stats.HighMass	summary	high		
scan_filters_events	scan_property.unique.27	Unique scan property: scan_stats.IsCentroidScan	True		IRawDataPlus.GetScanStatsForScanNumber	occurrences=54142; firstScan=4; lastScan=66324	4-66324	2	4	scan_stats.IsCentroidScan	summary	high		
scan_filters_events	scan_property.unique.28	Unique scan property: scan_stats.IsUniformTime	False		IRawDataPlus.GetScanStatsForScanNumber	occurrences=54142; firstScan=4; lastScan=66324	4-66324	2	4	scan_stats.IsUniformTime	summary	high		
scan_filters_events	scan_property.unique.29	Unique scan property: scan_stats.LongWavelength	0; numeric_min=0; numeric_max=0		IRawDataPlus.GetScanStatsForScanNumber	occurrences=54142; firstScan=4; lastScan=66324	4-66324	2	4	scan_stats.LongWavelength	summary	high		
scan_filters_events	scan_property.unique.30	Unique scan property: scan_stats.LowMass	120; numeric_min=120; numeric_max=120		IRawDataPlus.GetScanStatsForScanNumber	occurrences=54142; firstScan=4; lastScan=66324	4-66324	2	4	scan_stats.LowMass	summary	high		
scan_filters_events	scan_property.unique.31	Unique scan property: scan_stats.NumberOfChannels	0; numeric_min=0; numeric_max=0		IRawDataPlus.GetScanStatsForScanNumber	occurrences=54142; firstScan=4; lastScan=66324	4-66324	2	4	scan_stats.NumberOfChannels	summary	high		
scan_filters_events	scan_property.unique.32	Unique scan property: scan_stats.PacketCount	1008; 1040; 1056; 1088; 1120; 1136; 1152; 1248; 1344; 1360; 1376; 1408; 1424; 1440; 1520; 1584; 1648; 1696; 1728; 1744; 1824; 1888; 560; 576; 592; 608; 624; 640; 656; 672; 688; 704; 720; 736; 752; 768; 784; 800; 816; 832; 848; 864; 880; 896; 912; 928; 944; 960; 976; 992; numeric_min=560; numeric_max=21328; unique_values_truncated_at=50		IRawDataPlus.GetScanStatsForScanNumber	occurrences=54142; firstScan=4; lastScan=66324	4-66324	2	4	scan_stats.PacketCount	summary	high		
scan_filters_events	scan_property.unique.33	Unique scan property: scan_stats.PacketType	20; numeric_min=20; numeric_max=20		IRawDataPlus.GetScanStatsForScanNumber	occurrences=54142; firstScan=4; lastScan=66324	4-66324	2	4	scan_stats.PacketType	summary	high		
scan_filters_events	scan_property.unique.34	Unique scan property: scan_stats.ScanEventNumber	1; numeric_min=1; numeric_max=1		IRawDataPlus.GetScanStatsForScanNumber	occurrences=54142; firstScan=4; lastScan=66324	4-66324	2	4	scan_stats.ScanEventNumber	summary	high		
scan_filters_events	scan_property.unique.35	Unique scan property: scan_stats.ScanNumber	100; 101; 102; 103; 104; 105; 106; 107; 108; 109; 110; 112; 128; 13; 131; 132; 133; 134; 136; 140; 141; 151; 18; 19; 22; 23; 24; 25; 34; 35; 36; 37; 4; 48; 5; 60; 63; 74; 75; 76; 77; 79; 80; 89; 90; 91; 92; 93; 98; 99; numeric_min=4; numeric_max=66324; unique_values_truncated_at=50		IRawDataPlus.GetScanStatsForScanNumber	occurrences=54142; firstScan=4; lastScan=66324	4-66324	2	4	scan_stats.ScanNumber	summary	high		
scan_filters_events	scan_property.unique.36	Unique scan property: scan_stats.SegmentNumber	0; numeric_min=0; numeric_max=0		IRawDataPlus.GetScanStatsForScanNumber	occurrences=54142; firstScan=4; lastScan=66324	4-66324	2	4	scan_stats.SegmentNumber	summary	high		
scan_filters_events	scan_property.unique.37	Unique scan property: scan_stats.ShortWavelength	0; numeric_min=0; numeric_max=0		IRawDataPlus.GetScanStatsForScanNumber	occurrences=54142; firstScan=4; lastScan=66324	4-66324	2	4	scan_stats.ShortWavelength	summary	high		
scan_filters_events	scan_property.unique.38	Unique scan property: scan_stats.SpectrumPacketType	FtCentroid		IRawDataPlus.GetScanStatsForScanNumber	occurrences=54142; firstScan=4; lastScan=66324	4-66324	2	4	scan_stats.SpectrumPacketType	summary	high		
scan_filters_events	scan_property.unique.39	Unique scan property: scan_stats.StartTime	0.01431978584925334; 0.0149275187810262; 0.04929900210698446; 0.06759590349197388; 0.06820352118810018; 0.0783926689783732; 0.0790062868754069; 0.07961936833063761; 0.0802277052561442; 0.1177021189689636; 0.1183097366650899; 0.1189327363332113; 0.1195406043688456; 0.1691348199208578; 0.2214792533874512; 0.2315660878181457; 0.2772313042640686; 0.2778442704836527; 0.2784572883605957; 0.2790650848706563; 0.2847192053159078; 0.285327121035258; 0.324662936147054; 0.3252764030456543; 0.3258899851799011; 0.3265031182924906; 0.3271113519032796; 0.3445875211715698; 0.3451951348940531; 0.3458208684285481; 0.3464339379628499; 0.3470472022056579; 0.347660454527537; 0.3482739373207092; 0.348887535349528; 0.3495004220962524; 0.3501135194460551; 0.3507264220873514; 0.3513396028836568; 0.3519472046852112; 0.3574619694709777; 0.4291775032043457; 0.4389718536694844; 0.4395795707066854; 0.4402046883265177; 0.4408125364939371; 0.4459718708356221; 0.4604129199345907; 0.4610208714167277; 0.5036792044003805; numeric_min=0.01431978584925334; numeric_max=75.00065075200399; unique_values_truncated_at=50		IRawDataPlus.GetScanStatsForScanNumber	occurrences=54142; firstScan=4; lastScan=66324	4-66324	2	4	scan_stats.StartTime	summary	high		
scan_filters_events	scan_property.unique.40	Unique scan property: scan_stats.TIC	1016596.8125; 10365.078125; 105406.078125; 1189653.625; 1350226; 1520015.75; 15268.02734375; 16645.56640625; 172251.875; 18944.306640625; 19263.984375; 201633.875; 25690.421875; 30077.296875; 317163.25; 32900.734375; 33961.6875; 34897.65625; 35100.578125; 369563.1875; 38885.578125; 392880.75; 40851.7578125; 42327.4140625; 42635.9296875; 44272.70703125; 45582.40625; 45696.34375; 48366.5625; 50024.5078125; 53941.46875; 56924.8515625; 57735.7890625; 59148.765625; 60886.734375; 62218.4375; 62701.578125; 6406.00390625; 65119.640625; 65376.34375; 65965.6953125; 66899.8671875; 67329.4296875; 6992.6875; 733472.6875; 736209.25; 8115.373046875; 9134.869140625; 9759.111328125; 990714.3125; numeric_min=4528.76953125; numeric_max=791054848; unique_values_truncated_at=50		IRawDataPlus.GetScanStatsForScanNumber	occurrences=54142; firstScan=4; lastScan=66324	4-66324	2	4	scan_stats.TIC	summary	high		
scan_filters_events	scan_property.unique.41	Unique scan property: scan_stats.WavelengthStep	0; numeric_min=0; numeric_max=0		IRawDataPlus.GetScanStatsForScanNumber	occurrences=54142; firstScan=4; lastScan=66324	4-66324	2	4	scan_stats.WavelengthStep	summary	high		
scan_filters_events	scan_stats.centroid_profile.0	Centroid/profile mode: 	centroid=True; packet=FtCentroid		IRawDataPlus.GetScanStatsForScanNumber	occurrences=12182; firstScan=1; lastScan=66309	1-66309	1	1		summary	high		
scan_filters_events	scan_stats.centroid_profile.1	Centroid/profile mode: 	centroid=True; packet=FtCentroid		IRawDataPlus.GetScanStatsForScanNumber	occurrences=54142; firstScan=4; lastScan=66324	4-66324	2	4		summary	high		
trailer_extra	trailer.value.0	Trailer extra value summary: AGC	On		IRawDataPlus.GetTrailerExtraInformation	occurrences=12182; firstScan=1; lastScan=66309	1-66309	1	1	AGC	summary	high		
trailer_extra	trailer.value.1	Trailer extra value summary: AGC Diag 1	0.0000; numeric_min=0; numeric_max=0		IRawDataPlus.GetTrailerExtraInformation	occurrences=12182; firstScan=1; lastScan=66309	1-66309	1	1	AGC Diag 1	summary	high		
trailer_extra	trailer.value.2	Trailer extra value summary: AGC Diag 2	0.0000; numeric_min=0; numeric_max=0		IRawDataPlus.GetTrailerExtraInformation	occurrences=12182; firstScan=1; lastScan=66309	1-66309	1	1	AGC Diag 2	summary	high		
trailer_extra	trailer.value.3	Trailer extra value summary: AGC Fill	0.08; 0.09; 0.10; 0.11; 0.16; 0.23; 0.24; 0.26; 0.30; 0.33; 0.36; 0.41; 0.43; 0.44; 0.61; 0.62; 0.66; 0.68; 0.69; 0.70; 0.71; 0.72; 0.73; 0.74; 0.75; 0.76; 0.77; 0.78; 0.79; 0.80; 0.81; 0.82; 0.83; 0.84; 0.85; 0.86; 0.87; 0.88; 0.89; 0.90; 0.91; 0.92; 0.93; 0.94; 0.95; 0.96; 0.97; 0.98; 0.99; 1.00; numeric_min=0.02; numeric_max=1; unique_values_truncated_at=50		IRawDataPlus.GetTrailerExtraInformation	occurrences=12182; firstScan=1; lastScan=66309	1-66309	1	1	AGC Fill	summary	high		
trailer_extra	trailer.value.4	Trailer extra value summary: AGC PS Diag	3501200; numeric_min=3501200; numeric_max=3501200		IRawDataPlus.GetTrailerExtraInformation	occurrences=12182; firstScan=1; lastScan=66309	1-66309	1	1	AGC PS Diag	summary	high		
trailer_extra	trailer.value.5	Trailer extra value summary: AGC PS Mode	1; numeric_min=1; numeric_max=1		IRawDataPlus.GetTrailerExtraInformation	occurrences=12182; firstScan=1; lastScan=66309	1-66309	1	1	AGC PS Mode	summary	high		
trailer_extra	trailer.value.6	Trailer extra value summary: AGC Target	3000000; numeric_min=3000000; numeric_max=3000000		IRawDataPlus.GetTrailerExtraInformation	occurrences=12182; firstScan=1; lastScan=66309	1-66309	1	1	AGC Target	summary	high		
trailer_extra	trailer.value.7	Trailer extra value summary: AGC Target Adjust	1.00; numeric_min=1; numeric_max=1		IRawDataPlus.GetTrailerExtraInformation	occurrences=12182; firstScan=1; lastScan=66309	1-66309	1	1	AGC Target Adjust	summary	high		
trailer_extra	trailer.value.8	Trailer extra value summary: APD	On		IRawDataPlus.GetTrailerExtraInformation	occurrences=12182; firstScan=1; lastScan=66309	1-66309	1	1	APD	summary	high		
trailer_extra	trailer.value.9	Trailer extra value summary: Access Id	0; numeric_min=0; numeric_max=0		IRawDataPlus.GetTrailerExtraInformation	occurrences=12182; firstScan=1; lastScan=66309	1-66309	1	1	Access Id	summary	high		
trailer_extra	trailer.value.10	Trailer extra value summary: Analog In A (V)	0.000; numeric_min=0; numeric_max=0		IRawDataPlus.GetTrailerExtraInformation	occurrences=12182; firstScan=1; lastScan=66309	1-66309	1	1	Analog In A (V)	summary	high		
trailer_extra	trailer.value.11	Trailer extra value summary: Analog In B (V)	0.000; numeric_min=0; numeric_max=0		IRawDataPlus.GetTrailerExtraInformation	occurrences=12182; firstScan=1; lastScan=66309	1-66309	1	1	Analog In B (V)	summary	high		
trailer_extra	trailer.value.12	Trailer extra value summary: Analyzer Temperature	37.75; 37.76; 37.77; 37.78; 37.79; 37.80; 37.81; 37.82; 37.83; 37.84; 37.85; 37.86; 37.87; 37.88; 37.89; 37.90; 37.91; 37.92; 37.93; 37.94; numeric_min=37.75; numeric_max=37.94		IRawDataPlus.GetTrailerExtraInformation	occurrences=12182; firstScan=1; lastScan=66309	1-66309	1	1	Analyzer Temperature	summary	high		
trailer_extra	trailer.value.13	Trailer extra value summary: Application Mode	Standard		IRawDataPlus.GetTrailerExtraInformation	occurrences=12182; firstScan=1; lastScan=66309	1-66309	1	1	Application Mode	summary	high		
trailer_extra	trailer.value.14	Trailer extra value summary: Charge State	0; numeric_min=0; numeric_max=0		IRawDataPlus.GetTrailerExtraInformation	occurrences=12182; firstScan=1; lastScan=66309	1-66309	1	1	Charge State	summary	high		
trailer_extra	trailer.value.15	Trailer extra value summary: Conversion Parameter B	169481636.4200; 169482484.2432; 169482545.2080; 169482600.1658; 169482622.1975; 169482732.6037; 169482748.4449; 169482760.9885; 169482807.6422; 169482828.3334; 169482831.3629; 169482833.4340; 169482849.8466; 169482855.6960; 169482857.5649; 169482866.6895; 169482869.5825; 169482869.8341; 169482874.1423; 169482875.4776; 169482879.9139; 169482888.7195; 169482889.7033; 169482892.5954; 169482892.7727; 169482895.2423; 169482901.5760; 169482903.1943; 169482909.8428; 169482910.3287; 169482915.6227; 169482924.9183; 169482940.5087; 169482949.0106; 169482949.7173; 169482951.2076; 169482964.5128; 169482976.5683; 169482978.9711; 169482982.1704; 169482999.2994; 169483031.0292; 169483074.8503; 169483124.9654; 169483137.1015; 169483147.2596; 169483162.1287; 169483166.6002; 169483211.9432; 169483256.2800; numeric_min=169480137.6741; numeric_max=169483546.8016; unique_values_truncated_at=50		IRawDataPlus.GetTrailerExtraInformation	occurrences=12182; firstScan=1; lastScan=66309	1-66309	1	1	Conversion Parameter B	summary	high		
trailer_extra	trailer.value.16	Trailer extra value summary: Conversion Parameter C	55008507.1818; 55009057.5410; 55009097.1077; 55009132.7877; 55009147.0931; 55009218.7594; 55009229.0352; 55009237.1862; 55009267.4678; 55009280.9025; 55009282.8710; 55009284.2204; 55009294.8676; 55009298.6700; 55009299.8816; 55009305.7933; 55009307.6731; 55009307.8325; 55009310.6351; 55009311.5070; 55009314.3762; 55009320.0983; 55009320.7451; 55009322.6191; 55009322.7377; 55009324.3358; 55009328.4424; 55009329.4894; 55009333.8148; 55009334.1279; 55009337.5669; 55009343.5952; 55009353.7175; 55009359.2384; 55009359.7036; 55009360.6674; 55009369.2959; 55009377.1275; 55009378.6872; 55009380.7691; 55009391.8821; 55009412.4770; 55009440.9317; 55009473.4608; 55009481.3296; 55009487.9293; 55009497.5788; 55009500.4871; 55009529.9132; 55009558.6991; numeric_min=55007534.2841; numeric_max=55009747.282; unique_values_truncated_at=50		IRawDataPlus.GetTrailerExtraInformation	occurrences=12182; firstScan=1; lastScan=66309	1-66309	1	1	Conversion Parameter C	summary	high		
trailer_extra	trailer.value.17	Trailer extra value summary: Dynamic RT Shift (min)	0.00; numeric_min=0; numeric_max=0		IRawDataPlus.GetTrailerExtraInformation	occurrences=12182; firstScan=1; lastScan=66309	1-66309	1	1	Dynamic RT Shift (min)	summary	high		
trailer_extra	trailer.value.18	Trailer extra value summary: Error in isotopic envelope fit	-1.00; numeric_min=-1; numeric_max=-1		IRawDataPlus.GetTrailerExtraInformation	occurrences=12182; firstScan=1; lastScan=66309	1-66309	1	1	Error in isotopic envelope fit	summary	high		
trailer_extra	trailer.value.19	Trailer extra value summary: FAIMS Attached	No		IRawDataPlus.GetTrailerExtraInformation	occurrences=12182; firstScan=1; lastScan=66309	1-66309	1	1	FAIMS Attached	summary	high		
trailer_extra	trailer.value.20	Trailer extra value summary: FAIMS CV	0.000; numeric_min=0; numeric_max=0		IRawDataPlus.GetTrailerExtraInformation	occurrences=12182; firstScan=1; lastScan=66309	1-66309	1	1	FAIMS CV	summary	high		
trailer_extra	trailer.value.21	Trailer extra value summary: FAIMS Voltage On	No		IRawDataPlus.GetTrailerExtraInformation	occurrences=12182; firstScan=1; lastScan=66309	1-66309	1	1	FAIMS Voltage On	summary	high		
trailer_extra	trailer.value.22	Trailer extra value summary: FT Resolution	60000; numeric_min=60000; numeric_max=60000		IRawDataPlus.GetTrailerExtraInformation	occurrences=12182; firstScan=1; lastScan=66309	1-66309	1	1	FT Resolution	summary	high		
trailer_extra	trailer.value.23	Trailer extra value summary: Funnel RF Level	40.00; numeric_min=40; numeric_max=40		IRawDataPlus.GetTrailerExtraInformation	occurrences=12182; firstScan=1; lastScan=66309	1-66309	1	1	Funnel RF Level	summary	high		
trailer_extra	trailer.value.24	Trailer extra value summary: Inj Para R	0; numeric_min=0; numeric_max=0		IRawDataPlus.GetTrailerExtraInformation	occurrences=12182; firstScan=1; lastScan=66309	1-66309	1	1	Inj Para R	summary	high		
trailer_extra	trailer.value.25	Trailer extra value summary: Injection t0	0.008; 0.016; 0.017; 0.018; 0.019; 0.020; 0.021; 0.022; 0.023; 0.024; 0.025; 0.026; 0.027; 0.028; 0.029; 0.030; 0.031; 0.032; 0.033; 0.034; 0.035; 0.036; 0.037; 0.038; 0.039; 0.041; 0.042; 0.043; 0.044; 0.045; 0.046; 0.047; 0.048; 0.050; 0.052; 0.053; 0.055; 0.056; 0.057; 0.060; 0.061; 0.062; 0.063; 0.067; 0.076; 0.086; 0.089; 0.093; 0.116; 0.129; numeric_min=-0.129; numeric_max=0.169; unique_values_truncated_at=50		IRawDataPlus.GetTrailerExtraInformation	occurrences=12182; firstScan=1; lastScan=66309	1-66309	1	1	Injection t0	summary	high		
trailer_extra	trailer.value.26	Trailer extra value summary: Ion Injection Time (ms)	100.705; 101.634; 102.725; 102.840; 103.313; 103.904; 106.246; 106.728; 106.952; 106.959; 109.519; 109.619; 110.900; 111.636; 114.761; 116.411; 117.146; 117.851; 117.959; 118.217; 118.488; 118.707; 119.000; 27.570; 68.179; 68.374; 69.420; 71.334; 72.273; 72.867; 73.473; 73.851; 77.296; 78.019; 78.431; 79.895; 84.444; 84.953; 85.847; 87.331; 88.128; 90.346; 91.243; 93.213; 96.999; 98.391; 98.768; 99.159; 99.205; 99.613; numeric_min=0.801; numeric_max=119; unique_values_truncated_at=50		IRawDataPlus.GetTrailerExtraInformation	occurrences=12182; firstScan=1; lastScan=66309	1-66309	1	1	Ion Injection Time (ms)	summary	high		
trailer_extra	trailer.value.27	Trailer extra value summary: Iso Para R	1; numeric_min=1; numeric_max=1		IRawDataPlus.GetTrailerExtraInformation	occurrences=12182; firstScan=1; lastScan=66309	1-66309	1	1	Iso Para R	summary	high		
trailer_extra	trailer.value.28	Trailer extra value summary: LC FWHM parameter	8.2; numeric_min=8.2; numeric_max=8.2		IRawDataPlus.GetTrailerExtraInformation	occurrences=12182; firstScan=1; lastScan=66309	1-66309	1	1	LC FWHM parameter	summary	high		
trailer_extra	trailer.value.29	Trailer extra value summary: LM Search Window (mmu)	0.0; numeric_min=0; numeric_max=0		IRawDataPlus.GetTrailerExtraInformation	occurrences=12182; firstScan=1; lastScan=66309	1-66309	1	1	LM Search Window (mmu)	summary	high		
trailer_extra	trailer.value.30	Trailer extra value summary: LM Search Window (ppm)	15.0; 21.7; numeric_min=15; numeric_max=21.7		IRawDataPlus.GetTrailerExtraInformation	occurrences=12182; firstScan=1; lastScan=66309	1-66309	1	1	LM Search Window (ppm)	summary	high		
trailer_extra	trailer.value.31	Trailer extra value summary: LM m/z-Correction (ppm)	-0.00; -0.01; -0.02; -0.04; -0.05; -0.06; -0.07; -0.09; -0.11; -0.12; -0.14; -0.15; -0.16; -0.18; -0.24; -0.26; -0.31; -0.35; -0.37; -0.38; -0.46; -0.63; -0.64; -0.67; -0.89; -0.94; -1.27; -1.30; -1.71; -2.11; -2.35; -2.90; -6.62; 0.01; 0.03; 0.08; 0.10; 0.11; 0.12; 0.16; 0.18; 0.24; 0.28; 0.30; 0.35; 0.36; 0.37; 0.43; 0.53; 0.61; numeric_min=-9.3; numeric_max=5.4; unique_values_truncated_at=50		IRawDataPlus.GetTrailerExtraInformation	occurrences=12182; firstScan=1; lastScan=66309	1-66309	1	1	LM m/z-Correction (ppm)	summary	high		
trailer_extra	trailer.value.32	Trailer extra value summary: Last Locking (sec)	0.00; numeric_min=0; numeric_max=0		IRawDataPlus.GetTrailerExtraInformation	occurrences=12182; firstScan=1; lastScan=66309	1-66309	1	1	Last Locking (sec)	summary	high		
trailer_extra	trailer.value.33	Trailer extra value summary: Lock Mass #1 (m/z)	445.1200; numeric_min=445.12; numeric_max=445.12		IRawDataPlus.GetTrailerExtraInformation	occurrences=12182; firstScan=1; lastScan=66309	1-66309	1	1	Lock Mass #1 (m/z)	summary	high		
trailer_extra	trailer.value.34	Trailer extra value summary: Lock Mass #2 (m/z)	0.0000; numeric_min=0; numeric_max=0		IRawDataPlus.GetTrailerExtraInformation	occurrences=12182; firstScan=1; lastScan=66309	1-66309	1	1	Lock Mass #2 (m/z)	summary	high		
trailer_extra	trailer.value.35	Trailer extra value summary: Lock Mass #3 (m/z)	0.0000; numeric_min=0; numeric_max=0		IRawDataPlus.GetTrailerExtraInformation	occurrences=12182; firstScan=1; lastScan=66309	1-66309	1	1	Lock Mass #3 (m/z)	summary	high		
trailer_extra	trailer.value.36	Trailer extra value summary: MS2 Isolation Offset	0.00; numeric_min=0; numeric_max=0		IRawDataPlus.GetTrailerExtraInformation	occurrences=12182; firstScan=1; lastScan=66309	1-66309	1	1	MS2 Isolation Offset	summary	high		
trailer_extra	trailer.value.37	Trailer extra value summary: MS2 Isolation Width	850.00; numeric_min=850; numeric_max=850		IRawDataPlus.GetTrailerExtraInformation	occurrences=12182; firstScan=1; lastScan=66309	1-66309	1	1	MS2 Isolation Width	summary	high		
trailer_extra	trailer.value.38	Trailer extra value summary: Master Index	0; numeric_min=0; numeric_max=0		IRawDataPlus.GetTrailerExtraInformation	occurrences=12182; firstScan=1; lastScan=66309	1-66309	1	1	Master Index	summary	high		
trailer_extra	trailer.value.39	Trailer extra value summary: Master Scan Number	0; numeric_min=0; numeric_max=0		IRawDataPlus.GetTrailerExtraInformation	occurrences=12182; firstScan=1; lastScan=66309	1-66309	1	1	Master Scan Number	summary	high		
trailer_extra	trailer.value.40	Trailer extra value summary: Max. Ion Time (ms)	119.00; 84.50; 84.93; 85.02; 85.17; 85.18; 85.26; 85.54; 85.60; 85.64; 85.83; 85.89; 85.93; 86.00; 86.16; 86.25; 86.38; 86.73; 86.87; 86.90; 86.98; 87.22; 87.48; 87.51; 87.58; 87.59; 87.70; 87.80; 87.83; 87.90; 87.92; 88.05; 88.06; 88.46; 88.57; 88.60; 88.73; 88.77; 88.89; 88.93; 89.20; 89.50; 89.54; 89.57; 89.71; 90.09; 90.14; 90.89; 90.99; 92.72; numeric_min=84.5; numeric_max=119; unique_values_truncated_at=50		IRawDataPlus.GetTrailerExtraInformation	occurrences=12182; firstScan=1; lastScan=66309	1-66309	1	1	Max. Ion Time (ms)	summary	high		
trailer_extra	trailer.value.41	Trailer extra value summary: Micro Scan Count	1; numeric_min=1; numeric_max=1		IRawDataPlus.GetTrailerExtraInformation	occurrences=12182; firstScan=1; lastScan=66309	1-66309	1	1	Micro Scan Count	summary	high		
trailer_extra	trailer.value.42	Trailer extra value summary: Mild Trapping Mode	Off		IRawDataPlus.GetTrailerExtraInformation	occurrences=12182; firstScan=1; lastScan=66309	1-66309	1	1	Mild Trapping Mode	summary	high		
trailer_extra	trailer.value.43	Trailer extra value summary: Monoisotopic M/Z	0.0000; numeric_min=0; numeric_max=0		IRawDataPlus.GetTrailerExtraInformation	occurrences=12182; firstScan=1; lastScan=66309	1-66309	1	1	Monoisotopic M/Z	summary	high		
trailer_extra	trailer.value.44	Trailer extra value summary: Multi Inject Info	IT=100; IT=101; IT=102; IT=103; IT=104; IT=105; IT=106; IT=107; IT=108; IT=109; IT=110; IT=111; IT=112; IT=113; IT=114; IT=115; IT=116; IT=117; IT=118; IT=119; IT=28; IT=64; IT=66; IT=68; IT=69; IT=70; IT=71; IT=72; IT=73; IT=74; IT=75; IT=76; IT=77; IT=78; IT=80; IT=84; IT=85; IT=86; IT=87; IT=88; IT=89; IT=90; IT=91; IT=92; IT=93; IT=95; IT=96; IT=97; IT=98; IT=99; numeric_min=0.8; numeric_max=119; unique_values_truncated_at=50		IRawDataPlus.GetTrailerExtraInformation	occurrences=12182; firstScan=1; lastScan=66309	1-66309	1	1	Multi Inject Info	summary	high		
trailer_extra	trailer.value.45	Trailer extra value summary: Multiple Injection	i		IRawDataPlus.GetTrailerExtraInformation	occurrences=12182; firstScan=1; lastScan=66309	1-66309	1	1	Multiple Injection	summary	high		
trailer_extra	trailer.value.46	Trailer extra value summary: Number of LM Found	1; numeric_min=1; numeric_max=1		IRawDataPlus.GetTrailerExtraInformation	occurrences=12182; firstScan=1; lastScan=66309	1-66309	1	1	Number of LM Found	summary	high		
trailer_extra	trailer.value.47	Trailer extra value summary: Number of Lock Masses	1; numeric_min=1; numeric_max=1		IRawDataPlus.GetTrailerExtraInformation	occurrences=12182; firstScan=1; lastScan=66309	1-66309	1	1	Number of Lock Masses	summary	high		
trailer_extra	trailer.value.48	Trailer extra value summary: OT Intens Comp Factor	0.7682; 0.8534; 0.8631; 0.9626; 0.9992; 1.0093; 1.0102; 1.0202; 1.0797; 1.1315; 1.1370; 1.1596; 1.1863; 1.2197; 1.2279; 1.2337; 1.2362; 1.2415; 1.2422; 1.2576; 1.2737; 1.2750; 1.2805; 1.2855; 1.2873; 1.2997; 1.3015; 1.3125; 1.3258; 1.3306; 1.3323; 1.3354; 1.3364; 1.3476; 1.3494; 1.3579; 1.3598; 1.3601; 1.3714; 1.3882; 1.4010; 1.4053; 1.4095; 1.4161; 1.4187; 1.4188; 1.4244; 1.4290; 1.4291; 1.4301; numeric_min=0.5525; numeric_max=2; unique_values_truncated_at=50		IRawDataPlus.GetTrailerExtraInformation	occurrences=12182; firstScan=1; lastScan=66309	1-66309	1	1	OT Intens Comp Factor	summary	high		
trailer_extra	trailer.value.49	Trailer extra value summary: PS Inj. Time (ms)	0.320; 11.363; 12.045; 12.144; 12.246; 12.308; 12.883; 13.003; 13.072; 13.316; 14.074; 14.159; 14.688; 15.058; 15.535; 16.166; 16.527; 16.534; 16.602; 17.121; 17.708; 17.825; 17.827; 18.483; 18.606; 19.402; 19.524; 19.642; 19.660; 19.748; 19.784; 20.082; 20.495; 20.720; 20.908; 21.441; 21.499; 21.831; 21.893; 22.170; 22.641; 22.974; 22.975; 23.184; 23.317; 23.566; 24.774; 25.000; 4.595; 5.750; numeric_min=0.129; numeric_max=25; unique_values_truncated_at=50		IRawDataPlus.GetTrailerExtraInformation	occurrences=12182; firstScan=1; lastScan=66309	1-66309	1	1	PS Inj. Time (ms)	summary	high		
trailer_extra	trailer.value.50	Trailer extra value summary: PhiSDM	Off		IRawDataPlus.GetTrailerExtraInformation	occurrences=12182; firstScan=1; lastScan=66309	1-66309	1	1	PhiSDM	summary	high		
trailer_extra	trailer.value.51	Trailer extra value summary: PhiSDM Flagging	Off		IRawDataPlus.GetTrailerExtraInformation	occurrences=12182; firstScan=1; lastScan=66309	1-66309	1	1	PhiSDM Flagging	summary	high		
trailer_extra	trailer.value.52	Trailer extra value summary: PhiSDM Iterations	50; numeric_min=50; numeric_max=50		IRawDataPlus.GetTrailerExtraInformation	occurrences=12182; firstScan=1; lastScan=66309	1-66309	1	1	PhiSDM Iterations	summary	high		
trailer_extra	trailer.value.53	Trailer extra value summary: PhiSDM Processing Time ms	0; numeric_min=0; numeric_max=0		IRawDataPlus.GetTrailerExtraInformation	occurrences=12182; firstScan=1; lastScan=66309	1-66309	1	1	PhiSDM Processing Time ms	summary	high		
trailer_extra	trailer.value.54	Trailer extra value summary: PrOSA Comp	0.970; 0.973; 0.975; 0.976; 0.977; 0.978; 0.980; 0.982; 0.983; 0.984; 0.985; 0.990; 0.992; 0.993; 0.994; 0.995; 0.999; 1.000; 1.001; 1.005; 1.006; 1.009; 1.010; 1.015; 1.019; 1.022; 1.028; 1.029; 1.031; 1.032; 1.033; 1.035; 1.036; 1.037; 1.038; 1.041; 1.043; 1.045; 1.048; 1.057; 1.069; 1.078; 1.143; 1.151; 1.158; 1.177; 1.286; 1.289; 1.402; 1.438; numeric_min=0.97; numeric_max=4.487; unique_values_truncated_at=50		IRawDataPlus.GetTrailerExtraInformation	occurrences=12182; firstScan=1; lastScan=66309	1-66309	1	1	PrOSA Comp	summary	high		
trailer_extra	trailer.value.55	Trailer extra value summary: PrOSA NumF	0; 1; numeric_min=0; numeric_max=1		IRawDataPlus.GetTrailerExtraInformation	occurrences=12182; firstScan=1; lastScan=66309	1-66309	1	1	PrOSA NumF	summary	high		
trailer_extra	trailer.value.56	Trailer extra value summary: PrOSA ScScr	0.792; numeric_min=0.792; numeric_max=0.792		IRawDataPlus.GetTrailerExtraInformation	occurrences=12182; firstScan=1; lastScan=66309	1-66309	1	1	PrOSA ScScr	summary	high		
trailer_extra	trailer.value.57	Trailer extra value summary: Q Trans Comp	1.000; numeric_min=1; numeric_max=1		IRawDataPlus.GetTrailerExtraInformation	occurrences=12182; firstScan=1; lastScan=66309	1-66309	1	1	Q Trans Comp	summary	high		
trailer_extra	trailer.value.58	Trailer extra value summary: RF Comp. (ppm)	0.00; numeric_min=0; numeric_max=0		IRawDataPlus.GetTrailerExtraInformation	occurrences=12182; firstScan=1; lastScan=66309	1-66309	1	1	RF Comp. (ppm)	summary	high		
trailer_extra	trailer.value.59	Trailer extra value summary: RawOvFtT	1029021.1; 1031991.1; 1062987.9; 1249168.1; 1410801.6; 1428040.5; 1498670.4; 1582168.5; 1686438.6; 1712167.0; 1730405.6; 1738020.1; 1754645.2; 1756970.9; 1805060.2; 1855272.1; 1859291.0; 1859404.9; 1876653.1; 1892268.8; 1897959.2; 1936525.6; 1942197.4; 1976489.9; 2018205.8; 2033169.8; 2038501.6; 2048028.6; 2051291.0; 2086278.8; 2092003.9; 2118404.0; 2124436.2; 2125415.0; 2160727.0; 2212999.2; 2254407.8; 2274262.2; 2323901.0; 2335861.2; 2336241.8; 2361736.2; 2382773.0; 2383324.5; 2388011.0; 420550.5; 633467.7; 657813.7; 906440.9; 998045.8; numeric_min=8047.5; numeric_max=12789517; unique_values_truncated_at=50		IRawDataPlus.GetTrailerExtraInformation	occurrences=12182; firstScan=1; lastScan=66309	1-66309	1	1	RawOvFtT	summary	high		
trailer_extra	trailer.value.60	Trailer extra value summary: Res. Dep. Intens	1.059; 1.060; 1.061; 1.063; 1.065; 1.066; 1.067; 1.068; 1.069; 1.070; 1.071; 1.072; 1.073; 1.074; 1.077; 1.081; 1.085; 1.087; 1.091; 1.094; 1.098; 1.100; 1.102; 1.104; 1.114; 1.115; 1.120; 1.124; 1.128; 1.138; 1.144; 1.147; 1.153; 1.157; 1.169; 1.177; 1.181; 1.186; 1.192; 1.207; 1.223; 1.226; 1.229; 1.232; 1.236; 1.238; 1.281; 1.288; 1.290; 1.432; numeric_min=1; numeric_max=7.043; unique_values_truncated_at=50		IRawDataPlus.GetTrailerExtraInformation	occurrences=12182; firstScan=1; lastScan=66309	1-66309	1	1	Res. Dep. Intens	summary	high		
trailer_extra	trailer.value.61	Trailer extra value summary: Resolution Comp. (ppm)	0.03; numeric_min=0.03; numeric_max=0.03		IRawDataPlus.GetTrailerExtraInformation	occurrences=12182; firstScan=1; lastScan=66309	1-66309	1	1	Resolution Comp. (ppm)	summary	high		
trailer_extra	trailer.value.62	Trailer extra value summary: Scan Event	1; numeric_min=1; numeric_max=1		IRawDataPlus.GetTrailerExtraInformation	occurrences=12182; firstScan=1; lastScan=66309	1-66309	1	1	Scan Event	summary	high		
trailer_extra	trailer.value.63	Trailer extra value summary: Scan Segment	1; numeric_min=1; numeric_max=1		IRawDataPlus.GetTrailerExtraInformation	occurrences=12182; firstScan=1; lastScan=66309	1-66309	1	1	Scan Segment	summary	high		
trailer_extra	trailer.value.64	Trailer extra value summary: Source CID eV	0.000; numeric_min=0; numeric_max=0		IRawDataPlus.GetTrailerExtraInformation	occurrences=12182; firstScan=1; lastScan=66309	1-66309	1	1	Source CID eV	summary	high		
trailer_extra	trailer.value.65	Trailer extra value summary: Space Charge Comp. (ppm)	-0.35; -0.54; -0.76; -0.83; -0.86; -0.89; -1.06; -1.18; -1.19; -1.27; -1.34; -1.42; -1.43; -1.45; -1.47; -1.49; -1.52; -1.53; -1.54; -1.55; -1.59; -1.60; -1.61; -1.62; -1.64; -1.65; -1.67; -1.69; -1.70; -1.73; -1.74; -1.75; -1.78; -1.79; -1.80; -1.81; -1.85; -1.86; -1.88; -1.90; -1.91; -1.92; -1.93; -1.94; -1.95; -1.97; -1.99; -2.00; -2.02; -2.03; numeric_min=-10.56; numeric_max=-0.01; unique_values_truncated_at=50		IRawDataPlus.GetTrailerExtraInformation	occurrences=12182; firstScan=1; lastScan=66309	1-66309	1	1	Space Charge Comp. (ppm)	summary	high		
trailer_extra	trailer.value.66	Trailer extra value summary: Temperature Comp. (ppm)	-14.66; -14.67; -14.68; -14.69; -14.70; -14.71; -14.72; -14.73; -14.74; -14.75; -14.76; -14.77; -14.78; -14.79; -14.80; -14.81; -14.82; -14.83; -14.84; -14.85; -14.86; -14.87; -14.88; numeric_min=-14.88; numeric_max=-14.66		IRawDataPlus.GetTrailerExtraInformation	occurrences=12182; firstScan=1; lastScan=66309	1-66309	1	1	Temperature Comp. (ppm)	summary	high		
trailer_extra	trailer.value.67	Trailer extra value summary: t0 FLP	0.00; 350.87; 351.24; 351.73; 352.02; 352.18; 352.34; 352.82; 352.90; 353.07; 353.16; 353.19; 353.25; 353.55; 353.85; 353.86; 354.06; 354.23; 354.28; 354.87; 354.88; 354.99; 355.07; 355.08; 355.27; 357.28; 358.13; 358.14; 360.15; 363.25; 363.26; 365.11; 369.12; 371.23; 445.12; 537.77; 538.02; 538.03; 548.30; 699.39; 813.44; numeric_min=0; numeric_max=813.44		IRawDataPlus.GetTrailerExtraInformation	occurrences=12182; firstScan=1; lastScan=66309	1-66309	1	1	t0 FLP	summary	high		
trailer_extra	trailer.value.68	Trailer extra value summary: AGC	On		IRawDataPlus.GetTrailerExtraInformation	occurrences=54142; firstScan=4; lastScan=66324	4-66324	2	4	AGC	summary	high		
trailer_extra	trailer.value.69	Trailer extra value summary: AGC Diag 1	0.0000; numeric_min=0; numeric_max=0		IRawDataPlus.GetTrailerExtraInformation	occurrences=54142; firstScan=4; lastScan=66324	4-66324	2	4	AGC Diag 1	summary	high		
trailer_extra	trailer.value.70	Trailer extra value summary: AGC Diag 2	0.0000; numeric_min=0; numeric_max=0		IRawDataPlus.GetTrailerExtraInformation	occurrences=54142; firstScan=4; lastScan=66324	4-66324	2	4	AGC Diag 2	summary	high		
trailer_extra	trailer.value.71	Trailer extra value summary: AGC Fill	0.01; 0.02; 0.03; 0.04; 0.05; 0.06; 0.07; 0.08; 0.09; 0.10; 0.11; 0.12; 0.13; 0.14; 0.15; 0.16; 0.17; 0.18; 0.19; 0.20; 0.22; 0.23; 0.25; 0.26; 0.27; 0.30; 0.33; 0.35; 0.37; 0.38; 0.39; 0.40; 0.42; 0.44; 0.45; 0.46; 0.47; 0.48; 0.50; 0.52; 0.53; 0.54; 0.56; 0.61; 0.66; 0.68; 0.69; 0.70; 0.76; 1.00; numeric_min=0.01; numeric_max=1; unique_values_truncated_at=50		IRawDataPlus.GetTrailerExtraInformation	occurrences=54142; firstScan=4; lastScan=66324	4-66324	2	4	AGC Fill	summary	high		
trailer_extra	trailer.value.72	Trailer extra value summary: AGC PS Diag	0; 3501200; numeric_min=0; numeric_max=3501200		IRawDataPlus.GetTrailerExtraInformation	occurrences=54142; firstScan=4; lastScan=66324	4-66324	2	4	AGC PS Diag	summary	high		
trailer_extra	trailer.value.73	Trailer extra value summary: AGC PS Mode	-1; -10; -11; -12; -13; -14; -15; -16; -17; -18; -19; -2; -20; -21; -22; -23; -24; -25; -26; -27; -28; -29; -3; -30; -31; -32; -33; -34; -35; -36; -37; -38; -39; -4; -40; -41; -42; -43; -44; -45; -46; -47; -48; -5; -6; -7; -8; -9; numeric_min=-48; numeric_max=-1		IRawDataPlus.GetTrailerExtraInformation	occurrences=54142; firstScan=4; lastScan=66324	4-66324	2	4	AGC PS Mode	summary	high		
trailer_extra	trailer.value.74	Trailer extra value summary: AGC Target	1000000; numeric_min=1000000; numeric_max=1000000		IRawDataPlus.GetTrailerExtraInformation	occurrences=54142; firstScan=4; lastScan=66324	4-66324	2	4	AGC Target	summary	high		
trailer_extra	trailer.value.75	Trailer extra value summary: AGC Target Adjust	1.00; numeric_min=1; numeric_max=1		IRawDataPlus.GetTrailerExtraInformation	occurrences=54142; firstScan=4; lastScan=66324	4-66324	2	4	AGC Target Adjust	summary	high		
trailer_extra	trailer.value.76	Trailer extra value summary: APD	On		IRawDataPlus.GetTrailerExtraInformation	occurrences=54142; firstScan=4; lastScan=66324	4-66324	2	4	APD	summary	high		
trailer_extra	trailer.value.77	Trailer extra value summary: Access Id	0; numeric_min=0; numeric_max=0		IRawDataPlus.GetTrailerExtraInformation	occurrences=54142; firstScan=4; lastScan=66324	4-66324	2	4	Access Id	summary	high		
trailer_extra	trailer.value.78	Trailer extra value summary: Analog In A (V)	0.000; numeric_min=0; numeric_max=0		IRawDataPlus.GetTrailerExtraInformation	occurrences=54142; firstScan=4; lastScan=66324	4-66324	2	4	Analog In A (V)	summary	high		
trailer_extra	trailer.value.79	Trailer extra value summary: Analog In B (V)	0.000; numeric_min=0; numeric_max=0		IRawDataPlus.GetTrailerExtraInformation	occurrences=54142; firstScan=4; lastScan=66324	4-66324	2	4	Analog In B (V)	summary	high		
trailer_extra	trailer.value.80	Trailer extra value summary: Analyzer Temperature	37.75; 37.76; 37.77; 37.78; 37.79; 37.80; 37.81; 37.82; 37.83; 37.84; 37.85; 37.86; 37.87; 37.88; 37.89; 37.90; 37.91; 37.92; 37.93; 37.94; numeric_min=37.75; numeric_max=37.94		IRawDataPlus.GetTrailerExtraInformation	occurrences=54142; firstScan=4; lastScan=66324	4-66324	2	4	Analyzer Temperature	summary	high		
trailer_extra	trailer.value.81	Trailer extra value summary: Application Mode	Standard		IRawDataPlus.GetTrailerExtraInformation	occurrences=54142; firstScan=4; lastScan=66324	4-66324	2	4	Application Mode	summary	high		
trailer_extra	trailer.value.82	Trailer extra value summary: Charge State	2; 3; 4; numeric_min=2; numeric_max=4		IRawDataPlus.GetTrailerExtraInformation	occurrences=54142; firstScan=4; lastScan=66324	4-66324	2	4	Charge State	summary	high		
trailer_extra	trailer.value.83	Trailer extra value summary: Conversion Parameter B	169482669.4230; 169483190.6719; 169483196.3741; 169483198.3963; 169483203.9327; 169483204.0178; 169483204.1365; 169483204.2185; 169483204.2524; 169483204.4394; 169483204.6082; 169483204.6294; 169483204.6551; 169483204.6673; 169483213.9639; 169483244.6635; 169483357.0325; 169483361.4382; 169483361.8977; 169483382.1455; 169483382.3572; 169483394.2374; 169483395.3018; 169483395.3986; 169483395.7866; 169483402.5920; 169483403.0516; 169483403.5668; 169483415.3241; 169483428.3387; 169483442.0985; 169483451.1441; 169483453.4779; 169483456.4051; 169483456.4597; 169483456.5821; 169483456.6414; 169483460.0426; 169483473.2451; 169483475.7915; 169483481.6829; 169483482.8718; 169483487.5395; 169483502.6399; 169483510.8229; 169483511.3261; 169483511.3898; 169483511.5352; 169483517.3393; 169483536.4753; numeric_min=169481789.7136; numeric_max=169484319.8611; unique_values_truncated_at=50		IRawDataPlus.GetTrailerExtraInformation	occurrences=54142; firstScan=4; lastScan=66324	4-66324	2	4	Conversion Parameter B	summary	high		
trailer_extra	trailer.value.84	Trailer extra value summary: Conversion Parameter C	55009177.7435; 55009516.1098; 55009519.8172; 55009521.1285; 55009524.7239; 55009524.7765; 55009524.8511; 55009524.9082; 55009524.9359; 55009525.0493; 55009525.1485; 55009525.1748; 55009525.1927; 55009525.1970; 55009531.2351; 55009551.1543; 55009624.0962; 55009626.9638; 55009627.2628; 55009640.4009; 55009640.5446; 55009648.2527; 55009648.9479; 55009648.9987; 55009649.2579; 55009653.6730; 55009653.9749; 55009654.3086; 55009661.9463; 55009670.3944; 55009679.3176; 55009685.1898; 55009686.7049; 55009688.6070; 55009688.6413; 55009688.7255; 55009688.7614; 55009690.9782; 55009699.5428; 55009701.2019; 55009705.0179; 55009705.7924; 55009708.8199; 55009718.6195; 55009723.9425; 55009724.2668; 55009724.3041; 55009724.3985; 55009728.1584; 55009740.5833; numeric_min=55008606.691; numeric_max=55010249.1165; unique_values_truncated_at=50		IRawDataPlus.GetTrailerExtraInformation	occurrences=54142; firstScan=4; lastScan=66324	4-66324	2	4	Conversion Parameter C	summary	high		
trailer_extra	trailer.value.85	Trailer extra value summary: Dynamic RT Shift (min)	0.00; numeric_min=0; numeric_max=0		IRawDataPlus.GetTrailerExtraInformation	occurrences=54142; firstScan=4; lastScan=66324	4-66324	2	4	Dynamic RT Shift (min)	summary	high		
trailer_extra	trailer.value.86	Trailer extra value summary: Error in isotopic envelope fit	-1.00; numeric_min=-1; numeric_max=-1		IRawDataPlus.GetTrailerExtraInformation	occurrences=54142; firstScan=4; lastScan=66324	4-66324	2	4	Error in isotopic envelope fit	summary	high		
trailer_extra	trailer.value.87	Trailer extra value summary: FAIMS Attached	No		IRawDataPlus.GetTrailerExtraInformation	occurrences=54142; firstScan=4; lastScan=66324	4-66324	2	4	FAIMS Attached	summary	high		
trailer_extra	trailer.value.88	Trailer extra value summary: FAIMS CV	0.000; numeric_min=0; numeric_max=0		IRawDataPlus.GetTrailerExtraInformation	occurrences=54142; firstScan=4; lastScan=66324	4-66324	2	4	FAIMS CV	summary	high		
trailer_extra	trailer.value.89	Trailer extra value summary: FAIMS Voltage On	No		IRawDataPlus.GetTrailerExtraInformation	occurrences=54142; firstScan=4; lastScan=66324	4-66324	2	4	FAIMS Voltage On	summary	high		
trailer_extra	trailer.value.90	Trailer extra value summary: FT Resolution	15000; numeric_min=15000; numeric_max=15000		IRawDataPlus.GetTrailerExtraInformation	occurrences=54142; firstScan=4; lastScan=66324	4-66324	2	4	FT Resolution	summary	high		
trailer_extra	trailer.value.91	Trailer extra value summary: Funnel RF Level	40.00; numeric_min=40; numeric_max=40		IRawDataPlus.GetTrailerExtraInformation	occurrences=54142; firstScan=4; lastScan=66324	4-66324	2	4	Funnel RF Level	summary	high		
trailer_extra	trailer.value.92	Trailer extra value summary: HCD Energy	27.00; numeric_min=27; numeric_max=27		IRawDataPlus.GetTrailerExtraInformation	occurrences=54142; firstScan=4; lastScan=66324	4-66324	2	4	HCD Energy	summary	high		
trailer_extra	trailer.value.93	Trailer extra value summary: HCD Energy V	14.26; 14.38; 14.56; 14.74; 14.75; 14.79; 14.80; 14.81; 14.86; 14.87; 14.91; 14.92; 15.01; 15.12; 15.25; 15.28; 15.33; 15.39; 15.57; 15.62; 15.63; 15.68; 15.69; 15.78; 15.87; 15.95; 16.04; 16.10; 16.23; 16.28; 16.31; 16.49; 16.81; 16.82; 16.83; 16.93; 17.00; 17.27; 17.30; 17.35; 17.77; 18.23; 18.30; 18.35; 18.84; 18.88; 22.04; 22.27; 23.52; 23.54; numeric_min=13.64; numeric_max=41.47; unique_values_truncated_at=50		IRawDataPlus.GetTrailerExtraInformation	occurrences=54142; firstScan=4; lastScan=66324	4-66324	2	4	HCD Energy V	summary	high		
trailer_extra	trailer.value.94	Trailer extra value summary: HCD abs. Offset	14.80; 14.97; 15.23; 15.50; 15.57; 15.58; 15.59; 15.67; 15.69; 15.75; 15.76; 15.89; 16.05; 16.23; 16.28; 16.35; 16.44; 16.70; 16.71; 16.78; 16.80; 16.87; 16.89; 17.02; 17.15; 17.26; 17.39; 17.48; 17.67; 17.74; 17.79; 18.05; 18.51; 18.52; 18.55; 18.68; 18.80; 19.19; 19.23; 19.30; 19.92; 20.58; 20.68; 20.76; 21.47; 21.53; 26.15; 26.48; 28.30; 28.33; numeric_min=13.89; numeric_max=54.47; unique_values_truncated_at=50		IRawDataPlus.GetTrailerExtraInformation	occurrences=54142; firstScan=4; lastScan=66324	4-66324	2	4	HCD abs. Offset	summary	high		
trailer_extra	trailer.value.95	Trailer extra value summary: Inj Para R	0; 1; numeric_min=0; numeric_max=1		IRawDataPlus.GetTrailerExtraInformation	occurrences=54142; firstScan=4; lastScan=66324	4-66324	2	4	Inj Para R	summary	high		
trailer_extra	trailer.value.96	Trailer extra value summary: Injection t0	-0.002; -0.003; -0.004; -0.005; -0.007; -0.009; -0.010; -0.012; -0.013; -0.014; -0.016; -0.017; -0.019; -0.020; -0.021; -0.022; -0.026; -0.033; -0.038; -0.041; -0.060; -0.062; -0.068; -0.077; -0.078; -0.079; -0.090; -0.091; -0.094; -0.096; -0.097; -0.100; -0.101; -0.103; -0.104; -0.113; -0.115; -0.117; -0.118; -0.119; -0.124; -0.127; -0.129; -0.130; -0.150; 0.000; 0.014; 0.026; 0.092; 0.107; numeric_min=-0.185; numeric_max=0.167; unique_values_truncated_at=50		IRawDataPlus.GetTrailerExtraInformation	occurrences=54142; firstScan=4; lastScan=66324	4-66324	2	4	Injection t0	summary	high		
trailer_extra	trailer.value.97	Trailer extra value summary: Ion Injection Time (ms)	10.972; 105.754; 11.051; 11.137; 11.332; 11.496; 11.509; 11.894; 112.703; 113.842; 117.918; 119.000; 12.003; 12.104; 12.828; 13.218; 13.808; 14.680; 15.104; 17.272; 21.123; 21.652; 23.000; 23.509; 32.168; 37.553; 37.985; 38.818; 4.164; 4.373; 4.689; 44.313; 48.130; 49.612; 5.035; 5.377; 5.943; 50.167; 58.070; 7.963; 73.675; 79.992; 8.377; 8.864; 81.617; 82.190; 9.786; 9.842; 91.450; 92.894; numeric_min=4.164; numeric_max=119; unique_values_truncated_at=50		IRawDataPlus.GetTrailerExtraInformation	occurrences=54142; firstScan=4; lastScan=66324	4-66324	2	4	Ion Injection Time (ms)	summary	high		
trailer_extra	trailer.value.98	Trailer extra value summary: Iso Para R	0; 1; numeric_min=0; numeric_max=1		IRawDataPlus.GetTrailerExtraInformation	occurrences=54142; firstScan=4; lastScan=66324	4-66324	2	4	Iso Para R	summary	high		
trailer_extra	trailer.value.99	Trailer extra value summary: LC FWHM parameter	8.2; numeric_min=8.2; numeric_max=8.2		IRawDataPlus.GetTrailerExtraInformation	occurrences=54142; firstScan=4; lastScan=66324	4-66324	2	4	LC FWHM parameter	summary	high		
trailer_extra	trailer.value.100	Trailer extra value summary: LM Search Window (mmu)	0.0; numeric_min=0; numeric_max=0		IRawDataPlus.GetTrailerExtraInformation	occurrences=54142; firstScan=4; lastScan=66324	4-66324	2	4	LM Search Window (mmu)	summary	high		
trailer_extra	trailer.value.101	Trailer extra value summary: LM Search Window (ppm)	15.0; numeric_min=15; numeric_max=15		IRawDataPlus.GetTrailerExtraInformation	occurrences=54142; firstScan=4; lastScan=66324	4-66324	2	4	LM Search Window (ppm)	summary	high		
trailer_extra	trailer.value.102	Trailer extra value summary: LM m/z-Correction (ppm)	-0.01; -0.07; -0.11; -0.12; -0.14; -0.18; -0.20; -0.22; -0.23; -0.25; -0.26; -0.38; -0.53; -0.68; -0.88; -0.89; -1.03; -1.11; -1.12; -1.16; -1.20; -1.26; -1.31; -2.22; -2.62; -2.94; -3.57; -4.45; -4.59; -7.91; 0.01; 0.10; 0.12; 0.16; 0.17; 0.18; 0.19; 0.20; 0.23; 0.26; 0.28; 0.34; 0.50; 0.53; 0.54; 0.61; 0.65; 0.66; 0.73; 0.76; numeric_min=-9.3; numeric_max=5.4; unique_values_truncated_at=50		IRawDataPlus.GetTrailerExtraInformation	occurrences=54142; firstScan=4; lastScan=66324	4-66324	2	4	LM m/z-Correction (ppm)	summary	high		
trailer_extra	trailer.value.103	Trailer extra value summary: Last Locking (sec)	0.01; 0.03; 0.04; 0.06; 0.07; 0.08; 0.11; 0.14; 0.15; 0.18; 0.21; 0.22; 0.25; 0.26; 0.29; 0.33; 0.36; 0.37; 0.40; 0.44; 0.47; 0.48; 0.51; 0.55; 0.58; 0.59; 0.62; 0.66; 0.70; 0.73; 0.77; 0.81; 0.84; 0.88; 0.92; 0.95; 0.99; 1.03; 1.06; 1.10; 1.14; 1.17; 1.21; 1.25; 1.28; 1.32; 1.36; 1.39; 1.43; 1.47; numeric_min=0.01; numeric_max=2.76; unique_values_truncated_at=50		IRawDataPlus.GetTrailerExtraInformation	occurrences=54142; firstScan=4; lastScan=66324	4-66324	2	4	Last Locking (sec)	summary	high		
trailer_extra	trailer.value.104	Trailer extra value summary: Lock Mass #1 (m/z)	445.1200; numeric_min=445.12; numeric_max=445.12		IRawDataPlus.GetTrailerExtraInformation	occurrences=54142; firstScan=4; lastScan=66324	4-66324	2	4	Lock Mass #1 (m/z)	summary	high		
trailer_extra	trailer.value.105	Trailer extra value summary: Lock Mass #2 (m/z)	0.0000; numeric_min=0; numeric_max=0		IRawDataPlus.GetTrailerExtraInformation	occurrences=54142; firstScan=4; lastScan=66324	4-66324	2	4	Lock Mass #2 (m/z)	summary	high		
trailer_extra	trailer.value.106	Trailer extra value summary: Lock Mass #3 (m/z)	0.0000; numeric_min=0; numeric_max=0		IRawDataPlus.GetTrailerExtraInformation	occurrences=54142; firstScan=4; lastScan=66324	4-66324	2	4	Lock Mass #3 (m/z)	summary	high		
trailer_extra	trailer.value.107	Trailer extra value summary: MS2 Isolation Offset	0.00; numeric_min=0; numeric_max=0		IRawDataPlus.GetTrailerExtraInformation	occurrences=54142; firstScan=4; lastScan=66324	4-66324	2	4	MS2 Isolation Offset	summary	high		
trailer_extra	trailer.value.108	Trailer extra value summary: MS2 Isolation Width	1.40; numeric_min=1.4; numeric_max=1.4		IRawDataPlus.GetTrailerExtraInformation	occurrences=54142; firstScan=4; lastScan=66324	4-66324	2	4	MS2 Isolation Width	summary	high		
trailer_extra	trailer.value.109	Trailer extra value summary: Master Index	1; numeric_min=1; numeric_max=1		IRawDataPlus.GetTrailerExtraInformation	occurrences=54142; firstScan=4; lastScan=66324	4-66324	2	4	Master Index	summary	high		
trailer_extra	trailer.value.110	Trailer extra value summary: Master Scan Number	1; 10; 125; 127; 130; 137; 148; 149; 15; 158; 17; 170; 171; 184; 192; 200; 202; 218; 228; 230; 233; 248; 250; 254; 257; 287; 290; 30; 302; 313; 333; 338; 354; 356; 361; 366; 368; 374; 389; 400; 405; 413; 45; 57; 59; 70; 73; 86; 94; 97; numeric_min=1; numeric_max=66286; unique_values_truncated_at=50		IRawDataPlus.GetTrailerExtraInformation	occurrences=54142; firstScan=4; lastScan=66324	4-66324	2	4	Master Scan Number	summary	high		
trailer_extra	trailer.value.111	Trailer extra value summary: Max. Ion Time (ms)	119.00; 23.00; 84.50; 84.99; 85.02; 85.26; 85.54; 85.60; 85.73; 85.83; 85.88; 85.89; 86.00; 86.12; 86.25; 86.38; 86.54; 86.73; 86.78; 86.98; 87.22; 87.83; 88.05; 88.45; 88.53; 88.57; 88.60; 88.92; 89.20; 89.50; 89.54; 89.72; 89.87; 90.14; 90.42; 90.83; 90.99; 92.24; 92.27; 93.00; 93.29; 93.55; 93.68; 94.06; 94.50; 94.52; 94.64; 95.20; 95.24; 95.47; numeric_min=23; numeric_max=119; unique_values_truncated_at=50		IRawDataPlus.GetTrailerExtraInformation	occurrences=54142; firstScan=4; lastScan=66324	4-66324	2	4	Max. Ion Time (ms)	summary	high		
trailer_extra	trailer.value.112	Trailer extra value summary: Micro Scan Count	1; numeric_min=1; numeric_max=1		IRawDataPlus.GetTrailerExtraInformation	occurrences=54142; firstScan=4; lastScan=66324	4-66324	2	4	Micro Scan Count	summary	high		
trailer_extra	trailer.value.113	Trailer extra value summary: Mild Trapping Mode	Off		IRawDataPlus.GetTrailerExtraInformation	occurrences=54142; firstScan=4; lastScan=66324	4-66324	2	4	Mild Trapping Mode	summary	high		
trailer_extra	trailer.value.114	Trailer extra value summary: Monoisotopic M/Z	0.0000; 349.8998; 350.8629; 350.9152; 354.8727; 360.8692; 362.2761; 367.0692; 367.0704; 367.2296; 368.8363; 368.8740; 368.9245; 369.2097; 371.1682; 372.8513; 372.8828; 379.8840; 379.9074; 385.2362; 385.3307; 386.8473; 388.9319; 394.9043; 396.8298; 396.8299; 398.8647; 405.2997; 407.9197; 410.8304; 410.8814; 412.8599; 412.8602; 412.9148; 416.3374; 417.0156; 418.8719; 425.9315; 427.3764; 428.2826; 436.8800; 454.8737; 457.8613; 477.3614; 487.1973; 488.8590; 506.7805; 579.5881; 586.8410; 626.2338; numeric_min=0; numeric_max=1199.3559; unique_values_truncated_at=50		IRawDataPlus.GetTrailerExtraInformation	occurrences=54142; firstScan=4; lastScan=66324	4-66324	2	4	Monoisotopic M/Z	summary	high		
trailer_extra	trailer.value.115	Trailer extra value summary: Multi Inject Info	IT=100; IT=105; IT=106; IT=109; IT=11; IT=112; IT=113; IT=114; IT=118; IT=119; IT=12; IT=13; IT=14; IT=15; IT=17; IT=21; IT=22; IT=23; IT=24; IT=32; IT=38; IT=39; IT=4.2; IT=4.4; IT=4.7; IT=42; IT=43; IT=44; IT=46; IT=48; IT=5; IT=5.4; IT=5.9; IT=50; IT=58; IT=60; IT=61; IT=65; IT=70; IT=74; IT=78; IT=8; IT=8.4; IT=8.9; IT=80; IT=82; IT=89; IT=9.8; IT=91; IT=93; numeric_min=4.2; numeric_max=119; unique_values_truncated_at=50		IRawDataPlus.GetTrailerExtraInformation	occurrences=54142; firstScan=4; lastScan=66324	4-66324	2	4	Multi Inject Info	summary	high		
trailer_extra	trailer.value.116	Trailer extra value summary: Multiple Injection	h		IRawDataPlus.GetTrailerExtraInformation	occurrences=54142; firstScan=4; lastScan=66324	4-66324	2	4	Multiple Injection	summary	high		
trailer_extra	trailer.value.117	Trailer extra value summary: Number of LM Found	0; numeric_min=0; numeric_max=0		IRawDataPlus.GetTrailerExtraInformation	occurrences=54142; firstScan=4; lastScan=66324	4-66324	2	4	Number of LM Found	summary	high		
trailer_extra	trailer.value.118	Trailer extra value summary: Number of Lock Masses	1; numeric_min=1; numeric_max=1		IRawDataPlus.GetTrailerExtraInformation	occurrences=54142; firstScan=4; lastScan=66324	4-66324	2	4	Number of Lock Masses	summary	high		
trailer_extra	trailer.value.119	Trailer extra value summary: OT Intens Comp Factor	0.5500; 0.5501; 0.5502; 0.5503; 0.5504; 0.5505; 0.5506; 0.5507; 0.5508; 0.5509; 0.5510; 0.5511; 0.5512; 0.5513; 0.5515; 0.5516; 0.5517; 0.5518; 0.5519; 0.5521; 0.5522; 0.5523; 0.5528; 0.5530; 0.5533; 0.5540; 0.5541; 0.5559; 0.5563; 0.5567; 0.5591; 0.5593; 0.5618; 0.5619; 0.5621; 0.5633; 0.5662; 0.5677; 0.5688; 0.5694; 0.5695; 0.5697; 0.5713; 0.5751; 0.5801; 0.5866; 0.6154; 0.6156; 0.6177; 0.6514; numeric_min=0.55; numeric_max=1.7371; unique_values_truncated_at=50		IRawDataPlus.GetTrailerExtraInformation	occurrences=54142; firstScan=4; lastScan=66324	4-66324	2	4	OT Intens Comp Factor	summary	high		
trailer_extra	trailer.value.120	Trailer extra value summary: PS Inj. Time (ms)	11.884; 11.889; 12.045; 12.580; 12.643; 12.883; 13.072; 14.159; 14.795; 15.080; 15.535; 16.047; 16.166; 16.318; 16.527; 16.800; 17.219; 17.278; 17.498; 17.630; 17.715; 17.825; 17.881; 17.985; 18.396; 18.519; 18.966; 19.005; 19.074; 19.102; 19.228; 19.327; 19.469; 19.864; 19.892; 19.910; 20.030; 20.336; 20.409; 20.616; 21.014; 21.350; 21.446; 21.492; 21.564; 21.811; 23.566; 24.158; 25.000; 5.750; numeric_min=0.165; numeric_max=25; unique_values_truncated_at=50		IRawDataPlus.GetTrailerExtraInformation	occurrences=54142; firstScan=4; lastScan=66324	4-66324	2	4	PS Inj. Time (ms)	summary	high		
trailer_extra	trailer.value.121	Trailer extra value summary: PhiSDM	Off		IRawDataPlus.GetTrailerExtraInformation	occurrences=54142; firstScan=4; lastScan=66324	4-66324	2	4	PhiSDM	summary	high		
trailer_extra	trailer.value.122	Trailer extra value summary: PhiSDM Flagging	Off		IRawDataPlus.GetTrailerExtraInformation	occurrences=54142; firstScan=4; lastScan=66324	4-66324	2	4	PhiSDM Flagging	summary	high		
trailer_extra	trailer.value.123	Trailer extra value summary: PhiSDM Iterations	50; numeric_min=50; numeric_max=50		IRawDataPlus.GetTrailerExtraInformation	occurrences=54142; firstScan=4; lastScan=66324	4-66324	2	4	PhiSDM Iterations	summary	high		
trailer_extra	trailer.value.124	Trailer extra value summary: PhiSDM Processing Time ms	0; numeric_min=0; numeric_max=0		IRawDataPlus.GetTrailerExtraInformation	occurrences=54142; firstScan=4; lastScan=66324	4-66324	2	4	PhiSDM Processing Time ms	summary	high		
trailer_extra	trailer.value.125	Trailer extra value summary: PrOSA Comp	0.970; 0.973; 0.975; 0.976; 0.977; 0.980; 0.982; 0.983; 0.984; 0.985; 0.990; 0.992; 0.993; 0.994; 0.995; 0.999; 1.000; 1.001; 1.005; 1.006; 1.009; 1.010; 1.015; 1.019; 1.022; 1.028; 1.029; 1.031; 1.032; 1.033; 1.035; 1.036; 1.037; 1.038; 1.041; 1.043; 1.045; 1.048; 1.057; 1.069; 1.078; 1.143; 1.151; 1.158; 1.177; 1.286; 1.289; 1.402; 1.438; 1.534; numeric_min=0.97; numeric_max=4.487; unique_values_truncated_at=50		IRawDataPlus.GetTrailerExtraInformation	occurrences=54142; firstScan=4; lastScan=66324	4-66324	2	4	PrOSA Comp	summary	high		
trailer_extra	trailer.value.126	Trailer extra value summary: PrOSA NumF	0; numeric_min=0; numeric_max=0		IRawDataPlus.GetTrailerExtraInformation	occurrences=54142; firstScan=4; lastScan=66324	4-66324	2	4	PrOSA NumF	summary	high		
trailer_extra	trailer.value.127	Trailer extra value summary: PrOSA ScScr	0.000; numeric_min=0; numeric_max=0		IRawDataPlus.GetTrailerExtraInformation	occurrences=54142; firstScan=4; lastScan=66324	4-66324	2	4	PrOSA ScScr	summary	high		
trailer_extra	trailer.value.128	Trailer extra value summary: Q Trans Comp	0.708; 0.709; 0.710; 0.712; 0.714; 0.716; 0.717; 0.719; 0.720; 0.721; 0.723; 0.724; 0.725; 0.727; 0.728; 0.729; 0.730; 0.731; 0.732; 0.733; 0.734; 0.735; 0.736; 0.737; 0.738; 0.739; 0.741; 0.742; 0.743; 0.744; 0.745; 0.746; 0.747; 0.748; 0.749; 0.750; 0.751; 0.752; 0.753; 0.754; 0.755; 0.756; 0.757; 0.758; 0.759; 0.760; 0.761; 0.762; 0.763; 0.764; numeric_min=0.643; numeric_max=0.764; unique_values_truncated_at=50		IRawDataPlus.GetTrailerExtraInformation	occurrences=54142; firstScan=4; lastScan=66324	4-66324	2	4	Q Trans Comp	summary	high		
trailer_extra	trailer.value.129	Trailer extra value summary: RF Comp. (ppm)	0.00; numeric_min=0; numeric_max=0		IRawDataPlus.GetTrailerExtraInformation	occurrences=54142; firstScan=4; lastScan=66324	4-66324	2	4	RF Comp. (ppm)	summary	high		
trailer_extra	trailer.value.130	Trailer extra value summary: RawOvFtT	10732.0; 111560.8; 115065.8; 14276.0; 14979.3; 15055.3; 170332.6; 23392.9; 25776.4; 33000.7; 3372.6; 3416.2; 3458.3; 3461.5; 3508.2; 3583.7; 35883.6; 36026.4; 3753.4; 3936.7; 3987.8; 4038.2; 4086.1; 4104.7; 4186.9; 4214.7; 4374.2; 45123.8; 4597.6; 4624.0; 4847.7; 4851.7; 4855.0; 4976.1; 4989.9; 5099.4; 5193.5; 5269.1; 53372.1; 5581.6; 5693.0; 5926.7; 5997.1; 6136.6; 6631.2; 6649.2; 7177.3; 7568.6; 8996.3; 9421.0; numeric_min=2169.6; numeric_max=3795108.8; unique_values_truncated_at=50		IRawDataPlus.GetTrailerExtraInformation	occurrences=54142; firstScan=4; lastScan=66324	4-66324	2	4	RawOvFtT	summary	high		
trailer_extra	trailer.value.131	Trailer extra value summary: Res. Dep. Intens	1.000; 1.066; 1.070; 1.098; 1.104; 1.105; 1.120; 1.121; 1.134; 1.135; 1.149; 1.150; 1.166; 1.177; 1.180; 1.182; 1.185; 1.190; 1.192; 1.196; 1.199; 1.219; 1.227; 1.231; 1.304; 1.315; 1.316; 1.319; 1.328; 1.346; 1.349; 1.357; 1.362; 1.367; 1.392; 1.435; 1.455; 1.552; 1.589; 1.612; 1.615; 1.648; 1.665; 1.836; 1.986; 2.116; 2.283; 2.383; 2.398; 2.602; numeric_min=0.925; numeric_max=18.155; unique_values_truncated_at=50		IRawDataPlus.GetTrailerExtraInformation	occurrences=54142; firstScan=4; lastScan=66324	4-66324	2	4	Res. Dep. Intens	summary	high		
trailer_extra	trailer.value.132	Trailer extra value summary: Resolution Comp. (ppm)	0.01; numeric_min=0.01; numeric_max=0.01		IRawDataPlus.GetTrailerExtraInformation	occurrences=54142; firstScan=4; lastScan=66324	4-66324	2	4	Resolution Comp. (ppm)	summary	high		
trailer_extra	trailer.value.133	Trailer extra value summary: Scan Event	2; numeric_min=2; numeric_max=2		IRawDataPlus.GetTrailerExtraInformation	occurrences=54142; firstScan=4; lastScan=66324	4-66324	2	4	Scan Event	summary	high		
trailer_extra	trailer.value.134	Trailer extra value summary: Scan Segment	1; numeric_min=1; numeric_max=1		IRawDataPlus.GetTrailerExtraInformation	occurrences=54142; firstScan=4; lastScan=66324	4-66324	2	4	Scan Segment	summary	high		
trailer_extra	trailer.value.135	Trailer extra value summary: Source CID eV	0.000; numeric_min=0; numeric_max=0		IRawDataPlus.GetTrailerExtraInformation	occurrences=54142; firstScan=4; lastScan=66324	4-66324	2	4	Source CID eV	summary	high		
trailer_extra	trailer.value.136	Trailer extra value summary: Space Charge Comp. (ppm)	-0.00; -0.01; -0.02; -0.03; -0.04; -0.05; -0.06; -0.07; -0.08; -0.09; -0.10; -0.11; -0.12; -0.13; -0.14; -0.15; -0.16; -0.17; -0.18; -0.19; -0.20; -0.21; -0.22; -0.23; -0.24; -0.25; -0.26; -0.27; -0.28; -0.29; -0.31; -0.32; -0.33; -0.34; -0.35; -0.38; -0.40; -0.41; -0.42; -0.43; -0.44; -0.45; -0.54; -0.55; -0.56; -0.57; -0.59; -0.60; -0.82; -1.05; numeric_min=-3.13; numeric_max=-0; unique_values_truncated_at=50		IRawDataPlus.GetTrailerExtraInformation	occurrences=54142; firstScan=4; lastScan=66324	4-66324	2	4	Space Charge Comp. (ppm)	summary	high		
trailer_extra	trailer.value.137	Trailer extra value summary: Temperature Comp. (ppm)	-14.66; -14.67; -14.68; -14.69; -14.70; -14.71; -14.72; -14.73; -14.74; -14.75; -14.76; -14.77; -14.78; -14.79; -14.80; -14.81; -14.82; -14.83; -14.84; -14.85; -14.86; -14.87; -14.88; numeric_min=-14.88; numeric_max=-14.66		IRawDataPlus.GetTrailerExtraInformation	occurrences=54142; firstScan=4; lastScan=66324	4-66324	2	4	Temperature Comp. (ppm)	summary	high		
trailer_extra	trailer.value.138	Trailer extra value summary: t0 FLP	0.00; 129.05; 149.02; 149.04; 149.05; 167.06; 285.01; 337.26; 341.02; 350.27; 351.23; 351.24; 353.25; 355.07; 356.07; 357.07; 359.03; 360.03; 360.87; 361.03; 365.28; 367.23; 367.24; 372.88; 373.88; 379.18; 379.26; 381.21; 381.28; 396.26; 397.28; 405.32; 407.22; 409.24; 410.88; 411.26; 412.86; 413.29; 415.04; 415.84; 416.04; 418.99; 425.23; 427.25; 431.09; 432.85; 437.19; 477.36; 488.86; 490.84; numeric_min=0; numeric_max=1127.54; unique_values_truncated_at=50		IRawDataPlus.GetTrailerExtraInformation	occurrences=54142; firstScan=4; lastScan=66324	4-66324	2	4	t0 FLP	summary	high		
status_tune_logs	status.scan.1.2	Status log at scan 1 Status	Instrument status Ok		IRawDataPlus.GetStatusLogForRetentionTime	scan=1; retentionTimeMin=0.003004092597961426; fieldIndex=2			1	Status	raw	high		
status_tune_logs	status.scan.1.3	Status log at scan 1 Performance	Warn: Mass Calibration (negative) - Overdue (2020-05-04 08:30)		IRawDataPlus.GetStatusLogForRetentionTime	scan=1; retentionTimeMin=0.003004092597961426; fieldIndex=3			1	Performance	raw	high		
status_tune_logs	status.scan.1.5	Status log at scan 1 Spray Voltage (V)	2012.4		IRawDataPlus.GetStatusLogForRetentionTime	scan=1; retentionTimeMin=0.003004092597961426; fieldIndex=5			1	Spray Voltage (V)	raw	high		
status_tune_logs	status.scan.1.6	Status log at scan 1 Spray Current (µA)	1.05		IRawDataPlus.GetStatusLogForRetentionTime	scan=1; retentionTimeMin=0.003004092597961426; fieldIndex=6			1	Spray Current (µA)	raw	high		
status_tune_logs	status.scan.1.7	Status log at scan 1 Spray Current std. dev. (µA)	0.00		IRawDataPlus.GetStatusLogForRetentionTime	scan=1; retentionTimeMin=0.003004092597961426; fieldIndex=7			1	Spray Current std. dev. (µA)	raw	high		
status_tune_logs	status.scan.1.8	Status log at scan 1 Ion Transfer Tube Temperature (°C)	274.96		IRawDataPlus.GetStatusLogForRetentionTime	scan=1; retentionTimeMin=0.003004092597961426; fieldIndex=8			1	Ion Transfer Tube Temperature (°C)	raw	high		
status_tune_logs	status.scan.1.9	Status log at scan 1 Sheath gas pressure (psi)	0.00		IRawDataPlus.GetStatusLogForRetentionTime	scan=1; retentionTimeMin=0.003004092597961426; fieldIndex=9			1	Sheath gas pressure (psi)	raw	high		
status_tune_logs	status.scan.1.10	Status log at scan 1 Aux gas pressure (psi)	0.00		IRawDataPlus.GetStatusLogForRetentionTime	scan=1; retentionTimeMin=0.003004092597961426; fieldIndex=10			1	Aux gas pressure (psi)	raw	high		
status_tune_logs	status.scan.1.11	Status log at scan 1 Sweep gas pressure (psi)	0.00		IRawDataPlus.GetStatusLogForRetentionTime	scan=1; retentionTimeMin=0.003004092597961426; fieldIndex=11			1	Sweep gas pressure (psi)	raw	high		
status_tune_logs	status.scan.1.12	Status log at scan 1 Vaporizer Temperature (°C)	809.78		IRawDataPlus.GetStatusLogForRetentionTime	scan=1; retentionTimeMin=0.003004092597961426; fieldIndex=12			1	Vaporizer Temperature (°C)	raw	high		
status_tune_logs	status.scan.1.14	Status log at scan 1 CTB: C-trap RF freq. (MHz)	3.172		IRawDataPlus.GetStatusLogForRetentionTime	scan=1; retentionTimeMin=0.003004092597961426; fieldIndex=14			1	CTB: C-trap RF freq. (MHz)	raw	high		
status_tune_logs	status.scan.1.15	Status log at scan 1 CTB: C-trap RF amp. (MHz)	1519.219		IRawDataPlus.GetStatusLogForRetentionTime	scan=1; retentionTimeMin=0.003004092597961426; fieldIndex=15			1	CTB: C-trap RF amp. (MHz)	raw	high		
status_tune_logs	status.scan.1.16	Status log at scan 1 CTB: Quad. exit lens (V)	-34.97		IRawDataPlus.GetStatusLogForRetentionTime	scan=1; retentionTimeMin=0.003004092597961426; fieldIndex=16			1	CTB: Quad. exit lens (V)	raw	high		
status_tune_logs	status.scan.1.17	Status log at scan 1 CTB: Beam split lens (V)	-139.97		IRawDataPlus.GetStatusLogForRetentionTime	scan=1; retentionTimeMin=0.003004092597961426; fieldIndex=17			1	CTB: Beam split lens (V)	raw	high		
status_tune_logs	status.scan.1.18	Status log at scan 1 CTB: Tr. multipole DC (V)	-3.00		IRawDataPlus.GetStatusLogForRetentionTime	scan=1; retentionTimeMin=0.003004092597961426; fieldIndex=18			1	CTB: Tr. multipole DC (V)	raw	high		
status_tune_logs	status.scan.1.19	Status log at scan 1 CTB: C-trap entr. lens (V)	-59.98		IRawDataPlus.GetStatusLogForRetentionTime	scan=1; retentionTimeMin=0.003004092597961426; fieldIndex=19			1	CTB: C-trap entr. lens (V)	raw	high		
status_tune_logs	status.scan.1.20	Status log at scan 1 CTB: C-trap exit lens (V)	-60.02		IRawDataPlus.GetStatusLogForRetentionTime	scan=1; retentionTimeMin=0.003004092597961426; fieldIndex=20			1	CTB: C-trap exit lens (V)	raw	high		
status_tune_logs	status.scan.1.21	Status log at scan 1 CTB: Z lens (V)	269.89		IRawDataPlus.GetStatusLogForRetentionTime	scan=1; retentionTimeMin=0.003004092597961426; fieldIndex=21			1	CTB: Z lens (V)	raw	high		
status_tune_logs	status.scan.1.22	Status log at scan 1 CTB: HCD ax. field entr. (V)	7.81		IRawDataPlus.GetStatusLogForRetentionTime	scan=1; retentionTimeMin=0.003004092597961426; fieldIndex=22			1	CTB: HCD ax. field entr. (V)	raw	high		
status_tune_logs	status.scan.1.23	Status log at scan 1 CTB: HCD ax. field exit (V)	37.78		IRawDataPlus.GetStatusLogForRetentionTime	scan=1; retentionTimeMin=0.003004092597961426; fieldIndex=23			1	CTB: HCD ax. field exit (V)	raw	high		
status_tune_logs	status.scan.1.24	Status log at scan 1 CTB: HCD exit lens (V)	34.98		IRawDataPlus.GetStatusLogForRetentionTime	scan=1; retentionTimeMin=0.003004092597961426; fieldIndex=24			1	CTB: HCD exit lens (V)	raw	high		
status_tune_logs	status.scan.1.25	Status log at scan 1 QS: Quad. RF amp. (Vpp)	3077.5		IRawDataPlus.GetStatusLogForRetentionTime	scan=1; retentionTimeMin=0.003004092597961426; fieldIndex=25			1	QS: Quad. RF amp. (Vpp)	raw	high		
status_tune_logs	status.scan.1.26	Status log at scan 1 QS: Quad. MSeg rod A DC (V)	5.0		IRawDataPlus.GetStatusLogForRetentionTime	scan=1; retentionTimeMin=0.003004092597961426; fieldIndex=26			1	QS: Quad. MSeg rod A DC (V)	raw	high		
status_tune_logs	status.scan.1.27	Status log at scan 1 QS: Quad. MSeg rod B DC (V)	5.0		IRawDataPlus.GetStatusLogForRetentionTime	scan=1; retentionTimeMin=0.003004092597961426; fieldIndex=27			1	QS: Quad. MSeg rod B DC (V)	raw	high		
status_tune_logs	status.scan.1.28	Status log at scan 1 SB: Spray HV voltage (V)	1997		IRawDataPlus.GetStatusLogForRetentionTime	scan=1; retentionTimeMin=0.003004092597961426; fieldIndex=28			1	SB: Spray HV voltage (V)	raw	high		
status_tune_logs	status.scan.1.29	Status log at scan 1 SB: Spray HV current (uA)	1.1		IRawDataPlus.GetStatusLogForRetentionTime	scan=1; retentionTimeMin=0.003004092597961426; fieldIndex=29			1	SB: Spray HV current (uA)	raw	high		
status_tune_logs	status.scan.1.30	Status log at scan 1 IOB: Source DC (V)	24.95		IRawDataPlus.GetStatusLogForRetentionTime	scan=1; retentionTimeMin=0.003004092597961426; fieldIndex=30			1	IOB: Source DC (V)	raw	high		
status_tune_logs	status.scan.1.31	Status log at scan 1 IOB: Funnel RF amp. (Vpp)	20.19		IRawDataPlus.GetStatusLogForRetentionTime	scan=1; retentionTimeMin=0.003004092597961426; fieldIndex=31			1	IOB: Funnel RF amp. (Vpp)	raw	high		
status_tune_logs	status.scan.1.32	Status log at scan 1 IOB: Funnel RF freq. (kHz)	1835.489		IRawDataPlus.GetStatusLogForRetentionTime	scan=1; retentionTimeMin=0.003004092597961426; fieldIndex=32			1	IOB: Funnel RF freq. (kHz)	raw	high		
status_tune_logs	status.scan.1.33	Status log at scan 1 IOB: Inj. fl. phase A DC (V)	10.36		IRawDataPlus.GetStatusLogForRetentionTime	scan=1; retentionTimeMin=0.003004092597961426; fieldIndex=33			1	IOB: Inj. fl. phase A DC (V)	raw	high		
status_tune_logs	status.scan.1.34	Status log at scan 1 IOB: Inj. fl. phase B DC (V)	9.55		IRawDataPlus.GetStatusLogForRetentionTime	scan=1; retentionTimeMin=0.003004092597961426; fieldIndex=34			1	IOB: Inj. fl. phase B DC (V)	raw	high		
status_tune_logs	status.scan.1.35	Status log at scan 1 IOB: Inj. fl. RF amp. (Vpp)	104.02		IRawDataPlus.GetStatusLogForRetentionTime	scan=1; retentionTimeMin=0.003004092597961426; fieldIndex=35			1	IOB: Inj. fl. RF amp. (Vpp)	raw	high		
status_tune_logs	status.scan.1.36	Status log at scan 1 IOB: Inj. fl. RF freq. (kHz)	978.008		IRawDataPlus.GetStatusLogForRetentionTime	scan=1; retentionTimeMin=0.003004092597961426; fieldIndex=36			1	IOB: Inj. fl. RF freq. (kHz)	raw	high		
status_tune_logs	status.scan.1.37	Status log at scan 1 IOB: Inj. fl. RF curr. (A)	0.026		IRawDataPlus.GetStatusLogForRetentionTime	scan=1; retentionTimeMin=0.003004092597961426; fieldIndex=37			1	IOB: Inj. fl. RF curr. (A)	raw	high		
status_tune_logs	status.scan.1.38	Status log at scan 1 IOB: Fl. focus lens (V)	8.02		IRawDataPlus.GetStatusLogForRetentionTime	scan=1; retentionTimeMin=0.003004092597961426; fieldIndex=38			1	IOB: Fl. focus lens (V)	raw	high		
status_tune_logs	status.scan.1.39	Status log at scan 1 IOB: Bent fl. DC (V)	6.03		IRawDataPlus.GetStatusLogForRetentionTime	scan=1; retentionTimeMin=0.003004092597961426; fieldIndex=39			1	IOB: Bent fl. DC (V)	raw	high		
status_tune_logs	status.scan.1.40	Status log at scan 1 IOB: Bent fl. ax. f. e. (V)	35.89		IRawDataPlus.GetStatusLogForRetentionTime	scan=1; retentionTimeMin=0.003004092597961426; fieldIndex=40			1	IOB: Bent fl. ax. f. e. (V)	raw	high		
status_tune_logs	status.scan.1.41	Status log at scan 1 IOB: Bent fl. exit lens (V)	-10.09		IRawDataPlus.GetStatusLogForRetentionTime	scan=1; retentionTimeMin=0.003004092597961426; fieldIndex=41			1	IOB: Bent fl. exit lens (V)	raw	high		
status_tune_logs	status.scan.1.42	Status log at scan 1 IOB: Bent fl. RF amp. (Vpp)	544.49		IRawDataPlus.GetStatusLogForRetentionTime	scan=1; retentionTimeMin=0.003004092597961426; fieldIndex=42			1	IOB: Bent fl. RF amp. (Vpp)	raw	high		
status_tune_logs	status.scan.1.43	Status log at scan 1 IOB: Bent fl. RF freq. (kHz)	2572.976		IRawDataPlus.GetStatusLogForRetentionTime	scan=1; retentionTimeMin=0.003004092597961426; fieldIndex=43			1	IOB: Bent fl. RF freq. (kHz)	raw	high		
status_tune_logs	status.scan.1.44	Status log at scan 1 PCBAOS: C-trap inj. o. + (V)	1594.665		IRawDataPlus.GetStatusLogForRetentionTime	scan=1; retentionTimeMin=0.003004092597961426; fieldIndex=44			1	PCBAOS: C-trap inj. o. + (V)	raw	high		
status_tune_logs	status.scan.1.45	Status log at scan 1 PCBAOS: C-trap inj. o. - (V)	-0.237		IRawDataPlus.GetStatusLogForRetentionTime	scan=1; retentionTimeMin=0.003004092597961426; fieldIndex=45			1	PCBAOS: C-trap inj. o. - (V)	raw	high		
status_tune_logs	status.scan.1.46	Status log at scan 1 PCBAOS: HV focus lens (V)	899.736		IRawDataPlus.GetStatusLogForRetentionTime	scan=1; retentionTimeMin=0.003004092597961426; fieldIndex=46			1	PCBAOS: HV focus lens (V)	raw	high		
status_tune_logs	status.scan.1.47	Status log at scan 1 PCBAOS: V lens (V)	-650.048		IRawDataPlus.GetStatusLogForRetentionTime	scan=1; retentionTimeMin=0.003004092597961426; fieldIndex=47			1	PCBAOS: V lens (V)	raw	high		
status_tune_logs	status.scan.1.48	Status log at scan 1 PCBAOS: Defl. measure + (V)	549.859		IRawDataPlus.GetStatusLogForRetentionTime	scan=1; retentionTimeMin=0.003004092597961426; fieldIndex=48			1	PCBAOS: Defl. measure + (V)	raw	high		
status_tune_logs	status.scan.1.49	Status log at scan 1 PCBAOS: Defl. measure - (V)	0.347		IRawDataPlus.GetStatusLogForRetentionTime	scan=1; retentionTimeMin=0.003004092597961426; fieldIndex=49			1	PCBAOS: Defl. measure - (V)	raw	high		
status_tune_logs	status.scan.1.50	Status log at scan 1 PCBAOS: CE inject + (V)	-3075.747		IRawDataPlus.GetStatusLogForRetentionTime	scan=1; retentionTimeMin=0.003004092597961426; fieldIndex=50			1	PCBAOS: CE inject + (V)	raw	high		
status_tune_logs	status.scan.1.51	Status log at scan 1 PCBAOS: CE inject - (V)	3075.484		IRawDataPlus.GetStatusLogForRetentionTime	scan=1; retentionTimeMin=0.003004092597961426; fieldIndex=51			1	PCBAOS: CE inject - (V)	raw	high		
status_tune_logs	status.scan.1.53	Status log at scan 1 Ambient temp. (°C)	35.8		IRawDataPlus.GetStatusLogForRetentionTime	scan=1; retentionTimeMin=0.003004092597961426; fieldIndex=53			1	Ambient temp. (°C)	raw	high		
status_tune_logs	status.scan.1.54	Status log at scan 1 Orbitrap block temp. (°C)	37.67		IRawDataPlus.GetStatusLogForRetentionTime	scan=1; retentionTimeMin=0.003004092597961426; fieldIndex=54			1	Orbitrap block temp. (°C)	raw	high		
status_tune_logs	status.scan.1.55	Status log at scan 1 Detector temp. (°C)	41.33		IRawDataPlus.GetStatusLogForRetentionTime	scan=1; retentionTimeMin=0.003004092597961426; fieldIndex=55			1	Detector temp. (°C)	raw	high		
status_tune_logs	status.scan.1.56	Status log at scan 1 Ion tr. tube temp. (°C)	274.987		IRawDataPlus.GetStatusLogForRetentionTime	scan=1; retentionTimeMin=0.003004092597961426; fieldIndex=56			1	Ion tr. tube temp. (°C)	raw	high		
status_tune_logs	status.scan.1.57	Status log at scan 1 Vaporizer temp. (°C)	809.8		IRawDataPlus.GetStatusLogForRetentionTime	scan=1; retentionTimeMin=0.003004092597961426; fieldIndex=57			1	Vaporizer temp. (°C)	raw	high		
status_tune_logs	status.scan.1.58	Status log at scan 1 CPU core temp. (°C)	0		IRawDataPlus.GetStatusLogForRetentionTime	scan=1; retentionTimeMin=0.003004092597961426; fieldIndex=58			1	CPU core temp. (°C)	raw	high		
status_tune_logs	status.scan.1.59	Status log at scan 1 PCB temp. top (°C)	53.43		IRawDataPlus.GetStatusLogForRetentionTime	scan=1; retentionTimeMin=0.003004092597961426; fieldIndex=59			1	PCB temp. top (°C)	raw	high		
status_tune_logs	status.scan.1.60	Status log at scan 1 PCB temp. center (°C)	53.26		IRawDataPlus.GetStatusLogForRetentionTime	scan=1; retentionTimeMin=0.003004092597961426; fieldIndex=60			1	PCB temp. center (°C)	raw	high		
status_tune_logs	status.scan.1.61	Status log at scan 1 PCB temp. bottom (°C)	53.63		IRawDataPlus.GetStatusLogForRetentionTime	scan=1; retentionTimeMin=0.003004092597961426; fieldIndex=61			1	PCB temp. bottom (°C)	raw	high		
status_tune_logs	status.scan.1.63	Status log at scan 1 Performance ld	0.000		IRawDataPlus.GetStatusLogForRetentionTime	scan=1; retentionTimeMin=0.003004092597961426; fieldIndex=63			1	Performance ld	raw	high		
status_tune_logs	status.scan.1.64	Status log at scan 1 Performance me	3893.609		IRawDataPlus.GetStatusLogForRetentionTime	scan=1; retentionTimeMin=0.003004092597961426; fieldIndex=64			1	Performance me	raw	high		
status_tune_logs	status.scan.1.65	Status log at scan 1 Performance cy	0.000		IRawDataPlus.GetStatusLogForRetentionTime	scan=1; retentionTimeMin=0.003004092597961426; fieldIndex=65			1	Performance cy	raw	high		
status_tune_logs	status.scan.1.66	Status log at scan 1 PrOSA counts	546.0		IRawDataPlus.GetStatusLogForRetentionTime	scan=1; retentionTimeMin=0.003004092597961426; fieldIndex=66			1	PrOSA counts	raw	high		
status_tune_logs	status.scan.1.67	Status log at scan 1 PrOSA blank	-5.0		IRawDataPlus.GetStatusLogForRetentionTime	scan=1; retentionTimeMin=0.003004092597961426; fieldIndex=67			1	PrOSA blank	raw	high		
status_tune_logs	status.scan.1.68	Status log at scan 1 PrOSA time (us)	50000		IRawDataPlus.GetStatusLogForRetentionTime	scan=1; retentionTimeMin=0.003004092597961426; fieldIndex=68			1	PrOSA time (us)	raw	high		
status_tune_logs	status.scan.1.69	Status log at scan 1 PrOSA curr (pA)	3.97		IRawDataPlus.GetStatusLogForRetentionTime	scan=1; retentionTimeMin=0.003004092597961426; fieldIndex=69			1	PrOSA curr (pA)	raw	high		
status_tune_logs	status.scan.1.70	Status log at scan 1 ICB: Up-time (sec)	1809.9		IRawDataPlus.GetStatusLogForRetentionTime	scan=1; retentionTimeMin=0.003004092597961426; fieldIndex=70			1	ICB: Up-time (sec)	raw	high		
status_tune_logs	status.scan.1.71	Status log at scan 1 ICB: +24 V	23.813		IRawDataPlus.GetStatusLogForRetentionTime	scan=1; retentionTimeMin=0.003004092597961426; fieldIndex=71			1	ICB: +24 V	raw	high		
status_tune_logs	status.scan.1.72	Status log at scan 1 ICB: +5 V	5.046		IRawDataPlus.GetStatusLogForRetentionTime	scan=1; retentionTimeMin=0.003004092597961426; fieldIndex=72			1	ICB: +5 V	raw	high		
status_tune_logs	status.scan.1.73	Status log at scan 1 ICB: +3.3 V	3.298		IRawDataPlus.GetStatusLogForRetentionTime	scan=1; retentionTimeMin=0.003004092597961426; fieldIndex=73			1	ICB: +3.3 V	raw	high		
status_tune_logs	status.scan.1.74	Status log at scan 1 ICB: +2.5 V	2.496		IRawDataPlus.GetStatusLogForRetentionTime	scan=1; retentionTimeMin=0.003004092597961426; fieldIndex=74			1	ICB: +2.5 V	raw	high		
status_tune_logs	status.scan.1.75	Status log at scan 1 ICB: +1.2 V	1.198		IRawDataPlus.GetStatusLogForRetentionTime	scan=1; retentionTimeMin=0.003004092597961426; fieldIndex=75			1	ICB: +1.2 V	raw	high		
status_tune_logs	status.scan.1.76	Status log at scan 1 ICB: Power-on time (h)	1304.69		IRawDataPlus.GetStatusLogForRetentionTime	scan=1; retentionTimeMin=0.003004092597961426; fieldIndex=76			1	ICB: Power-on time (h)	raw	high		
status_tune_logs	status.scan.1.77	Status log at scan 1 ICB: Acc. bakeout time (h)	11.42		IRawDataPlus.GetStatusLogForRetentionTime	scan=1; retentionTimeMin=0.003004092597961426; fieldIndex=77			1	ICB: Acc. bakeout time (h)	raw	high		
status_tune_logs	status.scan.1.78	Status log at scan 1 ICB: Turbopump speed (Hz)	1000.0		IRawDataPlus.GetStatusLogForRetentionTime	scan=1; retentionTimeMin=0.003004092597961426; fieldIndex=78			1	ICB: Turbopump speed (Hz)	raw	high		
status_tune_logs	status.scan.1.79	Status log at scan 1 ICB: Turbopump power (W)	84.0		IRawDataPlus.GetStatusLogForRetentionTime	scan=1; retentionTimeMin=0.003004092597961426; fieldIndex=79			1	ICB: Turbopump power (W)	raw	high		
status_tune_logs	status.scan.1.80	Status log at scan 1 ICB: Turbopump error state	1000		IRawDataPlus.GetStatusLogForRetentionTime	scan=1; retentionTimeMin=0.003004092597961426; fieldIndex=80			1	ICB: Turbopump error state	raw	high		
status_tune_logs	status.scan.1.81	Status log at scan 1 ICB: Turbopump last error	0		IRawDataPlus.GetStatusLogForRetentionTime	scan=1; retentionTimeMin=0.003004092597961426; fieldIndex=81			1	ICB: Turbopump last error	raw	high		
status_tune_logs	status.scan.1.82	Status log at scan 1 ICB: UHV pres. (mbar)	6.55e-011		IRawDataPlus.GetStatusLogForRetentionTime	scan=1; retentionTimeMin=0.003004092597961426; fieldIndex=82			1	ICB: UHV pres. (mbar)	raw	high		
status_tune_logs	status.scan.1.83	Status log at scan 1 ICB: HCD cell pres. (mbar)	1.10e-002		IRawDataPlus.GetStatusLogForRetentionTime	scan=1; retentionTimeMin=0.003004092597961426; fieldIndex=83			1	ICB: HCD cell pres. (mbar)	raw	high		
status_tune_logs	status.scan.1.84	Status log at scan 1 ICB: Fore-vac. pres. (mbar)	3.50e+000		IRawDataPlus.GetStatusLogForRetentionTime	scan=1; retentionTimeMin=0.003004092597961426; fieldIndex=84			1	ICB: Fore-vac. pres. (mbar)	raw	high		
status_tune_logs	status.scan.1.85	Status log at scan 1 ICB: IF region pres. (mbar)	1.23e-001		IRawDataPlus.GetStatusLogForRetentionTime	scan=1; retentionTimeMin=0.003004092597961426; fieldIndex=85			1	ICB: IF region pres. (mbar)	raw	high		
status_tune_logs	status.scan.1.86	Status log at scan 1 ICB: R-f fan speed (rpm)	2876.0		IRawDataPlus.GetStatusLogForRetentionTime	scan=1; retentionTimeMin=0.003004092597961426; fieldIndex=86			1	ICB: R-f fan speed (rpm)	raw	high		
status_tune_logs	status.scan.1.87	Status log at scan 1 ICB: L-b fan speed (rpm)	2992.0		IRawDataPlus.GetStatusLogForRetentionTime	scan=1; retentionTimeMin=0.003004092597961426; fieldIndex=87			1	ICB: L-b fan speed (rpm)	raw	high		
status_tune_logs	status.scan.1.88	Status log at scan 1 ICB: L-f fan speed (rpm)	2904.0		IRawDataPlus.GetStatusLogForRetentionTime	scan=1; retentionTimeMin=0.003004092597961426; fieldIndex=88			1	ICB: L-f fan speed (rpm)	raw	high		
status_tune_logs	status.scan.1.89	Status log at scan 1 ICB: Dig. I/O start 0	6		IRawDataPlus.GetStatusLogForRetentionTime	scan=1; retentionTimeMin=0.003004092597961426; fieldIndex=89			1	ICB: Dig. I/O start 0	raw	high		
status_tune_logs	status.scan.1.90	Status log at scan 1 ICB: Dig. I/O start 1	6		IRawDataPlus.GetStatusLogForRetentionTime	scan=1; retentionTimeMin=0.003004092597961426; fieldIndex=90			1	ICB: Dig. I/O start 1	raw	high		
status_tune_logs	status.scan.1.91	Status log at scan 1 ICB: OSPI ERR queue usage	1		IRawDataPlus.GetStatusLogForRetentionTime	scan=1; retentionTimeMin=0.003004092597961426; fieldIndex=91			1	ICB: OSPI ERR queue usage	raw	high		
status_tune_logs	status.scan.1.92	Status log at scan 1 DAQ: Voltage monitor	0		IRawDataPlus.GetStatusLogForRetentionTime	scan=1; retentionTimeMin=0.003004092597961426; fieldIndex=92			1	DAQ: Voltage monitor	raw	high		
status_tune_logs	status.scan.1.93	Status log at scan 1 DAQ: Status register	1		IRawDataPlus.GetStatusLogForRetentionTime	scan=1; retentionTimeMin=0.003004092597961426; fieldIndex=93			1	DAQ: Status register	raw	high		
status_tune_logs	status.scan.1.94	Status log at scan 1 CTB: FAN1 speed (rpm)	5836.0		IRawDataPlus.GetStatusLogForRetentionTime	scan=1; retentionTimeMin=0.003004092597961426; fieldIndex=94			1	CTB: FAN1 speed (rpm)	raw	high		
status_tune_logs	status.scan.1.95	Status log at scan 1 CTB: FAN2 speed (rpm)	5836.0		IRawDataPlus.GetStatusLogForRetentionTime	scan=1; retentionTimeMin=0.003004092597961426; fieldIndex=95			1	CTB: FAN2 speed (rpm)	raw	high		
status_tune_logs	status.scan.1.96	Status log at scan 1 CTB: ICD integr. active	0		IRawDataPlus.GetStatusLogForRetentionTime	scan=1; retentionTimeMin=0.003004092597961426; fieldIndex=96			1	CTB: ICD integr. active	raw	high		
status_tune_logs	status.scan.1.97	Status log at scan 1 CTB: ICD signal count (ct)	546.0		IRawDataPlus.GetStatusLogForRetentionTime	scan=1; retentionTimeMin=0.003004092597961426; fieldIndex=97			1	CTB: ICD signal count (ct)	raw	high		
status_tune_logs	status.scan.1.98	Status log at scan 1 CTB: ICD blank count (ct)	-5.0		IRawDataPlus.GetStatusLogForRetentionTime	scan=1; retentionTimeMin=0.003004092597961426; fieldIndex=98			1	CTB: ICD blank count (ct)	raw	high		
status_tune_logs	status.scan.1.99	Status log at scan 1 CTB: ICD ion inj. time (us)	25000		IRawDataPlus.GetStatusLogForRetentionTime	scan=1; retentionTimeMin=0.003004092597961426; fieldIndex=99			1	CTB: ICD ion inj. time (us)	raw	high		
status_tune_logs	status.scan.1.100	Status log at scan 1 CTB: C-trap RF curr. (mA)	217.37		IRawDataPlus.GetStatusLogForRetentionTime	scan=1; retentionTimeMin=0.003004092597961426; fieldIndex=100			1	CTB: C-trap RF curr. (mA)	raw	high		
status_tune_logs	status.scan.1.101	Status log at scan 1 CTB: C-trap RF s. volt. (V)	27.34		IRawDataPlus.GetStatusLogForRetentionTime	scan=1; retentionTimeMin=0.003004092597961426; fieldIndex=101			1	CTB: C-trap RF s. volt. (V)	raw	high		
status_tune_logs	status.scan.1.102	Status log at scan 1 CTB: HV positive (V)	517.31		IRawDataPlus.GetStatusLogForRetentionTime	scan=1; retentionTimeMin=0.003004092597961426; fieldIndex=102			1	CTB: HV positive (V)	raw	high		
status_tune_logs	status.scan.1.103	Status log at scan 1 CTB: HV negative (V)	-528.43		IRawDataPlus.GetStatusLogForRetentionTime	scan=1; retentionTimeMin=0.003004092597961426; fieldIndex=103			1	CTB: HV negative (V)	raw	high		
status_tune_logs	status.scan.1.104	Status log at scan 1 QS: HV negative (V)	-644.2		IRawDataPlus.GetStatusLogForRetentionTime	scan=1; retentionTimeMin=0.003004092597961426; fieldIndex=104			1	QS: HV negative (V)	raw	high		
status_tune_logs	status.scan.1.105	Status log at scan 1 QS: HV positive (V)	642.6		IRawDataPlus.GetStatusLogForRetentionTime	scan=1; retentionTimeMin=0.003004092597961426; fieldIndex=105			1	QS: HV positive (V)	raw	high		
status_tune_logs	status.scan.1.106	Status log at scan 1 SB: +24 V supply	23.565		IRawDataPlus.GetStatusLogForRetentionTime	scan=1; retentionTimeMin=0.003004092597961426; fieldIndex=106			1	SB: +24 V supply	raw	high		
status_tune_logs	status.scan.1.107	Status log at scan 1 SB: +15 V analog supply	15.094		IRawDataPlus.GetStatusLogForRetentionTime	scan=1; retentionTimeMin=0.003004092597961426; fieldIndex=107			1	SB: +15 V analog supply	raw	high		
status_tune_logs	status.scan.1.108	Status log at scan 1 SB: -8 V supply	-8.367		IRawDataPlus.GetStatusLogForRetentionTime	scan=1; retentionTimeMin=0.003004092597961426; fieldIndex=108			1	SB: -8 V supply	raw	high		
status_tune_logs	status.scan.1.109	Status log at scan 1 SB: +5 V analog supply	4.986		IRawDataPlus.GetStatusLogForRetentionTime	scan=1; retentionTimeMin=0.003004092597961426; fieldIndex=109			1	SB: +5 V analog supply	raw	high		
status_tune_logs	status.scan.1.110	Status log at scan 1 SB: +5 V digital supply	5.096		IRawDataPlus.GetStatusLogForRetentionTime	scan=1; retentionTimeMin=0.003004092597961426; fieldIndex=110			1	SB: +5 V digital supply	raw	high		
status_tune_logs	status.scan.1.111	Status log at scan 1 SB: -5 V analog supply	-4.955		IRawDataPlus.GetStatusLogForRetentionTime	scan=1; retentionTimeMin=0.003004092597961426; fieldIndex=111			1	SB: -5 V analog supply	raw	high		
status_tune_logs	status.scan.1.112	Status log at scan 1 SB: +3.3 V digital supply	3.294		IRawDataPlus.GetStatusLogForRetentionTime	scan=1; retentionTimeMin=0.003004092597961426; fieldIndex=112			1	SB: +3.3 V digital supply	raw	high		
status_tune_logs	status.scan.1.113	Status log at scan 1 SB: +2.5 V digital supply	2.505		IRawDataPlus.GetStatusLogForRetentionTime	scan=1; retentionTimeMin=0.003004092597961426; fieldIndex=113			1	SB: +2.5 V digital supply	raw	high		
status_tune_logs	status.scan.1.114	Status log at scan 1 SB: +1.2 V digital supply	1.195		IRawDataPlus.GetStatusLogForRetentionTime	scan=1; retentionTimeMin=0.003004092597961426; fieldIndex=114			1	SB: +1.2 V digital supply	raw	high		
status_tune_logs	status.scan.1.115	Status log at scan 1 SB: Ion tr. tube fuse	1		IRawDataPlus.GetStatusLogForRetentionTime	scan=1; retentionTimeMin=0.003004092597961426; fieldIndex=115			1	SB: Ion tr. tube fuse	raw	high		
status_tune_logs	status.scan.1.116	Status log at scan 1 SB: Ion tr. tube temp. OOR	0		IRawDataPlus.GetStatusLogForRetentionTime	scan=1; retentionTimeMin=0.003004092597961426; fieldIndex=116			1	SB: Ion tr. tube temp. OOR	raw	high		
status_tune_logs	status.scan.1.117	Status log at scan 1 SB: Ion tr. tube voltage (V)	8.012		IRawDataPlus.GetStatusLogForRetentionTime	scan=1; retentionTimeMin=0.003004092597961426; fieldIndex=117			1	SB: Ion tr. tube voltage (V)	raw	high		
status_tune_logs	status.scan.1.118	Status log at scan 1 SB: Vaporizer fuse	1		IRawDataPlus.GetStatusLogForRetentionTime	scan=1; retentionTimeMin=0.003004092597961426; fieldIndex=118			1	SB: Vaporizer fuse	raw	high		
status_tune_logs	status.scan.1.119	Status log at scan 1 SB: Vaporizer temp. OOR	1		IRawDataPlus.GetStatusLogForRetentionTime	scan=1; retentionTimeMin=0.003004092597961426; fieldIndex=119			1	SB: Vaporizer temp. OOR	raw	high		
status_tune_logs	status.scan.1.120	Status log at scan 1 SB: 8 kV const. volt./c.m.	1		IRawDataPlus.GetStatusLogForRetentionTime	scan=1; retentionTimeMin=0.003004092597961426; fieldIndex=120			1	SB: 8 kV const. volt./c.m.	raw	high		
status_tune_logs	status.scan.1.121	Status log at scan 1 SB: Valve fuse	1		IRawDataPlus.GetStatusLogForRetentionTime	scan=1; retentionTimeMin=0.003004092597961426; fieldIndex=121			1	SB: Valve fuse	raw	high		
status_tune_logs	status.scan.1.122	Status log at scan 1 SB: Aux. gas pres. (psi)	-0.107		IRawDataPlus.GetStatusLogForRetentionTime	scan=1; retentionTimeMin=0.003004092597961426; fieldIndex=122			1	SB: Aux. gas pres. (psi)	raw	high		
status_tune_logs	status.scan.1.123	Status log at scan 1 SB: Sheath gas pres. (psi)	-0.079		IRawDataPlus.GetStatusLogForRetentionTime	scan=1; retentionTimeMin=0.003004092597961426; fieldIndex=123			1	SB: Sheath gas pres. (psi)	raw	high		
status_tune_logs	status.scan.1.124	Status log at scan 1 SB: Sweep gas pres. (psi)	-0.077		IRawDataPlus.GetStatusLogForRetentionTime	scan=1; retentionTimeMin=0.003004092597961426; fieldIndex=124			1	SB: Sweep gas pres. (psi)	raw	high		
status_tune_logs	status.scan.1.125	Status log at scan 1 SB: Interlock fuse	1		IRawDataPlus.GetStatusLogForRetentionTime	scan=1; retentionTimeMin=0.003004092597961426; fieldIndex=125			1	SB: Interlock fuse	raw	high		
status_tune_logs	status.scan.1.126	Status log at scan 1 SB: Switch 1 closed	1		IRawDataPlus.GetStatusLogForRetentionTime	scan=1; retentionTimeMin=0.003004092597961426; fieldIndex=126			1	SB: Switch 1 closed	raw	high		
status_tune_logs	status.scan.1.127	Status log at scan 1 SB: Relay 1 closed	1		IRawDataPlus.GetStatusLogForRetentionTime	scan=1; retentionTimeMin=0.003004092597961426; fieldIndex=127			1	SB: Relay 1 closed	raw	high		
status_tune_logs	status.scan.1.128	Status log at scan 1 SB: Switch 2 closed	1		IRawDataPlus.GetStatusLogForRetentionTime	scan=1; retentionTimeMin=0.003004092597961426; fieldIndex=128			1	SB: Switch 2 closed	raw	high		
status_tune_logs	status.scan.1.129	Status log at scan 1 SB: Relay 2 closed	1		IRawDataPlus.GetStatusLogForRetentionTime	scan=1; retentionTimeMin=0.003004092597961426; fieldIndex=129			1	SB: Relay 2 closed	raw	high		
status_tune_logs	status.scan.1.130	Status log at scan 1 SB: Interlock switch	1		IRawDataPlus.GetStatusLogForRetentionTime	scan=1; retentionTimeMin=0.003004092597961426; fieldIndex=130			1	SB: Interlock switch	raw	high		
status_tune_logs	status.scan.1.131	Status log at scan 1 SB: Cover is taken off	0		IRawDataPlus.GetStatusLogForRetentionTime	scan=1; retentionTimeMin=0.003004092597961426; fieldIndex=131			1	SB: Cover is taken off	raw	high		
status_tune_logs	status.scan.1.132	Status log at scan 1 SB: ICS/ETD available	0		IRawDataPlus.GetStatusLogForRetentionTime	scan=1; retentionTimeMin=0.003004092597961426; fieldIndex=132			1	SB: ICS/ETD available	raw	high		
status_tune_logs	status.scan.1.133	Status log at scan 1 IOB: HV fuse	0		IRawDataPlus.GetStatusLogForRetentionTime	scan=1; retentionTimeMin=0.003004092597961426; fieldIndex=133			1	IOB: HV fuse	raw	high		
status_tune_logs	status.scan.1.134	Status log at scan 1 IOB: RF fuse	0		IRawDataPlus.GetStatusLogForRetentionTime	scan=1; retentionTimeMin=0.003004092597961426; fieldIndex=134			1	IOB: RF fuse	raw	high		
status_tune_logs	status.scan.1.135	Status log at scan 1 IOB: HVV positive (V)	350.43		IRawDataPlus.GetStatusLogForRetentionTime	scan=1; retentionTimeMin=0.003004092597961426; fieldIndex=135			1	IOB: HVV positive (V)	raw	high		
status_tune_logs	status.scan.1.136	Status log at scan 1 IOB: HVV negative (V)	-349.73		IRawDataPlus.GetStatusLogForRetentionTime	scan=1; retentionTimeMin=0.003004092597961426; fieldIndex=136			1	IOB: HVV negative (V)	raw	high		
status_tune_logs	status.scan.1.137	Status log at scan 1 IOB: HV positive (V)	37.22		IRawDataPlus.GetStatusLogForRetentionTime	scan=1; retentionTimeMin=0.003004092597961426; fieldIndex=137			1	IOB: HV positive (V)	raw	high		
status_tune_logs	status.scan.1.138	Status log at scan 1 IOB: HV negative (V)	-36.72		IRawDataPlus.GetStatusLogForRetentionTime	scan=1; retentionTimeMin=0.003004092597961426; fieldIndex=138			1	IOB: HV negative (V)	raw	high		
status_tune_logs	status.scan.1.139	Status log at scan 1 FTPCU: CPU load average	0.00		IRawDataPlus.GetStatusLogForRetentionTime	scan=1; retentionTimeMin=0.003004092597961426; fieldIndex=139			1	FTPCU: CPU load average	raw	high		
status_tune_logs	status.scan.1.140	Status log at scan 1 FTPCU: Board free RAM	3893.61		IRawDataPlus.GetStatusLogForRetentionTime	scan=1; retentionTimeMin=0.003004092597961426; fieldIndex=140			1	FTPCU: Board free RAM	raw	high		
status_tune_logs	status.scan.1.141	Status log at scan 1 PCBAOS: HV monitor (kV)	4.606		IRawDataPlus.GetStatusLogForRetentionTime	scan=1; retentionTimeMin=0.003004092597961426; fieldIndex=141			1	PCBAOS: HV monitor (kV)	raw	high		
status_tune_logs	status.scan.1.142	Status log at scan 1 PCBAOS: R_Pulser_CE (V)	-4006.091		IRawDataPlus.GetStatusLogForRetentionTime	scan=1; retentionTimeMin=0.003004092597961426; fieldIndex=142			1	PCBAOS: R_Pulser_CE (V)	raw	high		
status_tune_logs	status.scan.1.143	Status log at scan 1 PCBAOS: R_Pulser_DE (V)	478.024		IRawDataPlus.GetStatusLogForRetentionTime	scan=1; retentionTimeMin=0.003004092597961426; fieldIndex=143			1	PCBAOS: R_Pulser_DE (V)	raw	high		
status_tune_logs	status.scan.1.145	Status log at scan 1 Attached	0		IRawDataPlus.GetStatusLogForRetentionTime	scan=1; retentionTimeMin=0.003004092597961426; fieldIndex=145			1	Attached	raw	high		
status_tune_logs	status.scan.1.146	Status log at scan 1 Dispersion Voltage (DV)	0.0		IRawDataPlus.GetStatusLogForRetentionTime	scan=1; retentionTimeMin=0.003004092597961426; fieldIndex=146			1	Dispersion Voltage (DV)	raw	high		
status_tune_logs	status.scan.1.147	Status log at scan 1 Compensation Voltage (CV)	0.0		IRawDataPlus.GetStatusLogForRetentionTime	scan=1; retentionTimeMin=0.003004092597961426; fieldIndex=147			1	Compensation Voltage (CV)	raw	high		
status_tune_logs	status.scan.1.148	Status log at scan 1 Entrance Plate Voltage (V)	0.0		IRawDataPlus.GetStatusLogForRetentionTime	scan=1; retentionTimeMin=0.003004092597961426; fieldIndex=148			1	Entrance Plate Voltage (V)	raw	high		
status_tune_logs	status.scan.1.149	Status log at scan 1 User Gas Flow (lpm)	0.0		IRawDataPlus.GetStatusLogForRetentionTime	scan=1; retentionTimeMin=0.003004092597961426; fieldIndex=149			1	User Gas Flow (lpm)	raw	high		
status_tune_logs	status.scan.1.150	Status log at scan 1 Carrier Gas Flow (lpm)	0.0		IRawDataPlus.GetStatusLogForRetentionTime	scan=1; retentionTimeMin=0.003004092597961426; fieldIndex=150			1	Carrier Gas Flow (lpm)	raw	high		
status_tune_logs	status.scan.1.151	Status log at scan 1 Total Gas Flow (lpm)	0.0		IRawDataPlus.GetStatusLogForRetentionTime	scan=1; retentionTimeMin=0.003004092597961426; fieldIndex=151			1	Total Gas Flow (lpm)	raw	high		
status_tune_logs	status.scan.1.152	Status log at scan 1 Cooling Gas Flow (lpm)	0.0		IRawDataPlus.GetStatusLogForRetentionTime	scan=1; retentionTimeMin=0.003004092597961426; fieldIndex=152			1	Cooling Gas Flow (lpm)	raw	high		
status_tune_logs	status.scan.1.153	Status log at scan 1 Gas Pressure (psi)	0.00		IRawDataPlus.GetStatusLogForRetentionTime	scan=1; retentionTimeMin=0.003004092597961426; fieldIndex=153			1	Gas Pressure (psi)	raw	high		
status_tune_logs	status.scan.1.154	Status log at scan 1 Cooling Gas Pressure (psi)	0.00		IRawDataPlus.GetStatusLogForRetentionTime	scan=1; retentionTimeMin=0.003004092597961426; fieldIndex=154			1	Cooling Gas Pressure (psi)	raw	high		
status_tune_logs	status.scan.1.155	Status log at scan 1 Input Gas Pressure (psi)	0.00		IRawDataPlus.GetStatusLogForRetentionTime	scan=1; retentionTimeMin=0.003004092597961426; fieldIndex=155			1	Input Gas Pressure (psi)	raw	high		
status_tune_logs	status.scan.1.156	Status log at scan 1 Inner Electrode Temp. (°C)	0.0		IRawDataPlus.GetStatusLogForRetentionTime	scan=1; retentionTimeMin=0.003004092597961426; fieldIndex=156			1	Inner Electrode Temp. (°C)	raw	high		
status_tune_logs	status.scan.1.157	Status log at scan 1 Outer Electrode 1 Temp. (°C)	0.0		IRawDataPlus.GetStatusLogForRetentionTime	scan=1; retentionTimeMin=0.003004092597961426; fieldIndex=157			1	Outer Electrode 1 Temp. (°C)	raw	high		
status_tune_logs	status.scan.1.158	Status log at scan 1 Outer Electrode 2 Temp. (°C)	0.0		IRawDataPlus.GetStatusLogForRetentionTime	scan=1; retentionTimeMin=0.003004092597961426; fieldIndex=158			1	Outer Electrode 2 Temp. (°C)	raw	high		
status_tune_logs	status.scan.1.159	Status log at scan 1 MCB Ambient Temp. (°C)	0.0		IRawDataPlus.GetStatusLogForRetentionTime	scan=1; retentionTimeMin=0.003004092597961426; fieldIndex=159			1	MCB Ambient Temp. (°C)	raw	high		
status_tune_logs	status.scan.1.160	Status log at scan 1 MCB Atmosph. Pressure (kPa)	0		IRawDataPlus.GetStatusLogForRetentionTime	scan=1; retentionTimeMin=0.003004092597961426; fieldIndex=160			1	MCB Atmosph. Pressure (kPa)	raw	high		
status_tune_logs	status.scan.1.161	Status log at scan 1 DV High Frequency Amp. (V)	0.0		IRawDataPlus.GetStatusLogForRetentionTime	scan=1; retentionTimeMin=0.003004092597961426; fieldIndex=161			1	DV High Frequency Amp. (V)	raw	high		
status_tune_logs	status.scan.1.162	Status log at scan 1 DV Low Frequency Amp. (V)	0.0		IRawDataPlus.GetStatusLogForRetentionTime	scan=1; retentionTimeMin=0.003004092597961426; fieldIndex=162			1	DV Low Frequency Amp. (V)	raw	high		
status_tune_logs	status.scan.1.163	Status log at scan 1 DV Phase (°)	0.0		IRawDataPlus.GetStatusLogForRetentionTime	scan=1; retentionTimeMin=0.003004092597961426; fieldIndex=163			1	DV Phase (°)	raw	high		
status_tune_logs	status.scan.1.164	Status log at scan 1 DV Frequency (Hz)	0		IRawDataPlus.GetStatusLogForRetentionTime	scan=1; retentionTimeMin=0.003004092597961426; fieldIndex=164			1	DV Frequency (Hz)	raw	high		
status_tune_logs	status.scan.1.165	Status log at scan 1 System Voltage (V)	0.00		IRawDataPlus.GetStatusLogForRetentionTime	scan=1; retentionTimeMin=0.003004092597961426; fieldIndex=165			1	System Voltage (V)	raw	high		
status_tune_logs	status.scan.1.166	Status log at scan 1 System Current (A)	0.00		IRawDataPlus.GetStatusLogForRetentionTime	scan=1; retentionTimeMin=0.003004092597961426; fieldIndex=166			1	System Current (A)	raw	high		
status_tune_logs	status.scan.1.167	Status log at scan 1 Relays (+24V)	0.00		IRawDataPlus.GetStatusLogForRetentionTime	scan=1; retentionTimeMin=0.003004092597961426; fieldIndex=167			1	Relays (+24V)	raw	high		
status_tune_logs	status.scan.1.168	Status log at scan 1 +6.25D (V)	0.00		IRawDataPlus.GetStatusLogForRetentionTime	scan=1; retentionTimeMin=0.003004092597961426; fieldIndex=168			1	+6.25D (V)	raw	high		
status_tune_logs	status.scan.1.169	Status log at scan 1 -6.25D (V)	0.00		IRawDataPlus.GetStatusLogForRetentionTime	scan=1; retentionTimeMin=0.003004092597961426; fieldIndex=169			1	-6.25D (V)	raw	high		
status_tune_logs	status.scan.1.170	Status log at scan 1 +5A (V)	0.00		IRawDataPlus.GetStatusLogForRetentionTime	scan=1; retentionTimeMin=0.003004092597961426; fieldIndex=170			1	+5A (V)	raw	high		
status_tune_logs	status.scan.1.171	Status log at scan 1 -5A (V)	0.00		IRawDataPlus.GetStatusLogForRetentionTime	scan=1; retentionTimeMin=0.003004092597961426; fieldIndex=171			1	-5A (V)	raw	high		
status_tune_logs	status.scan.1.172	Status log at scan 1 +3.0D (V)	0.00		IRawDataPlus.GetStatusLogForRetentionTime	scan=1; retentionTimeMin=0.003004092597961426; fieldIndex=172			1	+3.0D (V)	raw	high		
status_tune_logs	status.scan.1.173	Status log at scan 1 +1.8A (V)	0.00		IRawDataPlus.GetStatusLogForRetentionTime	scan=1; retentionTimeMin=0.003004092597961426; fieldIndex=173			1	+1.8A (V)	raw	high		
status_tune_logs	status.scan.1.174	Status log at scan 1 +3.3D (V)	0.00		IRawDataPlus.GetStatusLogForRetentionTime	scan=1; retentionTimeMin=0.003004092597961426; fieldIndex=174			1	+3.3D (V)	raw	high		
status_tune_logs	status.scan.1.175	Status log at scan 1 MCB PCB Temp. (°C)	0.0		IRawDataPlus.GetStatusLogForRetentionTime	scan=1; retentionTimeMin=0.003004092597961426; fieldIndex=175			1	MCB PCB Temp. (°C)	raw	high		
status_tune_logs	status.scan.1.176	Status log at scan 1 RTD Reference (+3V)	0.00		IRawDataPlus.GetStatusLogForRetentionTime	scan=1; retentionTimeMin=0.003004092597961426; fieldIndex=176			1	RTD Reference (+3V)	raw	high		
status_tune_logs	status.scan.1.177	Status log at scan 1 System Relay Voltage (V)	0.00		IRawDataPlus.GetStatusLogForRetentionTime	scan=1; retentionTimeMin=0.003004092597961426; fieldIndex=177			1	System Relay Voltage (V)	raw	high		
status_tune_logs	status.scan.1.178	Status log at scan 1 MCB Fan 1 Speed (Hz)	0		IRawDataPlus.GetStatusLogForRetentionTime	scan=1; retentionTimeMin=0.003004092597961426; fieldIndex=178			1	MCB Fan 1 Speed (Hz)	raw	high		
status_tune_logs	status.scan.1.179	Status log at scan 1 MCB Fan 2 Speed (Hz)	0		IRawDataPlus.GetStatusLogForRetentionTime	scan=1; retentionTimeMin=0.003004092597961426; fieldIndex=179			1	MCB Fan 2 Speed (Hz)	raw	high		
status_tune_logs	status.scan.1.180	Status log at scan 1 TXB Fan Speed (Hz)	0		IRawDataPlus.GetStatusLogForRetentionTime	scan=1; retentionTimeMin=0.003004092597961426; fieldIndex=180			1	TXB Fan Speed (Hz)	raw	high		
status_tune_logs	status.scan.1.181	Status log at scan 1 Outer Elec. Bias Volt. (V)	0.0		IRawDataPlus.GetStatusLogForRetentionTime	scan=1; retentionTimeMin=0.003004092597961426; fieldIndex=181			1	Outer Elec. Bias Volt. (V)	raw	high		
status_tune_logs	status.scan.1.182	Status log at scan 1 HF RF Amp Output Current (A)	0.00		IRawDataPlus.GetStatusLogForRetentionTime	scan=1; retentionTimeMin=0.003004092597961426; fieldIndex=182			1	HF RF Amp Output Current (A)	raw	high		
status_tune_logs	status.scan.1.183	Status log at scan 1 HF RF Supply Voltage (V)	0.0		IRawDataPlus.GetStatusLogForRetentionTime	scan=1; retentionTimeMin=0.003004092597961426; fieldIndex=183			1	HF RF Supply Voltage (V)	raw	high		
status_tune_logs	status.scan.1.184	Status log at scan 1 HF RF Supply Current (A)	0.00		IRawDataPlus.GetStatusLogForRetentionTime	scan=1; retentionTimeMin=0.003004092597961426; fieldIndex=184			1	HF RF Supply Current (A)	raw	high		
status_tune_logs	status.scan.1.185	Status log at scan 1 LF RF Amp Output Current (A)	0.00		IRawDataPlus.GetStatusLogForRetentionTime	scan=1; retentionTimeMin=0.003004092597961426; fieldIndex=185			1	LF RF Amp Output Current (A)	raw	high		
status_tune_logs	status.scan.1.186	Status log at scan 1 LF RF Supply Voltage (V)	0.0		IRawDataPlus.GetStatusLogForRetentionTime	scan=1; retentionTimeMin=0.003004092597961426; fieldIndex=186			1	LF RF Supply Voltage (V)	raw	high		
status_tune_logs	status.scan.1.187	Status log at scan 1 LF RF Supply Current (A)	0.00		IRawDataPlus.GetStatusLogForRetentionTime	scan=1; retentionTimeMin=0.003004092597961426; fieldIndex=187			1	LF RF Supply Current (A)	raw	high		
status_tune_logs	status.scan.1.188	Status log at scan 1 HF RF Amp Output Voltage (V)	0.0		IRawDataPlus.GetStatusLogForRetentionTime	scan=1; retentionTimeMin=0.003004092597961426; fieldIndex=188			1	HF RF Amp Output Voltage (V)	raw	high		
status_tune_logs	status.scan.1.189	Status log at scan 1 LF RF Amp Output Voltage (V)	0.0		IRawDataPlus.GetStatusLogForRetentionTime	scan=1; retentionTimeMin=0.003004092597961426; fieldIndex=189			1	LF RF Amp Output Voltage (V)	raw	high		
status_tune_logs	status.scan.1.190	Status log at scan 1 TX PCB temperature (°C)	0.0		IRawDataPlus.GetStatusLogForRetentionTime	scan=1; retentionTimeMin=0.003004092597961426; fieldIndex=190			1	TX PCB temperature (°C)	raw	high		
status_tune_logs	status.scan.1.191	Status log at scan 1 DV High Frequency RF DAC (V)	0.00		IRawDataPlus.GetStatusLogForRetentionTime	scan=1; retentionTimeMin=0.003004092597961426; fieldIndex=191			1	DV High Frequency RF DAC (V)	raw	high		
status_tune_logs	status.scan.1.192	Status log at scan 1 DV Low Frequency RF DAC  (V)	0.00		IRawDataPlus.GetStatusLogForRetentionTime	scan=1; retentionTimeMin=0.003004092597961426; fieldIndex=192			1	DV Low Frequency RF DAC  (V)	raw	high		
status_tune_logs	status.scan.1.193	Status log at scan 1 MS Interlock 1 (V)	0.0		IRawDataPlus.GetStatusLogForRetentionTime	scan=1; retentionTimeMin=0.003004092597961426; fieldIndex=193			1	MS Interlock 1 (V)	raw	high		
status_tune_logs	status.scan.1.194	Status log at scan 1 MS Interlock 2 (V)	0.0		IRawDataPlus.GetStatusLogForRetentionTime	scan=1; retentionTimeMin=0.003004092597961426; fieldIndex=194			1	MS Interlock 2 (V)	raw	high		
status_tune_logs	status.scan.1.195	Status log at scan 1 Gate Drive Supply (V)	0.0		IRawDataPlus.GetStatusLogForRetentionTime	scan=1; retentionTimeMin=0.003004092597961426; fieldIndex=195			1	Gate Drive Supply (V)	raw	high		
status_tune_logs	status.scan.33162.2	Status log at scan 33162 Status	Instrument status Ok		IRawDataPlus.GetStatusLogForRetentionTime	scan=33162; retentionTimeMin=48.63552792113622; fieldIndex=2			33162	Status	raw	high		
status_tune_logs	status.scan.33162.3	Status log at scan 33162 Performance	Warn: Mass Calibration (negative) - Overdue (2020-05-04 08:30)		IRawDataPlus.GetStatusLogForRetentionTime	scan=33162; retentionTimeMin=48.63552792113622; fieldIndex=3			33162	Performance	raw	high		
status_tune_logs	status.scan.33162.5	Status log at scan 33162 Spray Voltage (V)	1996.0		IRawDataPlus.GetStatusLogForRetentionTime	scan=33162; retentionTimeMin=48.63552792113622; fieldIndex=5			33162	Spray Voltage (V)	raw	high		
status_tune_logs	status.scan.33162.6	Status log at scan 33162 Spray Current (µA)	3.91		IRawDataPlus.GetStatusLogForRetentionTime	scan=33162; retentionTimeMin=48.63552792113622; fieldIndex=6			33162	Spray Current (µA)	raw	high		
status_tune_logs	status.scan.33162.7	Status log at scan 33162 Spray Current std. dev. (µA)	0.00		IRawDataPlus.GetStatusLogForRetentionTime	scan=33162; retentionTimeMin=48.63552792113622; fieldIndex=7			33162	Spray Current std. dev. (µA)	raw	high		
status_tune_logs	status.scan.33162.8	Status log at scan 33162 Ion Transfer Tube Temperature (°C)	274.96		IRawDataPlus.GetStatusLogForRetentionTime	scan=33162; retentionTimeMin=48.63552792113622; fieldIndex=8			33162	Ion Transfer Tube Temperature (°C)	raw	high		
status_tune_logs	status.scan.33162.9	Status log at scan 33162 Sheath gas pressure (psi)	0.00		IRawDataPlus.GetStatusLogForRetentionTime	scan=33162; retentionTimeMin=48.63552792113622; fieldIndex=9			33162	Sheath gas pressure (psi)	raw	high		
status_tune_logs	status.scan.33162.10	Status log at scan 33162 Aux gas pressure (psi)	0.00		IRawDataPlus.GetStatusLogForRetentionTime	scan=33162; retentionTimeMin=48.63552792113622; fieldIndex=10			33162	Aux gas pressure (psi)	raw	high		
status_tune_logs	status.scan.33162.11	Status log at scan 33162 Sweep gas pressure (psi)	0.00		IRawDataPlus.GetStatusLogForRetentionTime	scan=33162; retentionTimeMin=48.63552792113622; fieldIndex=11			33162	Sweep gas pressure (psi)	raw	high		
status_tune_logs	status.scan.33162.12	Status log at scan 33162 Vaporizer Temperature (°C)	809.78		IRawDataPlus.GetStatusLogForRetentionTime	scan=33162; retentionTimeMin=48.63552792113622; fieldIndex=12			33162	Vaporizer Temperature (°C)	raw	high		
status_tune_logs	status.scan.33162.14	Status log at scan 33162 CTB: C-trap RF freq. (MHz)	3.172		IRawDataPlus.GetStatusLogForRetentionTime	scan=33162; retentionTimeMin=48.63552792113622; fieldIndex=14			33162	CTB: C-trap RF freq. (MHz)	raw	high		
status_tune_logs	status.scan.33162.15	Status log at scan 33162 CTB: C-trap RF amp. (MHz)	3141.168		IRawDataPlus.GetStatusLogForRetentionTime	scan=33162; retentionTimeMin=48.63552792113622; fieldIndex=15			33162	CTB: C-trap RF amp. (MHz)	raw	high		
status_tune_logs	status.scan.33162.16	Status log at scan 33162 CTB: Quad. exit lens (V)	-34.97		IRawDataPlus.GetStatusLogForRetentionTime	scan=33162; retentionTimeMin=48.63552792113622; fieldIndex=16			33162	CTB: Quad. exit lens (V)	raw	high		
status_tune_logs	status.scan.33162.17	Status log at scan 33162 CTB: Beam split lens (V)	-139.97		IRawDataPlus.GetStatusLogForRetentionTime	scan=33162; retentionTimeMin=48.63552792113622; fieldIndex=17			33162	CTB: Beam split lens (V)	raw	high		
status_tune_logs	status.scan.33162.18	Status log at scan 33162 CTB: Tr. multipole DC (V)	-3.00		IRawDataPlus.GetStatusLogForRetentionTime	scan=33162; retentionTimeMin=48.63552792113622; fieldIndex=18			33162	CTB: Tr. multipole DC (V)	raw	high		
status_tune_logs	status.scan.33162.19	Status log at scan 33162 CTB: C-trap entr. lens (V)	-9.98		IRawDataPlus.GetStatusLogForRetentionTime	scan=33162; retentionTimeMin=48.63552792113622; fieldIndex=19			33162	CTB: C-trap entr. lens (V)	raw	high		
status_tune_logs	status.scan.33162.20	Status log at scan 33162 CTB: C-trap exit lens (V)	-7.90		IRawDataPlus.GetStatusLogForRetentionTime	scan=33162; retentionTimeMin=48.63552792113622; fieldIndex=20			33162	CTB: C-trap exit lens (V)	raw	high		
status_tune_logs	status.scan.33162.21	Status log at scan 33162 CTB: Z lens (V)	269.88		IRawDataPlus.GetStatusLogForRetentionTime	scan=33162; retentionTimeMin=48.63552792113622; fieldIndex=21			33162	CTB: Z lens (V)	raw	high		
status_tune_logs	status.scan.33162.22	Status log at scan 33162 CTB: HCD ax. field entr. (V)	-24.32		IRawDataPlus.GetStatusLogForRetentionTime	scan=33162; retentionTimeMin=48.63552792113622; fieldIndex=22			33162	CTB: HCD ax. field entr. (V)	raw	high		
status_tune_logs	status.scan.33162.23	Status log at scan 33162 CTB: HCD ax. field exit (V)	-8.17		IRawDataPlus.GetStatusLogForRetentionTime	scan=33162; retentionTimeMin=48.63552792113622; fieldIndex=23			33162	CTB: HCD ax. field exit (V)	raw	high		
status_tune_logs	status.scan.33162.24	Status log at scan 33162 CTB: HCD exit lens (V)	34.99		IRawDataPlus.GetStatusLogForRetentionTime	scan=33162; retentionTimeMin=48.63552792113622; fieldIndex=24			33162	CTB: HCD exit lens (V)	raw	high		
status_tune_logs	status.scan.33162.25	Status log at scan 33162 QS: Quad. RF amp. (Vpp)	1034.5		IRawDataPlus.GetStatusLogForRetentionTime	scan=33162; retentionTimeMin=48.63552792113622; fieldIndex=25			33162	QS: Quad. RF amp. (Vpp)	raw	high		
status_tune_logs	status.scan.33162.26	Status log at scan 33162 QS: Quad. MSeg rod A DC (V)	62.6		IRawDataPlus.GetStatusLogForRetentionTime	scan=33162; retentionTimeMin=48.63552792113622; fieldIndex=26			33162	QS: Quad. MSeg rod A DC (V)	raw	high		
status_tune_logs	status.scan.33162.27	Status log at scan 33162 QS: Quad. MSeg rod B DC (V)	-52.8		IRawDataPlus.GetStatusLogForRetentionTime	scan=33162; retentionTimeMin=48.63552792113622; fieldIndex=27			33162	QS: Quad. MSeg rod B DC (V)	raw	high		
status_tune_logs	status.scan.33162.28	Status log at scan 33162 SB: Spray HV voltage (V)	1996		IRawDataPlus.GetStatusLogForRetentionTime	scan=33162; retentionTimeMin=48.63552792113622; fieldIndex=28			33162	SB: Spray HV voltage (V)	raw	high		
status_tune_logs	status.scan.33162.29	Status log at scan 33162 SB: Spray HV current (uA)	3.9		IRawDataPlus.GetStatusLogForRetentionTime	scan=33162; retentionTimeMin=48.63552792113622; fieldIndex=29			33162	SB: Spray HV current (uA)	raw	high		
status_tune_logs	status.scan.33162.30	Status log at scan 33162 IOB: Source DC (V)	24.95		IRawDataPlus.GetStatusLogForRetentionTime	scan=33162; retentionTimeMin=48.63552792113622; fieldIndex=30			33162	IOB: Source DC (V)	raw	high		
status_tune_logs	status.scan.33162.31	Status log at scan 33162 IOB: Funnel RF amp. (Vpp)	83.79		IRawDataPlus.GetStatusLogForRetentionTime	scan=33162; retentionTimeMin=48.63552792113622; fieldIndex=31			33162	IOB: Funnel RF amp. (Vpp)	raw	high		
status_tune_logs	status.scan.33162.32	Status log at scan 33162 IOB: Funnel RF freq. (kHz)	1830.662		IRawDataPlus.GetStatusLogForRetentionTime	scan=33162; retentionTimeMin=48.63552792113622; fieldIndex=32			33162	IOB: Funnel RF freq. (kHz)	raw	high		
status_tune_logs	status.scan.33162.33	Status log at scan 33162 IOB: Inj. fl. phase A DC (V)	22.09		IRawDataPlus.GetStatusLogForRetentionTime	scan=33162; retentionTimeMin=48.63552792113622; fieldIndex=33			33162	IOB: Inj. fl. phase A DC (V)	raw	high		
status_tune_logs	status.scan.33162.34	Status log at scan 33162 IOB: Inj. fl. phase B DC (V)	4.95		IRawDataPlus.GetStatusLogForRetentionTime	scan=33162; retentionTimeMin=48.63552792113622; fieldIndex=34			33162	IOB: Inj. fl. phase B DC (V)	raw	high		
status_tune_logs	status.scan.33162.35	Status log at scan 33162 IOB: Inj. fl. RF amp. (Vpp)	77.04		IRawDataPlus.GetStatusLogForRetentionTime	scan=33162; retentionTimeMin=48.63552792113622; fieldIndex=35			33162	IOB: Inj. fl. RF amp. (Vpp)	raw	high		
status_tune_logs	status.scan.33162.36	Status log at scan 33162 IOB: Inj. fl. RF freq. (kHz)	524.004		IRawDataPlus.GetStatusLogForRetentionTime	scan=33162; retentionTimeMin=48.63552792113622; fieldIndex=36			33162	IOB: Inj. fl. RF freq. (kHz)	raw	high		
status_tune_logs	status.scan.33162.37	Status log at scan 33162 IOB: Inj. fl. RF curr. (A)	0.010		IRawDataPlus.GetStatusLogForRetentionTime	scan=33162; retentionTimeMin=48.63552792113622; fieldIndex=37			33162	IOB: Inj. fl. RF curr. (A)	raw	high		
status_tune_logs	status.scan.33162.38	Status log at scan 33162 IOB: Fl. focus lens (V)	8.02		IRawDataPlus.GetStatusLogForRetentionTime	scan=33162; retentionTimeMin=48.63552792113622; fieldIndex=38			33162	IOB: Fl. focus lens (V)	raw	high		
status_tune_logs	status.scan.33162.39	Status log at scan 33162 IOB: Bent fl. DC (V)	6.03		IRawDataPlus.GetStatusLogForRetentionTime	scan=33162; retentionTimeMin=48.63552792113622; fieldIndex=39			33162	IOB: Bent fl. DC (V)	raw	high		
status_tune_logs	status.scan.33162.40	Status log at scan 33162 IOB: Bent fl. ax. f. e. (V)	35.89		IRawDataPlus.GetStatusLogForRetentionTime	scan=33162; retentionTimeMin=48.63552792113622; fieldIndex=40			33162	IOB: Bent fl. ax. f. e. (V)	raw	high		
status_tune_logs	status.scan.33162.41	Status log at scan 33162 IOB: Bent fl. exit lens (V)	-10.09		IRawDataPlus.GetStatusLogForRetentionTime	scan=33162; retentionTimeMin=48.63552792113622; fieldIndex=41			33162	IOB: Bent fl. exit lens (V)	raw	high		
status_tune_logs	status.scan.33162.42	Status log at scan 33162 IOB: Bent fl. RF amp. (Vpp)	1046.43		IRawDataPlus.GetStatusLogForRetentionTime	scan=33162; retentionTimeMin=48.63552792113622; fieldIndex=42			33162	IOB: Bent fl. RF amp. (Vpp)	raw	high		
status_tune_logs	status.scan.33162.43	Status log at scan 33162 IOB: Bent fl. RF freq. (kHz)	2569.901		IRawDataPlus.GetStatusLogForRetentionTime	scan=33162; retentionTimeMin=48.63552792113622; fieldIndex=43			33162	IOB: Bent fl. RF freq. (kHz)	raw	high		
status_tune_logs	status.scan.33162.44	Status log at scan 33162 PCBAOS: C-trap inj. o. + (V)	1594.665		IRawDataPlus.GetStatusLogForRetentionTime	scan=33162; retentionTimeMin=48.63552792113622; fieldIndex=44			33162	PCBAOS: C-trap inj. o. + (V)	raw	high		
status_tune_logs	status.scan.33162.45	Status log at scan 33162 PCBAOS: C-trap inj. o. - (V)	-0.237		IRawDataPlus.GetStatusLogForRetentionTime	scan=33162; retentionTimeMin=48.63552792113622; fieldIndex=45			33162	PCBAOS: C-trap inj. o. - (V)	raw	high		
status_tune_logs	status.scan.33162.46	Status log at scan 33162 PCBAOS: HV focus lens (V)	899.736		IRawDataPlus.GetStatusLogForRetentionTime	scan=33162; retentionTimeMin=48.63552792113622; fieldIndex=46			33162	PCBAOS: HV focus lens (V)	raw	high		
status_tune_logs	status.scan.33162.47	Status log at scan 33162 PCBAOS: V lens (V)	-650.048		IRawDataPlus.GetStatusLogForRetentionTime	scan=33162; retentionTimeMin=48.63552792113622; fieldIndex=47			33162	PCBAOS: V lens (V)	raw	high		
status_tune_logs	status.scan.33162.48	Status log at scan 33162 PCBAOS: Defl. measure + (V)	549.859		IRawDataPlus.GetStatusLogForRetentionTime	scan=33162; retentionTimeMin=48.63552792113622; fieldIndex=48			33162	PCBAOS: Defl. measure + (V)	raw	high		
status_tune_logs	status.scan.33162.49	Status log at scan 33162 PCBAOS: Defl. measure - (V)	0.347		IRawDataPlus.GetStatusLogForRetentionTime	scan=33162; retentionTimeMin=48.63552792113622; fieldIndex=49			33162	PCBAOS: Defl. measure - (V)	raw	high		
status_tune_logs	status.scan.33162.50	Status log at scan 33162 PCBAOS: CE inject + (V)	-3075.747		IRawDataPlus.GetStatusLogForRetentionTime	scan=33162; retentionTimeMin=48.63552792113622; fieldIndex=50			33162	PCBAOS: CE inject + (V)	raw	high		
status_tune_logs	status.scan.33162.51	Status log at scan 33162 PCBAOS: CE inject - (V)	3075.484		IRawDataPlus.GetStatusLogForRetentionTime	scan=33162; retentionTimeMin=48.63552792113622; fieldIndex=51			33162	PCBAOS: CE inject - (V)	raw	high		
status_tune_logs	status.scan.33162.53	Status log at scan 33162 Ambient temp. (°C)	36.1		IRawDataPlus.GetStatusLogForRetentionTime	scan=33162; retentionTimeMin=48.63552792113622; fieldIndex=53			33162	Ambient temp. (°C)	raw	high		
status_tune_logs	status.scan.33162.54	Status log at scan 33162 Orbitrap block temp. (°C)	37.94		IRawDataPlus.GetStatusLogForRetentionTime	scan=33162; retentionTimeMin=48.63552792113622; fieldIndex=54			33162	Orbitrap block temp. (°C)	raw	high		
status_tune_logs	status.scan.33162.55	Status log at scan 33162 Detector temp. (°C)	40.01		IRawDataPlus.GetStatusLogForRetentionTime	scan=33162; retentionTimeMin=48.63552792113622; fieldIndex=55			33162	Detector temp. (°C)	raw	high		
status_tune_logs	status.scan.33162.56	Status log at scan 33162 Ion tr. tube temp. (°C)	274.987		IRawDataPlus.GetStatusLogForRetentionTime	scan=33162; retentionTimeMin=48.63552792113622; fieldIndex=56			33162	Ion tr. tube temp. (°C)	raw	high		
status_tune_logs	status.scan.33162.57	Status log at scan 33162 Vaporizer temp. (°C)	809.8		IRawDataPlus.GetStatusLogForRetentionTime	scan=33162; retentionTimeMin=48.63552792113622; fieldIndex=57			33162	Vaporizer temp. (°C)	raw	high		
status_tune_logs	status.scan.33162.58	Status log at scan 33162 CPU core temp. (°C)	0		IRawDataPlus.GetStatusLogForRetentionTime	scan=33162; retentionTimeMin=48.63552792113622; fieldIndex=58			33162	CPU core temp. (°C)	raw	high		
status_tune_logs	status.scan.33162.59	Status log at scan 33162 PCB temp. top (°C)	53.43		IRawDataPlus.GetStatusLogForRetentionTime	scan=33162; retentionTimeMin=48.63552792113622; fieldIndex=59			33162	PCB temp. top (°C)	raw	high		
status_tune_logs	status.scan.33162.60	Status log at scan 33162 PCB temp. center (°C)	53.26		IRawDataPlus.GetStatusLogForRetentionTime	scan=33162; retentionTimeMin=48.63552792113622; fieldIndex=60			33162	PCB temp. center (°C)	raw	high		
status_tune_logs	status.scan.33162.61	Status log at scan 33162 PCB temp. bottom (°C)	53.63		IRawDataPlus.GetStatusLogForRetentionTime	scan=33162; retentionTimeMin=48.63552792113622; fieldIndex=61			33162	PCB temp. bottom (°C)	raw	high		
status_tune_logs	status.scan.33162.63	Status log at scan 33162 Performance ld	3.060		IRawDataPlus.GetStatusLogForRetentionTime	scan=33162; retentionTimeMin=48.63552792113622; fieldIndex=63			33162	Performance ld	raw	high		
status_tune_logs	status.scan.33162.64	Status log at scan 33162 Performance me	3893.488		IRawDataPlus.GetStatusLogForRetentionTime	scan=33162; retentionTimeMin=48.63552792113622; fieldIndex=64			33162	Performance me	raw	high		
status_tune_logs	status.scan.33162.65	Status log at scan 33162 Performance cy	0.000		IRawDataPlus.GetStatusLogForRetentionTime	scan=33162; retentionTimeMin=48.63552792113622; fieldIndex=65			33162	Performance cy	raw	high		
status_tune_logs	status.scan.33162.66	Status log at scan 33162 PrOSA counts	1727.0		IRawDataPlus.GetStatusLogForRetentionTime	scan=33162; retentionTimeMin=48.63552792113622; fieldIndex=66			33162	PrOSA counts	raw	high		
status_tune_logs	status.scan.33162.67	Status log at scan 33162 PrOSA blank	3.0		IRawDataPlus.GetStatusLogForRetentionTime	scan=33162; retentionTimeMin=48.63552792113622; fieldIndex=67			33162	PrOSA blank	raw	high		
status_tune_logs	status.scan.33162.68	Status log at scan 33162 PrOSA time (us)	50000		IRawDataPlus.GetStatusLogForRetentionTime	scan=33162; retentionTimeMin=48.63552792113622; fieldIndex=68			33162	PrOSA time (us)	raw	high		
status_tune_logs	status.scan.33162.69	Status log at scan 33162 PrOSA curr (pA)	24.83		IRawDataPlus.GetStatusLogForRetentionTime	scan=33162; retentionTimeMin=48.63552792113622; fieldIndex=69			33162	PrOSA curr (pA)	raw	high		
status_tune_logs	status.scan.33162.70	Status log at scan 33162 ICB: Up-time (sec)	413.0		IRawDataPlus.GetStatusLogForRetentionTime	scan=33162; retentionTimeMin=48.63552792113622; fieldIndex=70			33162	ICB: Up-time (sec)	raw	high		
status_tune_logs	status.scan.33162.71	Status log at scan 33162 ICB: +24 V	23.809		IRawDataPlus.GetStatusLogForRetentionTime	scan=33162; retentionTimeMin=48.63552792113622; fieldIndex=71			33162	ICB: +24 V	raw	high		
status_tune_logs	status.scan.33162.72	Status log at scan 33162 ICB: +5 V	5.047		IRawDataPlus.GetStatusLogForRetentionTime	scan=33162; retentionTimeMin=48.63552792113622; fieldIndex=72			33162	ICB: +5 V	raw	high		
status_tune_logs	status.scan.33162.73	Status log at scan 33162 ICB: +3.3 V	3.297		IRawDataPlus.GetStatusLogForRetentionTime	scan=33162; retentionTimeMin=48.63552792113622; fieldIndex=73			33162	ICB: +3.3 V	raw	high		
status_tune_logs	status.scan.33162.74	Status log at scan 33162 ICB: +2.5 V	2.496		IRawDataPlus.GetStatusLogForRetentionTime	scan=33162; retentionTimeMin=48.63552792113622; fieldIndex=74			33162	ICB: +2.5 V	raw	high		
status_tune_logs	status.scan.33162.75	Status log at scan 33162 ICB: +1.2 V	1.198		IRawDataPlus.GetStatusLogForRetentionTime	scan=33162; retentionTimeMin=48.63552792113622; fieldIndex=75			33162	ICB: +1.2 V	raw	high		
status_tune_logs	status.scan.33162.76	Status log at scan 33162 ICB: Power-on time (h)	1305.50		IRawDataPlus.GetStatusLogForRetentionTime	scan=33162; retentionTimeMin=48.63552792113622; fieldIndex=76			33162	ICB: Power-on time (h)	raw	high		
status_tune_logs	status.scan.33162.77	Status log at scan 33162 ICB: Acc. bakeout time (h)	11.42		IRawDataPlus.GetStatusLogForRetentionTime	scan=33162; retentionTimeMin=48.63552792113622; fieldIndex=77			33162	ICB: Acc. bakeout time (h)	raw	high		
status_tune_logs	status.scan.33162.78	Status log at scan 33162 ICB: Turbopump speed (Hz)	1000.0		IRawDataPlus.GetStatusLogForRetentionTime	scan=33162; retentionTimeMin=48.63552792113622; fieldIndex=78			33162	ICB: Turbopump speed (Hz)	raw	high		
status_tune_logs	status.scan.33162.79	Status log at scan 33162 ICB: Turbopump power (W)	84.0		IRawDataPlus.GetStatusLogForRetentionTime	scan=33162; retentionTimeMin=48.63552792113622; fieldIndex=79			33162	ICB: Turbopump power (W)	raw	high		
status_tune_logs	status.scan.33162.80	Status log at scan 33162 ICB: Turbopump error state	1000		IRawDataPlus.GetStatusLogForRetentionTime	scan=33162; retentionTimeMin=48.63552792113622; fieldIndex=80			33162	ICB: Turbopump error state	raw	high		
status_tune_logs	status.scan.33162.81	Status log at scan 33162 ICB: Turbopump last error	0		IRawDataPlus.GetStatusLogForRetentionTime	scan=33162; retentionTimeMin=48.63552792113622; fieldIndex=81			33162	ICB: Turbopump last error	raw	high		
status_tune_logs	status.scan.33162.82	Status log at scan 33162 ICB: UHV pres. (mbar)	6.60e-011		IRawDataPlus.GetStatusLogForRetentionTime	scan=33162; retentionTimeMin=48.63552792113622; fieldIndex=82			33162	ICB: UHV pres. (mbar)	raw	high		
status_tune_logs	status.scan.33162.83	Status log at scan 33162 ICB: HCD cell pres. (mbar)	1.10e-002		IRawDataPlus.GetStatusLogForRetentionTime	scan=33162; retentionTimeMin=48.63552792113622; fieldIndex=83			33162	ICB: HCD cell pres. (mbar)	raw	high		
status_tune_logs	status.scan.33162.84	Status log at scan 33162 ICB: Fore-vac. pres. (mbar)	3.49e+000		IRawDataPlus.GetStatusLogForRetentionTime	scan=33162; retentionTimeMin=48.63552792113622; fieldIndex=84			33162	ICB: Fore-vac. pres. (mbar)	raw	high		
status_tune_logs	status.scan.33162.85	Status log at scan 33162 ICB: IF region pres. (mbar)	1.23e-001		IRawDataPlus.GetStatusLogForRetentionTime	scan=33162; retentionTimeMin=48.63552792113622; fieldIndex=85			33162	ICB: IF region pres. (mbar)	raw	high		
status_tune_logs	status.scan.33162.86	Status log at scan 33162 ICB: R-f fan speed (rpm)	2876.0		IRawDataPlus.GetStatusLogForRetentionTime	scan=33162; retentionTimeMin=48.63552792113622; fieldIndex=86			33162	ICB: R-f fan speed (rpm)	raw	high		
status_tune_logs	status.scan.33162.87	Status log at scan 33162 ICB: L-b fan speed (rpm)	2992.0		IRawDataPlus.GetStatusLogForRetentionTime	scan=33162; retentionTimeMin=48.63552792113622; fieldIndex=87			33162	ICB: L-b fan speed (rpm)	raw	high		
status_tune_logs	status.scan.33162.88	Status log at scan 33162 ICB: L-f fan speed (rpm)	2908.0		IRawDataPlus.GetStatusLogForRetentionTime	scan=33162; retentionTimeMin=48.63552792113622; fieldIndex=88			33162	ICB: L-f fan speed (rpm)	raw	high		
status_tune_logs	status.scan.33162.89	Status log at scan 33162 ICB: Dig. I/O start 0	6		IRawDataPlus.GetStatusLogForRetentionTime	scan=33162; retentionTimeMin=48.63552792113622; fieldIndex=89			33162	ICB: Dig. I/O start 0	raw	high		
status_tune_logs	status.scan.33162.90	Status log at scan 33162 ICB: Dig. I/O start 1	6		IRawDataPlus.GetStatusLogForRetentionTime	scan=33162; retentionTimeMin=48.63552792113622; fieldIndex=90			33162	ICB: Dig. I/O start 1	raw	high		
status_tune_logs	status.scan.33162.91	Status log at scan 33162 ICB: OSPI ERR queue usage	64		IRawDataPlus.GetStatusLogForRetentionTime	scan=33162; retentionTimeMin=48.63552792113622; fieldIndex=91			33162	ICB: OSPI ERR queue usage	raw	high		
status_tune_logs	status.scan.33162.92	Status log at scan 33162 DAQ: Voltage monitor	0		IRawDataPlus.GetStatusLogForRetentionTime	scan=33162; retentionTimeMin=48.63552792113622; fieldIndex=92			33162	DAQ: Voltage monitor	raw	high		
status_tune_logs	status.scan.33162.93	Status log at scan 33162 DAQ: Status register	69		IRawDataPlus.GetStatusLogForRetentionTime	scan=33162; retentionTimeMin=48.63552792113622; fieldIndex=93			33162	DAQ: Status register	raw	high		
status_tune_logs	status.scan.33162.94	Status log at scan 33162 CTB: FAN1 speed (rpm)	5840.0		IRawDataPlus.GetStatusLogForRetentionTime	scan=33162; retentionTimeMin=48.63552792113622; fieldIndex=94			33162	CTB: FAN1 speed (rpm)	raw	high		
status_tune_logs	status.scan.33162.95	Status log at scan 33162 CTB: FAN2 speed (rpm)	5840.0		IRawDataPlus.GetStatusLogForRetentionTime	scan=33162; retentionTimeMin=48.63552792113622; fieldIndex=95			33162	CTB: FAN2 speed (rpm)	raw	high		
status_tune_logs	status.scan.33162.96	Status log at scan 33162 CTB: ICD integr. active	0		IRawDataPlus.GetStatusLogForRetentionTime	scan=33162; retentionTimeMin=48.63552792113622; fieldIndex=96			33162	CTB: ICD integr. active	raw	high		
status_tune_logs	status.scan.33162.97	Status log at scan 33162 CTB: ICD signal count (ct)	1727.0		IRawDataPlus.GetStatusLogForRetentionTime	scan=33162; retentionTimeMin=48.63552792113622; fieldIndex=97			33162	CTB: ICD signal count (ct)	raw	high		
status_tune_logs	status.scan.33162.98	Status log at scan 33162 CTB: ICD blank count (ct)	3.0		IRawDataPlus.GetStatusLogForRetentionTime	scan=33162; retentionTimeMin=48.63552792113622; fieldIndex=98			33162	CTB: ICD blank count (ct)	raw	high		
status_tune_logs	status.scan.33162.99	Status log at scan 33162 CTB: ICD ion inj. time (us)	12500		IRawDataPlus.GetStatusLogForRetentionTime	scan=33162; retentionTimeMin=48.63552792113622; fieldIndex=99			33162	CTB: ICD ion inj. time (us)	raw	high		
status_tune_logs	status.scan.33162.100	Status log at scan 33162 CTB: C-trap RF curr. (mA)	159.61		IRawDataPlus.GetStatusLogForRetentionTime	scan=33162; retentionTimeMin=48.63552792113622; fieldIndex=100			33162	CTB: C-trap RF curr. (mA)	raw	high		
status_tune_logs	status.scan.33162.101	Status log at scan 33162 CTB: C-trap RF s. volt. (V)	25.66		IRawDataPlus.GetStatusLogForRetentionTime	scan=33162; retentionTimeMin=48.63552792113622; fieldIndex=101			33162	CTB: C-trap RF s. volt. (V)	raw	high		
status_tune_logs	status.scan.33162.102	Status log at scan 33162 CTB: HV positive (V)	521.40		IRawDataPlus.GetStatusLogForRetentionTime	scan=33162; retentionTimeMin=48.63552792113622; fieldIndex=102			33162	CTB: HV positive (V)	raw	high		
status_tune_logs	status.scan.33162.103	Status log at scan 33162 CTB: HV negative (V)	-525.86		IRawDataPlus.GetStatusLogForRetentionTime	scan=33162; retentionTimeMin=48.63552792113622; fieldIndex=103			33162	CTB: HV negative (V)	raw	high		
status_tune_logs	status.scan.33162.104	Status log at scan 33162 QS: HV negative (V)	-643.9		IRawDataPlus.GetStatusLogForRetentionTime	scan=33162; retentionTimeMin=48.63552792113622; fieldIndex=104			33162	QS: HV negative (V)	raw	high		
status_tune_logs	status.scan.33162.105	Status log at scan 33162 QS: HV positive (V)	642.3		IRawDataPlus.GetStatusLogForRetentionTime	scan=33162; retentionTimeMin=48.63552792113622; fieldIndex=105			33162	QS: HV positive (V)	raw	high		
status_tune_logs	status.scan.33162.106	Status log at scan 33162 SB: +24 V supply	23.753		IRawDataPlus.GetStatusLogForRetentionTime	scan=33162; retentionTimeMin=48.63552792113622; fieldIndex=106			33162	SB: +24 V supply	raw	high		
status_tune_logs	status.scan.33162.107	Status log at scan 33162 SB: +15 V analog supply	15.093		IRawDataPlus.GetStatusLogForRetentionTime	scan=33162; retentionTimeMin=48.63552792113622; fieldIndex=107			33162	SB: +15 V analog supply	raw	high		
status_tune_logs	status.scan.33162.108	Status log at scan 33162 SB: -8 V supply	-8.305		IRawDataPlus.GetStatusLogForRetentionTime	scan=33162; retentionTimeMin=48.63552792113622; fieldIndex=108			33162	SB: -8 V supply	raw	high		
status_tune_logs	status.scan.33162.109	Status log at scan 33162 SB: +5 V analog supply	4.985		IRawDataPlus.GetStatusLogForRetentionTime	scan=33162; retentionTimeMin=48.63552792113622; fieldIndex=109			33162	SB: +5 V analog supply	raw	high		
status_tune_logs	status.scan.33162.110	Status log at scan 33162 SB: +5 V digital supply	5.097		IRawDataPlus.GetStatusLogForRetentionTime	scan=33162; retentionTimeMin=48.63552792113622; fieldIndex=110			33162	SB: +5 V digital supply	raw	high		
status_tune_logs	status.scan.33162.111	Status log at scan 33162 SB: -5 V analog supply	-4.955		IRawDataPlus.GetStatusLogForRetentionTime	scan=33162; retentionTimeMin=48.63552792113622; fieldIndex=111			33162	SB: -5 V analog supply	raw	high		
status_tune_logs	status.scan.33162.112	Status log at scan 33162 SB: +3.3 V digital supply	3.295		IRawDataPlus.GetStatusLogForRetentionTime	scan=33162; retentionTimeMin=48.63552792113622; fieldIndex=112			33162	SB: +3.3 V digital supply	raw	high		
status_tune_logs	status.scan.33162.113	Status log at scan 33162 SB: +2.5 V digital supply	2.505		IRawDataPlus.GetStatusLogForRetentionTime	scan=33162; retentionTimeMin=48.63552792113622; fieldIndex=113			33162	SB: +2.5 V digital supply	raw	high		
status_tune_logs	status.scan.33162.114	Status log at scan 33162 SB: +1.2 V digital supply	1.195		IRawDataPlus.GetStatusLogForRetentionTime	scan=33162; retentionTimeMin=48.63552792113622; fieldIndex=114			33162	SB: +1.2 V digital supply	raw	high		
status_tune_logs	status.scan.33162.115	Status log at scan 33162 SB: Ion tr. tube fuse	1		IRawDataPlus.GetStatusLogForRetentionTime	scan=33162; retentionTimeMin=48.63552792113622; fieldIndex=115			33162	SB: Ion tr. tube fuse	raw	high		
status_tune_logs	status.scan.33162.116	Status log at scan 33162 SB: Ion tr. tube temp. OOR	0		IRawDataPlus.GetStatusLogForRetentionTime	scan=33162; retentionTimeMin=48.63552792113622; fieldIndex=116			33162	SB: Ion tr. tube temp. OOR	raw	high		
status_tune_logs	status.scan.33162.117	Status log at scan 33162 SB: Ion tr. tube voltage (V)	8.022		IRawDataPlus.GetStatusLogForRetentionTime	scan=33162; retentionTimeMin=48.63552792113622; fieldIndex=117			33162	SB: Ion tr. tube voltage (V)	raw	high		
status_tune_logs	status.scan.33162.118	Status log at scan 33162 SB: Vaporizer fuse	1		IRawDataPlus.GetStatusLogForRetentionTime	scan=33162; retentionTimeMin=48.63552792113622; fieldIndex=118			33162	SB: Vaporizer fuse	raw	high		
status_tune_logs	status.scan.33162.119	Status log at scan 33162 SB: Vaporizer temp. OOR	1		IRawDataPlus.GetStatusLogForRetentionTime	scan=33162; retentionTimeMin=48.63552792113622; fieldIndex=119			33162	SB: Vaporizer temp. OOR	raw	high		
status_tune_logs	status.scan.33162.120	Status log at scan 33162 SB: 8 kV const. volt./c.m.	1		IRawDataPlus.GetStatusLogForRetentionTime	scan=33162; retentionTimeMin=48.63552792113622; fieldIndex=120			33162	SB: 8 kV const. volt./c.m.	raw	high		
status_tune_logs	status.scan.33162.121	Status log at scan 33162 SB: Valve fuse	1		IRawDataPlus.GetStatusLogForRetentionTime	scan=33162; retentionTimeMin=48.63552792113622; fieldIndex=121			33162	SB: Valve fuse	raw	high		
status_tune_logs	status.scan.33162.122	Status log at scan 33162 SB: Aux. gas pres. (psi)	-0.107		IRawDataPlus.GetStatusLogForRetentionTime	scan=33162; retentionTimeMin=48.63552792113622; fieldIndex=122			33162	SB: Aux. gas pres. (psi)	raw	high		
status_tune_logs	status.scan.33162.123	Status log at scan 33162 SB: Sheath gas pres. (psi)	-0.079		IRawDataPlus.GetStatusLogForRetentionTime	scan=33162; retentionTimeMin=48.63552792113622; fieldIndex=123			33162	SB: Sheath gas pres. (psi)	raw	high		
status_tune_logs	status.scan.33162.124	Status log at scan 33162 SB: Sweep gas pres. (psi)	-0.080		IRawDataPlus.GetStatusLogForRetentionTime	scan=33162; retentionTimeMin=48.63552792113622; fieldIndex=124			33162	SB: Sweep gas pres. (psi)	raw	high		
status_tune_logs	status.scan.33162.125	Status log at scan 33162 SB: Interlock fuse	1		IRawDataPlus.GetStatusLogForRetentionTime	scan=33162; retentionTimeMin=48.63552792113622; fieldIndex=125			33162	SB: Interlock fuse	raw	high		
status_tune_logs	status.scan.33162.126	Status log at scan 33162 SB: Switch 1 closed	1		IRawDataPlus.GetStatusLogForRetentionTime	scan=33162; retentionTimeMin=48.63552792113622; fieldIndex=126			33162	SB: Switch 1 closed	raw	high		
status_tune_logs	status.scan.33162.127	Status log at scan 33162 SB: Relay 1 closed	1		IRawDataPlus.GetStatusLogForRetentionTime	scan=33162; retentionTimeMin=48.63552792113622; fieldIndex=127			33162	SB: Relay 1 closed	raw	high		
status_tune_logs	status.scan.33162.128	Status log at scan 33162 SB: Switch 2 closed	1		IRawDataPlus.GetStatusLogForRetentionTime	scan=33162; retentionTimeMin=48.63552792113622; fieldIndex=128			33162	SB: Switch 2 closed	raw	high		
status_tune_logs	status.scan.33162.129	Status log at scan 33162 SB: Relay 2 closed	1		IRawDataPlus.GetStatusLogForRetentionTime	scan=33162; retentionTimeMin=48.63552792113622; fieldIndex=129			33162	SB: Relay 2 closed	raw	high		
status_tune_logs	status.scan.33162.130	Status log at scan 33162 SB: Interlock switch	1		IRawDataPlus.GetStatusLogForRetentionTime	scan=33162; retentionTimeMin=48.63552792113622; fieldIndex=130			33162	SB: Interlock switch	raw	high		
status_tune_logs	status.scan.33162.131	Status log at scan 33162 SB: Cover is taken off	0		IRawDataPlus.GetStatusLogForRetentionTime	scan=33162; retentionTimeMin=48.63552792113622; fieldIndex=131			33162	SB: Cover is taken off	raw	high		
status_tune_logs	status.scan.33162.132	Status log at scan 33162 SB: ICS/ETD available	0		IRawDataPlus.GetStatusLogForRetentionTime	scan=33162; retentionTimeMin=48.63552792113622; fieldIndex=132			33162	SB: ICS/ETD available	raw	high		
status_tune_logs	status.scan.33162.133	Status log at scan 33162 IOB: HV fuse	0		IRawDataPlus.GetStatusLogForRetentionTime	scan=33162; retentionTimeMin=48.63552792113622; fieldIndex=133			33162	IOB: HV fuse	raw	high		
status_tune_logs	status.scan.33162.134	Status log at scan 33162 IOB: RF fuse	0		IRawDataPlus.GetStatusLogForRetentionTime	scan=33162; retentionTimeMin=48.63552792113622; fieldIndex=134			33162	IOB: RF fuse	raw	high		
status_tune_logs	status.scan.33162.135	Status log at scan 33162 IOB: HVV positive (V)	350.43		IRawDataPlus.GetStatusLogForRetentionTime	scan=33162; retentionTimeMin=48.63552792113622; fieldIndex=135			33162	IOB: HVV positive (V)	raw	high		
status_tune_logs	status.scan.33162.136	Status log at scan 33162 IOB: HVV negative (V)	-349.73		IRawDataPlus.GetStatusLogForRetentionTime	scan=33162; retentionTimeMin=48.63552792113622; fieldIndex=136			33162	IOB: HVV negative (V)	raw	high		
status_tune_logs	status.scan.33162.137	Status log at scan 33162 IOB: HV positive (V)	37.22		IRawDataPlus.GetStatusLogForRetentionTime	scan=33162; retentionTimeMin=48.63552792113622; fieldIndex=137			33162	IOB: HV positive (V)	raw	high		
status_tune_logs	status.scan.33162.138	Status log at scan 33162 IOB: HV negative (V)	-36.72		IRawDataPlus.GetStatusLogForRetentionTime	scan=33162; retentionTimeMin=48.63552792113622; fieldIndex=138			33162	IOB: HV negative (V)	raw	high		
status_tune_logs	status.scan.33162.139	Status log at scan 33162 FTPCU: CPU load average	3.06		IRawDataPlus.GetStatusLogForRetentionTime	scan=33162; retentionTimeMin=48.63552792113622; fieldIndex=139			33162	FTPCU: CPU load average	raw	high		
status_tune_logs	status.scan.33162.140	Status log at scan 33162 FTPCU: Board free RAM	3893.49		IRawDataPlus.GetStatusLogForRetentionTime	scan=33162; retentionTimeMin=48.63552792113622; fieldIndex=140			33162	FTPCU: Board free RAM	raw	high		
status_tune_logs	status.scan.33162.141	Status log at scan 33162 PCBAOS: HV monitor (kV)	4.606		IRawDataPlus.GetStatusLogForRetentionTime	scan=33162; retentionTimeMin=48.63552792113622; fieldIndex=141			33162	PCBAOS: HV monitor (kV)	raw	high		
status_tune_logs	status.scan.33162.142	Status log at scan 33162 PCBAOS: R_Pulser_CE (V)	-4006.091		IRawDataPlus.GetStatusLogForRetentionTime	scan=33162; retentionTimeMin=48.63552792113622; fieldIndex=142			33162	PCBAOS: R_Pulser_CE (V)	raw	high		
status_tune_logs	status.scan.33162.143	Status log at scan 33162 PCBAOS: R_Pulser_DE (V)	478.024		IRawDataPlus.GetStatusLogForRetentionTime	scan=33162; retentionTimeMin=48.63552792113622; fieldIndex=143			33162	PCBAOS: R_Pulser_DE (V)	raw	high		
status_tune_logs	status.scan.33162.145	Status log at scan 33162 Attached	0		IRawDataPlus.GetStatusLogForRetentionTime	scan=33162; retentionTimeMin=48.63552792113622; fieldIndex=145			33162	Attached	raw	high		
status_tune_logs	status.scan.33162.146	Status log at scan 33162 Dispersion Voltage (DV)	0.0		IRawDataPlus.GetStatusLogForRetentionTime	scan=33162; retentionTimeMin=48.63552792113622; fieldIndex=146			33162	Dispersion Voltage (DV)	raw	high		
status_tune_logs	status.scan.33162.147	Status log at scan 33162 Compensation Voltage (CV)	0.0		IRawDataPlus.GetStatusLogForRetentionTime	scan=33162; retentionTimeMin=48.63552792113622; fieldIndex=147			33162	Compensation Voltage (CV)	raw	high		
status_tune_logs	status.scan.33162.148	Status log at scan 33162 Entrance Plate Voltage (V)	0.0		IRawDataPlus.GetStatusLogForRetentionTime	scan=33162; retentionTimeMin=48.63552792113622; fieldIndex=148			33162	Entrance Plate Voltage (V)	raw	high		
status_tune_logs	status.scan.33162.149	Status log at scan 33162 User Gas Flow (lpm)	0.0		IRawDataPlus.GetStatusLogForRetentionTime	scan=33162; retentionTimeMin=48.63552792113622; fieldIndex=149			33162	User Gas Flow (lpm)	raw	high		
status_tune_logs	status.scan.33162.150	Status log at scan 33162 Carrier Gas Flow (lpm)	0.0		IRawDataPlus.GetStatusLogForRetentionTime	scan=33162; retentionTimeMin=48.63552792113622; fieldIndex=150			33162	Carrier Gas Flow (lpm)	raw	high		
status_tune_logs	status.scan.33162.151	Status log at scan 33162 Total Gas Flow (lpm)	0.0		IRawDataPlus.GetStatusLogForRetentionTime	scan=33162; retentionTimeMin=48.63552792113622; fieldIndex=151			33162	Total Gas Flow (lpm)	raw	high		
status_tune_logs	status.scan.33162.152	Status log at scan 33162 Cooling Gas Flow (lpm)	0.0		IRawDataPlus.GetStatusLogForRetentionTime	scan=33162; retentionTimeMin=48.63552792113622; fieldIndex=152			33162	Cooling Gas Flow (lpm)	raw	high		
status_tune_logs	status.scan.33162.153	Status log at scan 33162 Gas Pressure (psi)	0.00		IRawDataPlus.GetStatusLogForRetentionTime	scan=33162; retentionTimeMin=48.63552792113622; fieldIndex=153			33162	Gas Pressure (psi)	raw	high		
status_tune_logs	status.scan.33162.154	Status log at scan 33162 Cooling Gas Pressure (psi)	0.00		IRawDataPlus.GetStatusLogForRetentionTime	scan=33162; retentionTimeMin=48.63552792113622; fieldIndex=154			33162	Cooling Gas Pressure (psi)	raw	high		
status_tune_logs	status.scan.33162.155	Status log at scan 33162 Input Gas Pressure (psi)	0.00		IRawDataPlus.GetStatusLogForRetentionTime	scan=33162; retentionTimeMin=48.63552792113622; fieldIndex=155			33162	Input Gas Pressure (psi)	raw	high		
status_tune_logs	status.scan.33162.156	Status log at scan 33162 Inner Electrode Temp. (°C)	0.0		IRawDataPlus.GetStatusLogForRetentionTime	scan=33162; retentionTimeMin=48.63552792113622; fieldIndex=156			33162	Inner Electrode Temp. (°C)	raw	high		
status_tune_logs	status.scan.33162.157	Status log at scan 33162 Outer Electrode 1 Temp. (°C)	0.0		IRawDataPlus.GetStatusLogForRetentionTime	scan=33162; retentionTimeMin=48.63552792113622; fieldIndex=157			33162	Outer Electrode 1 Temp. (°C)	raw	high		
status_tune_logs	status.scan.33162.158	Status log at scan 33162 Outer Electrode 2 Temp. (°C)	0.0		IRawDataPlus.GetStatusLogForRetentionTime	scan=33162; retentionTimeMin=48.63552792113622; fieldIndex=158			33162	Outer Electrode 2 Temp. (°C)	raw	high		
status_tune_logs	status.scan.33162.159	Status log at scan 33162 MCB Ambient Temp. (°C)	0.0		IRawDataPlus.GetStatusLogForRetentionTime	scan=33162; retentionTimeMin=48.63552792113622; fieldIndex=159			33162	MCB Ambient Temp. (°C)	raw	high		
status_tune_logs	status.scan.33162.160	Status log at scan 33162 MCB Atmosph. Pressure (kPa)	0		IRawDataPlus.GetStatusLogForRetentionTime	scan=33162; retentionTimeMin=48.63552792113622; fieldIndex=160			33162	MCB Atmosph. Pressure (kPa)	raw	high		
status_tune_logs	status.scan.33162.161	Status log at scan 33162 DV High Frequency Amp. (V)	0.0		IRawDataPlus.GetStatusLogForRetentionTime	scan=33162; retentionTimeMin=48.63552792113622; fieldIndex=161			33162	DV High Frequency Amp. (V)	raw	high		
status_tune_logs	status.scan.33162.162	Status log at scan 33162 DV Low Frequency Amp. (V)	0.0		IRawDataPlus.GetStatusLogForRetentionTime	scan=33162; retentionTimeMin=48.63552792113622; fieldIndex=162			33162	DV Low Frequency Amp. (V)	raw	high		
status_tune_logs	status.scan.33162.163	Status log at scan 33162 DV Phase (°)	0.0		IRawDataPlus.GetStatusLogForRetentionTime	scan=33162; retentionTimeMin=48.63552792113622; fieldIndex=163			33162	DV Phase (°)	raw	high		
status_tune_logs	status.scan.33162.164	Status log at scan 33162 DV Frequency (Hz)	0		IRawDataPlus.GetStatusLogForRetentionTime	scan=33162; retentionTimeMin=48.63552792113622; fieldIndex=164			33162	DV Frequency (Hz)	raw	high		
status_tune_logs	status.scan.33162.165	Status log at scan 33162 System Voltage (V)	0.00		IRawDataPlus.GetStatusLogForRetentionTime	scan=33162; retentionTimeMin=48.63552792113622; fieldIndex=165			33162	System Voltage (V)	raw	high		
status_tune_logs	status.scan.33162.166	Status log at scan 33162 System Current (A)	0.00		IRawDataPlus.GetStatusLogForRetentionTime	scan=33162; retentionTimeMin=48.63552792113622; fieldIndex=166			33162	System Current (A)	raw	high		
status_tune_logs	status.scan.33162.167	Status log at scan 33162 Relays (+24V)	0.00		IRawDataPlus.GetStatusLogForRetentionTime	scan=33162; retentionTimeMin=48.63552792113622; fieldIndex=167			33162	Relays (+24V)	raw	high		
status_tune_logs	status.scan.33162.168	Status log at scan 33162 +6.25D (V)	0.00		IRawDataPlus.GetStatusLogForRetentionTime	scan=33162; retentionTimeMin=48.63552792113622; fieldIndex=168			33162	+6.25D (V)	raw	high		
status_tune_logs	status.scan.33162.169	Status log at scan 33162 -6.25D (V)	0.00		IRawDataPlus.GetStatusLogForRetentionTime	scan=33162; retentionTimeMin=48.63552792113622; fieldIndex=169			33162	-6.25D (V)	raw	high		
status_tune_logs	status.scan.33162.170	Status log at scan 33162 +5A (V)	0.00		IRawDataPlus.GetStatusLogForRetentionTime	scan=33162; retentionTimeMin=48.63552792113622; fieldIndex=170			33162	+5A (V)	raw	high		
status_tune_logs	status.scan.33162.171	Status log at scan 33162 -5A (V)	0.00		IRawDataPlus.GetStatusLogForRetentionTime	scan=33162; retentionTimeMin=48.63552792113622; fieldIndex=171			33162	-5A (V)	raw	high		
status_tune_logs	status.scan.33162.172	Status log at scan 33162 +3.0D (V)	0.00		IRawDataPlus.GetStatusLogForRetentionTime	scan=33162; retentionTimeMin=48.63552792113622; fieldIndex=172			33162	+3.0D (V)	raw	high		
status_tune_logs	status.scan.33162.173	Status log at scan 33162 +1.8A (V)	0.00		IRawDataPlus.GetStatusLogForRetentionTime	scan=33162; retentionTimeMin=48.63552792113622; fieldIndex=173			33162	+1.8A (V)	raw	high		
status_tune_logs	status.scan.33162.174	Status log at scan 33162 +3.3D (V)	0.00		IRawDataPlus.GetStatusLogForRetentionTime	scan=33162; retentionTimeMin=48.63552792113622; fieldIndex=174			33162	+3.3D (V)	raw	high		
status_tune_logs	status.scan.33162.175	Status log at scan 33162 MCB PCB Temp. (°C)	0.0		IRawDataPlus.GetStatusLogForRetentionTime	scan=33162; retentionTimeMin=48.63552792113622; fieldIndex=175			33162	MCB PCB Temp. (°C)	raw	high		
status_tune_logs	status.scan.33162.176	Status log at scan 33162 RTD Reference (+3V)	0.00		IRawDataPlus.GetStatusLogForRetentionTime	scan=33162; retentionTimeMin=48.63552792113622; fieldIndex=176			33162	RTD Reference (+3V)	raw	high		
status_tune_logs	status.scan.33162.177	Status log at scan 33162 System Relay Voltage (V)	0.00		IRawDataPlus.GetStatusLogForRetentionTime	scan=33162; retentionTimeMin=48.63552792113622; fieldIndex=177			33162	System Relay Voltage (V)	raw	high		
status_tune_logs	status.scan.33162.178	Status log at scan 33162 MCB Fan 1 Speed (Hz)	0		IRawDataPlus.GetStatusLogForRetentionTime	scan=33162; retentionTimeMin=48.63552792113622; fieldIndex=178			33162	MCB Fan 1 Speed (Hz)	raw	high		
status_tune_logs	status.scan.33162.179	Status log at scan 33162 MCB Fan 2 Speed (Hz)	0		IRawDataPlus.GetStatusLogForRetentionTime	scan=33162; retentionTimeMin=48.63552792113622; fieldIndex=179			33162	MCB Fan 2 Speed (Hz)	raw	high		
status_tune_logs	status.scan.33162.180	Status log at scan 33162 TXB Fan Speed (Hz)	0		IRawDataPlus.GetStatusLogForRetentionTime	scan=33162; retentionTimeMin=48.63552792113622; fieldIndex=180			33162	TXB Fan Speed (Hz)	raw	high		
status_tune_logs	status.scan.33162.181	Status log at scan 33162 Outer Elec. Bias Volt. (V)	0.0		IRawDataPlus.GetStatusLogForRetentionTime	scan=33162; retentionTimeMin=48.63552792113622; fieldIndex=181			33162	Outer Elec. Bias Volt. (V)	raw	high		
status_tune_logs	status.scan.33162.182	Status log at scan 33162 HF RF Amp Output Current (A)	0.00		IRawDataPlus.GetStatusLogForRetentionTime	scan=33162; retentionTimeMin=48.63552792113622; fieldIndex=182			33162	HF RF Amp Output Current (A)	raw	high		
status_tune_logs	status.scan.33162.183	Status log at scan 33162 HF RF Supply Voltage (V)	0.0		IRawDataPlus.GetStatusLogForRetentionTime	scan=33162; retentionTimeMin=48.63552792113622; fieldIndex=183			33162	HF RF Supply Voltage (V)	raw	high		
status_tune_logs	status.scan.33162.184	Status log at scan 33162 HF RF Supply Current (A)	0.00		IRawDataPlus.GetStatusLogForRetentionTime	scan=33162; retentionTimeMin=48.63552792113622; fieldIndex=184			33162	HF RF Supply Current (A)	raw	high		
status_tune_logs	status.scan.33162.185	Status log at scan 33162 LF RF Amp Output Current (A)	0.00		IRawDataPlus.GetStatusLogForRetentionTime	scan=33162; retentionTimeMin=48.63552792113622; fieldIndex=185			33162	LF RF Amp Output Current (A)	raw	high		
status_tune_logs	status.scan.33162.186	Status log at scan 33162 LF RF Supply Voltage (V)	0.0		IRawDataPlus.GetStatusLogForRetentionTime	scan=33162; retentionTimeMin=48.63552792113622; fieldIndex=186			33162	LF RF Supply Voltage (V)	raw	high		
status_tune_logs	status.scan.33162.187	Status log at scan 33162 LF RF Supply Current (A)	0.00		IRawDataPlus.GetStatusLogForRetentionTime	scan=33162; retentionTimeMin=48.63552792113622; fieldIndex=187			33162	LF RF Supply Current (A)	raw	high		
status_tune_logs	status.scan.33162.188	Status log at scan 33162 HF RF Amp Output Voltage (V)	0.0		IRawDataPlus.GetStatusLogForRetentionTime	scan=33162; retentionTimeMin=48.63552792113622; fieldIndex=188			33162	HF RF Amp Output Voltage (V)	raw	high		
status_tune_logs	status.scan.33162.189	Status log at scan 33162 LF RF Amp Output Voltage (V)	0.0		IRawDataPlus.GetStatusLogForRetentionTime	scan=33162; retentionTimeMin=48.63552792113622; fieldIndex=189			33162	LF RF Amp Output Voltage (V)	raw	high		
status_tune_logs	status.scan.33162.190	Status log at scan 33162 TX PCB temperature (°C)	0.0		IRawDataPlus.GetStatusLogForRetentionTime	scan=33162; retentionTimeMin=48.63552792113622; fieldIndex=190			33162	TX PCB temperature (°C)	raw	high		
status_tune_logs	status.scan.33162.191	Status log at scan 33162 DV High Frequency RF DAC (V)	0.00		IRawDataPlus.GetStatusLogForRetentionTime	scan=33162; retentionTimeMin=48.63552792113622; fieldIndex=191			33162	DV High Frequency RF DAC (V)	raw	high		
status_tune_logs	status.scan.33162.192	Status log at scan 33162 DV Low Frequency RF DAC  (V)	0.00		IRawDataPlus.GetStatusLogForRetentionTime	scan=33162; retentionTimeMin=48.63552792113622; fieldIndex=192			33162	DV Low Frequency RF DAC  (V)	raw	high		
status_tune_logs	status.scan.33162.193	Status log at scan 33162 MS Interlock 1 (V)	0.0		IRawDataPlus.GetStatusLogForRetentionTime	scan=33162; retentionTimeMin=48.63552792113622; fieldIndex=193			33162	MS Interlock 1 (V)	raw	high		
status_tune_logs	status.scan.33162.194	Status log at scan 33162 MS Interlock 2 (V)	0.0		IRawDataPlus.GetStatusLogForRetentionTime	scan=33162; retentionTimeMin=48.63552792113622; fieldIndex=194			33162	MS Interlock 2 (V)	raw	high		
status_tune_logs	status.scan.33162.195	Status log at scan 33162 Gate Drive Supply (V)	0.0		IRawDataPlus.GetStatusLogForRetentionTime	scan=33162; retentionTimeMin=48.63552792113622; fieldIndex=195			33162	Gate Drive Supply (V)	raw	high		
status_tune_logs	status.scan.66324.2	Status log at scan 66324 Status	Instrument status Ok		IRawDataPlus.GetStatusLogForRetentionTime	scan=66324; retentionTimeMin=75.00065075200399; fieldIndex=2			66324	Status	raw	high		
status_tune_logs	status.scan.66324.3	Status log at scan 66324 Performance	Warn: Mass Calibration (negative) - Overdue (2020-05-04 08:30)		IRawDataPlus.GetStatusLogForRetentionTime	scan=66324; retentionTimeMin=75.00065075200399; fieldIndex=3			66324	Performance	raw	high		
status_tune_logs	status.scan.66324.5	Status log at scan 66324 Spray Voltage (V)	1996.0		IRawDataPlus.GetStatusLogForRetentionTime	scan=66324; retentionTimeMin=75.00065075200399; fieldIndex=5			66324	Spray Voltage (V)	raw	high		
status_tune_logs	status.scan.66324.6	Status log at scan 66324 Spray Current (µA)	1.75		IRawDataPlus.GetStatusLogForRetentionTime	scan=66324; retentionTimeMin=75.00065075200399; fieldIndex=6			66324	Spray Current (µA)	raw	high		
status_tune_logs	status.scan.66324.7	Status log at scan 66324 Spray Current std. dev. (µA)	0.00		IRawDataPlus.GetStatusLogForRetentionTime	scan=66324; retentionTimeMin=75.00065075200399; fieldIndex=7			66324	Spray Current std. dev. (µA)	raw	high		
status_tune_logs	status.scan.66324.8	Status log at scan 66324 Ion Transfer Tube Temperature (°C)	274.96		IRawDataPlus.GetStatusLogForRetentionTime	scan=66324; retentionTimeMin=75.00065075200399; fieldIndex=8			66324	Ion Transfer Tube Temperature (°C)	raw	high		
status_tune_logs	status.scan.66324.9	Status log at scan 66324 Sheath gas pressure (psi)	0.00		IRawDataPlus.GetStatusLogForRetentionTime	scan=66324; retentionTimeMin=75.00065075200399; fieldIndex=9			66324	Sheath gas pressure (psi)	raw	high		
status_tune_logs	status.scan.66324.10	Status log at scan 66324 Aux gas pressure (psi)	0.00		IRawDataPlus.GetStatusLogForRetentionTime	scan=66324; retentionTimeMin=75.00065075200399; fieldIndex=10			66324	Aux gas pressure (psi)	raw	high		
status_tune_logs	status.scan.66324.11	Status log at scan 66324 Sweep gas pressure (psi)	0.00		IRawDataPlus.GetStatusLogForRetentionTime	scan=66324; retentionTimeMin=75.00065075200399; fieldIndex=11			66324	Sweep gas pressure (psi)	raw	high		
status_tune_logs	status.scan.66324.12	Status log at scan 66324 Vaporizer Temperature (°C)	809.78		IRawDataPlus.GetStatusLogForRetentionTime	scan=66324; retentionTimeMin=75.00065075200399; fieldIndex=12			66324	Vaporizer Temperature (°C)	raw	high		
status_tune_logs	status.scan.66324.14	Status log at scan 66324 CTB: C-trap RF freq. (MHz)	3.172		IRawDataPlus.GetStatusLogForRetentionTime	scan=66324; retentionTimeMin=75.00065075200399; fieldIndex=14			66324	CTB: C-trap RF freq. (MHz)	raw	high		
status_tune_logs	status.scan.66324.15	Status log at scan 66324 CTB: C-trap RF amp. (MHz)	1227.431		IRawDataPlus.GetStatusLogForRetentionTime	scan=66324; retentionTimeMin=75.00065075200399; fieldIndex=15			66324	CTB: C-trap RF amp. (MHz)	raw	high		
status_tune_logs	status.scan.66324.16	Status log at scan 66324 CTB: Quad. exit lens (V)	-34.94		IRawDataPlus.GetStatusLogForRetentionTime	scan=66324; retentionTimeMin=75.00065075200399; fieldIndex=16			66324	CTB: Quad. exit lens (V)	raw	high		
status_tune_logs	status.scan.66324.17	Status log at scan 66324 CTB: Beam split lens (V)	-139.97		IRawDataPlus.GetStatusLogForRetentionTime	scan=66324; retentionTimeMin=75.00065075200399; fieldIndex=17			66324	CTB: Beam split lens (V)	raw	high		
status_tune_logs	status.scan.66324.18	Status log at scan 66324 CTB: Tr. multipole DC (V)	-3.00		IRawDataPlus.GetStatusLogForRetentionTime	scan=66324; retentionTimeMin=75.00065075200399; fieldIndex=18			66324	CTB: Tr. multipole DC (V)	raw	high		
status_tune_logs	status.scan.66324.19	Status log at scan 66324 CTB: C-trap entr. lens (V)	-9.98		IRawDataPlus.GetStatusLogForRetentionTime	scan=66324; retentionTimeMin=75.00065075200399; fieldIndex=19			66324	CTB: C-trap entr. lens (V)	raw	high		
status_tune_logs	status.scan.66324.20	Status log at scan 66324 CTB: C-trap exit lens (V)	-5.88		IRawDataPlus.GetStatusLogForRetentionTime	scan=66324; retentionTimeMin=75.00065075200399; fieldIndex=20			66324	CTB: C-trap exit lens (V)	raw	high		
status_tune_logs	status.scan.66324.21	Status log at scan 66324 CTB: Z lens (V)	269.88		IRawDataPlus.GetStatusLogForRetentionTime	scan=66324; retentionTimeMin=75.00065075200399; fieldIndex=21			66324	CTB: Z lens (V)	raw	high		
status_tune_logs	status.scan.66324.22	Status log at scan 66324 CTB: HCD ax. field entr. (V)	-42.73		IRawDataPlus.GetStatusLogForRetentionTime	scan=66324; retentionTimeMin=75.00065075200399; fieldIndex=22			66324	CTB: HCD ax. field entr. (V)	raw	high		
status_tune_logs	status.scan.66324.23	Status log at scan 66324 CTB: HCD ax. field exit (V)	-1.09		IRawDataPlus.GetStatusLogForRetentionTime	scan=66324; retentionTimeMin=75.00065075200399; fieldIndex=23			66324	CTB: HCD ax. field exit (V)	raw	high		
status_tune_logs	status.scan.66324.24	Status log at scan 66324 CTB: HCD exit lens (V)	34.98		IRawDataPlus.GetStatusLogForRetentionTime	scan=66324; retentionTimeMin=75.00065075200399; fieldIndex=24			66324	CTB: HCD exit lens (V)	raw	high		
status_tune_logs	status.scan.66324.25	Status log at scan 66324 QS: Quad. RF amp. (Vpp)	1108.4		IRawDataPlus.GetStatusLogForRetentionTime	scan=66324; retentionTimeMin=75.00065075200399; fieldIndex=25			66324	QS: Quad. RF amp. (Vpp)	raw	high		
status_tune_logs	status.scan.66324.26	Status log at scan 66324 QS: Quad. MSeg rod A DC (V)	-58.1		IRawDataPlus.GetStatusLogForRetentionTime	scan=66324; retentionTimeMin=75.00065075200399; fieldIndex=26			66324	QS: Quad. MSeg rod A DC (V)	raw	high		
status_tune_logs	status.scan.66324.27	Status log at scan 66324 QS: Quad. MSeg rod B DC (V)	68.0		IRawDataPlus.GetStatusLogForRetentionTime	scan=66324; retentionTimeMin=75.00065075200399; fieldIndex=27			66324	QS: Quad. MSeg rod B DC (V)	raw	high		
status_tune_logs	status.scan.66324.28	Status log at scan 66324 SB: Spray HV voltage (V)	1996		IRawDataPlus.GetStatusLogForRetentionTime	scan=66324; retentionTimeMin=75.00065075200399; fieldIndex=28			66324	SB: Spray HV voltage (V)	raw	high		
status_tune_logs	status.scan.66324.29	Status log at scan 66324 SB: Spray HV current (uA)	1.7		IRawDataPlus.GetStatusLogForRetentionTime	scan=66324; retentionTimeMin=75.00065075200399; fieldIndex=29			66324	SB: Spray HV current (uA)	raw	high		
status_tune_logs	status.scan.66324.30	Status log at scan 66324 IOB: Source DC (V)	24.95		IRawDataPlus.GetStatusLogForRetentionTime	scan=66324; retentionTimeMin=75.00065075200399; fieldIndex=30			66324	IOB: Source DC (V)	raw	high		
status_tune_logs	status.scan.66324.31	Status log at scan 66324 IOB: Funnel RF amp. (Vpp)	74.65		IRawDataPlus.GetStatusLogForRetentionTime	scan=66324; retentionTimeMin=75.00065075200399; fieldIndex=31			66324	IOB: Funnel RF amp. (Vpp)	raw	high		
status_tune_logs	status.scan.66324.32	Status log at scan 66324 IOB: Funnel RF freq. (kHz)	1833.635		IRawDataPlus.GetStatusLogForRetentionTime	scan=66324; retentionTimeMin=75.00065075200399; fieldIndex=32			66324	IOB: Funnel RF freq. (kHz)	raw	high		
status_tune_logs	status.scan.66324.33	Status log at scan 66324 IOB: Inj. fl. phase A DC (V)	19.74		IRawDataPlus.GetStatusLogForRetentionTime	scan=66324; retentionTimeMin=75.00065075200399; fieldIndex=33			66324	IOB: Inj. fl. phase A DC (V)	raw	high		
status_tune_logs	status.scan.66324.34	Status log at scan 66324 IOB: Inj. fl. phase B DC (V)	3.97		IRawDataPlus.GetStatusLogForRetentionTime	scan=66324; retentionTimeMin=75.00065075200399; fieldIndex=34			66324	IOB: Inj. fl. phase B DC (V)	raw	high		
status_tune_logs	status.scan.66324.35	Status log at scan 66324 IOB: Inj. fl. RF amp. (Vpp)	86.36		IRawDataPlus.GetStatusLogForRetentionTime	scan=66324; retentionTimeMin=75.00065075200399; fieldIndex=35			66324	IOB: Inj. fl. RF amp. (Vpp)	raw	high		
status_tune_logs	status.scan.66324.36	Status log at scan 66324 IOB: Inj. fl. RF freq. (kHz)	524.004		IRawDataPlus.GetStatusLogForRetentionTime	scan=66324; retentionTimeMin=75.00065075200399; fieldIndex=36			66324	IOB: Inj. fl. RF freq. (kHz)	raw	high		
status_tune_logs	status.scan.66324.37	Status log at scan 66324 IOB: Inj. fl. RF curr. (A)	0.008		IRawDataPlus.GetStatusLogForRetentionTime	scan=66324; retentionTimeMin=75.00065075200399; fieldIndex=37			66324	IOB: Inj. fl. RF curr. (A)	raw	high		
status_tune_logs	status.scan.66324.38	Status log at scan 66324 IOB: Fl. focus lens (V)	8.02		IRawDataPlus.GetStatusLogForRetentionTime	scan=66324; retentionTimeMin=75.00065075200399; fieldIndex=38			66324	IOB: Fl. focus lens (V)	raw	high		
status_tune_logs	status.scan.66324.39	Status log at scan 66324 IOB: Bent fl. DC (V)	6.03		IRawDataPlus.GetStatusLogForRetentionTime	scan=66324; retentionTimeMin=75.00065075200399; fieldIndex=39			66324	IOB: Bent fl. DC (V)	raw	high		
status_tune_logs	status.scan.66324.40	Status log at scan 66324 IOB: Bent fl. ax. f. e. (V)	36.02		IRawDataPlus.GetStatusLogForRetentionTime	scan=66324; retentionTimeMin=75.00065075200399; fieldIndex=40			66324	IOB: Bent fl. ax. f. e. (V)	raw	high		
status_tune_logs	status.scan.66324.41	Status log at scan 66324 IOB: Bent fl. exit lens (V)	-10.09		IRawDataPlus.GetStatusLogForRetentionTime	scan=66324; retentionTimeMin=75.00065075200399; fieldIndex=41			66324	IOB: Bent fl. exit lens (V)	raw	high		
status_tune_logs	status.scan.66324.42	Status log at scan 66324 IOB: Bent fl. RF amp. (Vpp)	1047.99		IRawDataPlus.GetStatusLogForRetentionTime	scan=66324; retentionTimeMin=75.00065075200399; fieldIndex=42			66324	IOB: Bent fl. RF amp. (Vpp)	raw	high		
status_tune_logs	status.scan.66324.43	Status log at scan 66324 IOB: Bent fl. RF freq. (kHz)	2569.898		IRawDataPlus.GetStatusLogForRetentionTime	scan=66324; retentionTimeMin=75.00065075200399; fieldIndex=43			66324	IOB: Bent fl. RF freq. (kHz)	raw	high		
status_tune_logs	status.scan.66324.44	Status log at scan 66324 PCBAOS: C-trap inj. o. + (V)	1594.665		IRawDataPlus.GetStatusLogForRetentionTime	scan=66324; retentionTimeMin=75.00065075200399; fieldIndex=44			66324	PCBAOS: C-trap inj. o. + (V)	raw	high		
status_tune_logs	status.scan.66324.45	Status log at scan 66324 PCBAOS: C-trap inj. o. - (V)	-0.237		IRawDataPlus.GetStatusLogForRetentionTime	scan=66324; retentionTimeMin=75.00065075200399; fieldIndex=45			66324	PCBAOS: C-trap inj. o. - (V)	raw	high		
status_tune_logs	status.scan.66324.46	Status log at scan 66324 PCBAOS: HV focus lens (V)	899.736		IRawDataPlus.GetStatusLogForRetentionTime	scan=66324; retentionTimeMin=75.00065075200399; fieldIndex=46			66324	PCBAOS: HV focus lens (V)	raw	high		
status_tune_logs	status.scan.66324.47	Status log at scan 66324 PCBAOS: V lens (V)	-650.048		IRawDataPlus.GetStatusLogForRetentionTime	scan=66324; retentionTimeMin=75.00065075200399; fieldIndex=47			66324	PCBAOS: V lens (V)	raw	high		
status_tune_logs	status.scan.66324.48	Status log at scan 66324 PCBAOS: Defl. measure + (V)	549.859		IRawDataPlus.GetStatusLogForRetentionTime	scan=66324; retentionTimeMin=75.00065075200399; fieldIndex=48			66324	PCBAOS: Defl. measure + (V)	raw	high		
status_tune_logs	status.scan.66324.49	Status log at scan 66324 PCBAOS: Defl. measure - (V)	0.347		IRawDataPlus.GetStatusLogForRetentionTime	scan=66324; retentionTimeMin=75.00065075200399; fieldIndex=49			66324	PCBAOS: Defl. measure - (V)	raw	high		
status_tune_logs	status.scan.66324.50	Status log at scan 66324 PCBAOS: CE inject + (V)	-3075.747		IRawDataPlus.GetStatusLogForRetentionTime	scan=66324; retentionTimeMin=75.00065075200399; fieldIndex=50			66324	PCBAOS: CE inject + (V)	raw	high		
status_tune_logs	status.scan.66324.51	Status log at scan 66324 PCBAOS: CE inject - (V)	3075.484		IRawDataPlus.GetStatusLogForRetentionTime	scan=66324; retentionTimeMin=75.00065075200399; fieldIndex=51			66324	PCBAOS: CE inject - (V)	raw	high		
status_tune_logs	status.scan.66324.53	Status log at scan 66324 Ambient temp. (°C)	35.9		IRawDataPlus.GetStatusLogForRetentionTime	scan=66324; retentionTimeMin=75.00065075200399; fieldIndex=53			66324	Ambient temp. (°C)	raw	high		
status_tune_logs	status.scan.66324.54	Status log at scan 66324 Orbitrap block temp. (°C)	37.88		IRawDataPlus.GetStatusLogForRetentionTime	scan=66324; retentionTimeMin=75.00065075200399; fieldIndex=54			66324	Orbitrap block temp. (°C)	raw	high		
status_tune_logs	status.scan.66324.55	Status log at scan 66324 Detector temp. (°C)	40.05		IRawDataPlus.GetStatusLogForRetentionTime	scan=66324; retentionTimeMin=75.00065075200399; fieldIndex=55			66324	Detector temp. (°C)	raw	high		
status_tune_logs	status.scan.66324.56	Status log at scan 66324 Ion tr. tube temp. (°C)	274.987		IRawDataPlus.GetStatusLogForRetentionTime	scan=66324; retentionTimeMin=75.00065075200399; fieldIndex=56			66324	Ion tr. tube temp. (°C)	raw	high		
status_tune_logs	status.scan.66324.57	Status log at scan 66324 Vaporizer temp. (°C)	809.8		IRawDataPlus.GetStatusLogForRetentionTime	scan=66324; retentionTimeMin=75.00065075200399; fieldIndex=57			66324	Vaporizer temp. (°C)	raw	high		
status_tune_logs	status.scan.66324.58	Status log at scan 66324 CPU core temp. (°C)	0		IRawDataPlus.GetStatusLogForRetentionTime	scan=66324; retentionTimeMin=75.00065075200399; fieldIndex=58			66324	CPU core temp. (°C)	raw	high		
status_tune_logs	status.scan.66324.59	Status log at scan 66324 PCB temp. top (°C)	53.43		IRawDataPlus.GetStatusLogForRetentionTime	scan=66324; retentionTimeMin=75.00065075200399; fieldIndex=59			66324	PCB temp. top (°C)	raw	high		
status_tune_logs	status.scan.66324.60	Status log at scan 66324 PCB temp. center (°C)	53.26		IRawDataPlus.GetStatusLogForRetentionTime	scan=66324; retentionTimeMin=75.00065075200399; fieldIndex=60			66324	PCB temp. center (°C)	raw	high		
status_tune_logs	status.scan.66324.61	Status log at scan 66324 PCB temp. bottom (°C)	53.63		IRawDataPlus.GetStatusLogForRetentionTime	scan=66324; retentionTimeMin=75.00065075200399; fieldIndex=61			66324	PCB temp. bottom (°C)	raw	high		
status_tune_logs	status.scan.66324.63	Status log at scan 66324 Performance ld	3.264		IRawDataPlus.GetStatusLogForRetentionTime	scan=66324; retentionTimeMin=75.00065075200399; fieldIndex=63			66324	Performance ld	raw	high		
status_tune_logs	status.scan.66324.64	Status log at scan 66324 Performance me	3893.949		IRawDataPlus.GetStatusLogForRetentionTime	scan=66324; retentionTimeMin=75.00065075200399; fieldIndex=64			66324	Performance me	raw	high		
status_tune_logs	status.scan.66324.65	Status log at scan 66324 Performance cy	0.000		IRawDataPlus.GetStatusLogForRetentionTime	scan=66324; retentionTimeMin=75.00065075200399; fieldIndex=65			66324	Performance cy	raw	high		
status_tune_logs	status.scan.66324.66	Status log at scan 66324 PrOSA counts	85.0		IRawDataPlus.GetStatusLogForRetentionTime	scan=66324; retentionTimeMin=75.00065075200399; fieldIndex=66			66324	PrOSA counts	raw	high		
status_tune_logs	status.scan.66324.67	Status log at scan 66324 PrOSA blank	0.0		IRawDataPlus.GetStatusLogForRetentionTime	scan=66324; retentionTimeMin=75.00065075200399; fieldIndex=67			66324	PrOSA blank	raw	high		
status_tune_logs	status.scan.66324.68	Status log at scan 66324 PrOSA time (us)	50000		IRawDataPlus.GetStatusLogForRetentionTime	scan=66324; retentionTimeMin=75.00065075200399; fieldIndex=68			66324	PrOSA time (us)	raw	high		
status_tune_logs	status.scan.66324.69	Status log at scan 66324 PrOSA curr (pA)	1.22		IRawDataPlus.GetStatusLogForRetentionTime	scan=66324; retentionTimeMin=75.00065075200399; fieldIndex=69			66324	PrOSA curr (pA)	raw	high		
status_tune_logs	status.scan.66324.70	Status log at scan 66324 ICB: Up-time (sec)	1990.5		IRawDataPlus.GetStatusLogForRetentionTime	scan=66324; retentionTimeMin=75.00065075200399; fieldIndex=70			66324	ICB: Up-time (sec)	raw	high		
status_tune_logs	status.scan.66324.71	Status log at scan 66324 ICB: +24 V	23.809		IRawDataPlus.GetStatusLogForRetentionTime	scan=66324; retentionTimeMin=75.00065075200399; fieldIndex=71			66324	ICB: +24 V	raw	high		
status_tune_logs	status.scan.66324.72	Status log at scan 66324 ICB: +5 V	5.046		IRawDataPlus.GetStatusLogForRetentionTime	scan=66324; retentionTimeMin=75.00065075200399; fieldIndex=72			66324	ICB: +5 V	raw	high		
status_tune_logs	status.scan.66324.73	Status log at scan 66324 ICB: +3.3 V	3.297		IRawDataPlus.GetStatusLogForRetentionTime	scan=66324; retentionTimeMin=75.00065075200399; fieldIndex=73			66324	ICB: +3.3 V	raw	high		
status_tune_logs	status.scan.66324.74	Status log at scan 66324 ICB: +2.5 V	2.496		IRawDataPlus.GetStatusLogForRetentionTime	scan=66324; retentionTimeMin=75.00065075200399; fieldIndex=74			66324	ICB: +2.5 V	raw	high		
status_tune_logs	status.scan.66324.75	Status log at scan 66324 ICB: +1.2 V	1.198		IRawDataPlus.GetStatusLogForRetentionTime	scan=66324; retentionTimeMin=75.00065075200399; fieldIndex=75			66324	ICB: +1.2 V	raw	high		
status_tune_logs	status.scan.66324.76	Status log at scan 66324 ICB: Power-on time (h)	1305.94		IRawDataPlus.GetStatusLogForRetentionTime	scan=66324; retentionTimeMin=75.00065075200399; fieldIndex=76			66324	ICB: Power-on time (h)	raw	high		
status_tune_logs	status.scan.66324.77	Status log at scan 66324 ICB: Acc. bakeout time (h)	11.42		IRawDataPlus.GetStatusLogForRetentionTime	scan=66324; retentionTimeMin=75.00065075200399; fieldIndex=77			66324	ICB: Acc. bakeout time (h)	raw	high		
status_tune_logs	status.scan.66324.78	Status log at scan 66324 ICB: Turbopump speed (Hz)	1000.0		IRawDataPlus.GetStatusLogForRetentionTime	scan=66324; retentionTimeMin=75.00065075200399; fieldIndex=78			66324	ICB: Turbopump speed (Hz)	raw	high		
status_tune_logs	status.scan.66324.79	Status log at scan 66324 ICB: Turbopump power (W)	84.0		IRawDataPlus.GetStatusLogForRetentionTime	scan=66324; retentionTimeMin=75.00065075200399; fieldIndex=79			66324	ICB: Turbopump power (W)	raw	high		
status_tune_logs	status.scan.66324.80	Status log at scan 66324 ICB: Turbopump error state	1000		IRawDataPlus.GetStatusLogForRetentionTime	scan=66324; retentionTimeMin=75.00065075200399; fieldIndex=80			66324	ICB: Turbopump error state	raw	high		
status_tune_logs	status.scan.66324.81	Status log at scan 66324 ICB: Turbopump last error	0		IRawDataPlus.GetStatusLogForRetentionTime	scan=66324; retentionTimeMin=75.00065075200399; fieldIndex=81			66324	ICB: Turbopump last error	raw	high		
status_tune_logs	status.scan.66324.82	Status log at scan 66324 ICB: UHV pres. (mbar)	6.60e-011		IRawDataPlus.GetStatusLogForRetentionTime	scan=66324; retentionTimeMin=75.00065075200399; fieldIndex=82			66324	ICB: UHV pres. (mbar)	raw	high		
status_tune_logs	status.scan.66324.83	Status log at scan 66324 ICB: HCD cell pres. (mbar)	1.10e-002		IRawDataPlus.GetStatusLogForRetentionTime	scan=66324; retentionTimeMin=75.00065075200399; fieldIndex=83			66324	ICB: HCD cell pres. (mbar)	raw	high		
status_tune_logs	status.scan.66324.84	Status log at scan 66324 ICB: Fore-vac. pres. (mbar)	3.51e+000		IRawDataPlus.GetStatusLogForRetentionTime	scan=66324; retentionTimeMin=75.00065075200399; fieldIndex=84			66324	ICB: Fore-vac. pres. (mbar)	raw	high		
status_tune_logs	status.scan.66324.85	Status log at scan 66324 ICB: IF region pres. (mbar)	1.23e-001		IRawDataPlus.GetStatusLogForRetentionTime	scan=66324; retentionTimeMin=75.00065075200399; fieldIndex=85			66324	ICB: IF region pres. (mbar)	raw	high		
status_tune_logs	status.scan.66324.86	Status log at scan 66324 ICB: R-f fan speed (rpm)	2872.0		IRawDataPlus.GetStatusLogForRetentionTime	scan=66324; retentionTimeMin=75.00065075200399; fieldIndex=86			66324	ICB: R-f fan speed (rpm)	raw	high		
status_tune_logs	status.scan.66324.87	Status log at scan 66324 ICB: L-b fan speed (rpm)	2992.0		IRawDataPlus.GetStatusLogForRetentionTime	scan=66324; retentionTimeMin=75.00065075200399; fieldIndex=87			66324	ICB: L-b fan speed (rpm)	raw	high		
status_tune_logs	status.scan.66324.88	Status log at scan 66324 ICB: L-f fan speed (rpm)	2904.0		IRawDataPlus.GetStatusLogForRetentionTime	scan=66324; retentionTimeMin=75.00065075200399; fieldIndex=88			66324	ICB: L-f fan speed (rpm)	raw	high		
status_tune_logs	status.scan.66324.89	Status log at scan 66324 ICB: Dig. I/O start 0	6		IRawDataPlus.GetStatusLogForRetentionTime	scan=66324; retentionTimeMin=75.00065075200399; fieldIndex=89			66324	ICB: Dig. I/O start 0	raw	high		
status_tune_logs	status.scan.66324.90	Status log at scan 66324 ICB: Dig. I/O start 1	6		IRawDataPlus.GetStatusLogForRetentionTime	scan=66324; retentionTimeMin=75.00065075200399; fieldIndex=90			66324	ICB: Dig. I/O start 1	raw	high		
status_tune_logs	status.scan.66324.91	Status log at scan 66324 ICB: OSPI ERR queue usage	1		IRawDataPlus.GetStatusLogForRetentionTime	scan=66324; retentionTimeMin=75.00065075200399; fieldIndex=91			66324	ICB: OSPI ERR queue usage	raw	high		
status_tune_logs	status.scan.66324.92	Status log at scan 66324 DAQ: Voltage monitor	0		IRawDataPlus.GetStatusLogForRetentionTime	scan=66324; retentionTimeMin=75.00065075200399; fieldIndex=92			66324	DAQ: Voltage monitor	raw	high		
status_tune_logs	status.scan.66324.93	Status log at scan 66324 DAQ: Status register	5		IRawDataPlus.GetStatusLogForRetentionTime	scan=66324; retentionTimeMin=75.00065075200399; fieldIndex=93			66324	DAQ: Status register	raw	high		
status_tune_logs	status.scan.66324.94	Status log at scan 66324 CTB: FAN1 speed (rpm)	5844.0		IRawDataPlus.GetStatusLogForRetentionTime	scan=66324; retentionTimeMin=75.00065075200399; fieldIndex=94			66324	CTB: FAN1 speed (rpm)	raw	high		
status_tune_logs	status.scan.66324.95	Status log at scan 66324 CTB: FAN2 speed (rpm)	5840.0		IRawDataPlus.GetStatusLogForRetentionTime	scan=66324; retentionTimeMin=75.00065075200399; fieldIndex=95			66324	CTB: FAN2 speed (rpm)	raw	high		
status_tune_logs	status.scan.66324.96	Status log at scan 66324 CTB: ICD integr. active	0		IRawDataPlus.GetStatusLogForRetentionTime	scan=66324; retentionTimeMin=75.00065075200399; fieldIndex=96			66324	CTB: ICD integr. active	raw	high		
status_tune_logs	status.scan.66324.97	Status log at scan 66324 CTB: ICD signal count (ct)	85.0		IRawDataPlus.GetStatusLogForRetentionTime	scan=66324; retentionTimeMin=75.00065075200399; fieldIndex=97			66324	CTB: ICD signal count (ct)	raw	high		
status_tune_logs	status.scan.66324.98	Status log at scan 66324 CTB: ICD blank count (ct)	0.0		IRawDataPlus.GetStatusLogForRetentionTime	scan=66324; retentionTimeMin=75.00065075200399; fieldIndex=98			66324	CTB: ICD blank count (ct)	raw	high		
status_tune_logs	status.scan.66324.99	Status log at scan 66324 CTB: ICD ion inj. time (us)	12500		IRawDataPlus.GetStatusLogForRetentionTime	scan=66324; retentionTimeMin=75.00065075200399; fieldIndex=99			66324	CTB: ICD ion inj. time (us)	raw	high		
status_tune_logs	status.scan.66324.100	Status log at scan 66324 CTB: C-trap RF curr. (mA)	156.18		IRawDataPlus.GetStatusLogForRetentionTime	scan=66324; retentionTimeMin=75.00065075200399; fieldIndex=100			66324	CTB: C-trap RF curr. (mA)	raw	high		
status_tune_logs	status.scan.66324.101	Status log at scan 66324 CTB: C-trap RF s. volt. (V)	25.52		IRawDataPlus.GetStatusLogForRetentionTime	scan=66324; retentionTimeMin=75.00065075200399; fieldIndex=101			66324	CTB: C-trap RF s. volt. (V)	raw	high		
status_tune_logs	status.scan.66324.102	Status log at scan 66324 CTB: HV positive (V)	521.38		IRawDataPlus.GetStatusLogForRetentionTime	scan=66324; retentionTimeMin=75.00065075200399; fieldIndex=102			66324	CTB: HV positive (V)	raw	high		
status_tune_logs	status.scan.66324.103	Status log at scan 66324 CTB: HV negative (V)	-527.54		IRawDataPlus.GetStatusLogForRetentionTime	scan=66324; retentionTimeMin=75.00065075200399; fieldIndex=103			66324	CTB: HV negative (V)	raw	high		
status_tune_logs	status.scan.66324.104	Status log at scan 66324 QS: HV negative (V)	-644.2		IRawDataPlus.GetStatusLogForRetentionTime	scan=66324; retentionTimeMin=75.00065075200399; fieldIndex=104			66324	QS: HV negative (V)	raw	high		
status_tune_logs	status.scan.66324.105	Status log at scan 66324 QS: HV positive (V)	642.4		IRawDataPlus.GetStatusLogForRetentionTime	scan=66324; retentionTimeMin=75.00065075200399; fieldIndex=105			66324	QS: HV positive (V)	raw	high		
status_tune_logs	status.scan.66324.106	Status log at scan 66324 SB: +24 V supply	23.436		IRawDataPlus.GetStatusLogForRetentionTime	scan=66324; retentionTimeMin=75.00065075200399; fieldIndex=106			66324	SB: +24 V supply	raw	high		
status_tune_logs	status.scan.66324.107	Status log at scan 66324 SB: +15 V analog supply	15.094		IRawDataPlus.GetStatusLogForRetentionTime	scan=66324; retentionTimeMin=75.00065075200399; fieldIndex=107			66324	SB: +15 V analog supply	raw	high		
status_tune_logs	status.scan.66324.108	Status log at scan 66324 SB: -8 V supply	-8.320		IRawDataPlus.GetStatusLogForRetentionTime	scan=66324; retentionTimeMin=75.00065075200399; fieldIndex=108			66324	SB: -8 V supply	raw	high		
status_tune_logs	status.scan.66324.109	Status log at scan 66324 SB: +5 V analog supply	4.986		IRawDataPlus.GetStatusLogForRetentionTime	scan=66324; retentionTimeMin=75.00065075200399; fieldIndex=109			66324	SB: +5 V analog supply	raw	high		
status_tune_logs	status.scan.66324.110	Status log at scan 66324 SB: +5 V digital supply	5.097		IRawDataPlus.GetStatusLogForRetentionTime	scan=66324; retentionTimeMin=75.00065075200399; fieldIndex=110			66324	SB: +5 V digital supply	raw	high		
status_tune_logs	status.scan.66324.111	Status log at scan 66324 SB: -5 V analog supply	-4.955		IRawDataPlus.GetStatusLogForRetentionTime	scan=66324; retentionTimeMin=75.00065075200399; fieldIndex=111			66324	SB: -5 V analog supply	raw	high		
status_tune_logs	status.scan.66324.112	Status log at scan 66324 SB: +3.3 V digital supply	3.295		IRawDataPlus.GetStatusLogForRetentionTime	scan=66324; retentionTimeMin=75.00065075200399; fieldIndex=112			66324	SB: +3.3 V digital supply	raw	high		
status_tune_logs	status.scan.66324.113	Status log at scan 66324 SB: +2.5 V digital supply	2.505		IRawDataPlus.GetStatusLogForRetentionTime	scan=66324; retentionTimeMin=75.00065075200399; fieldIndex=113			66324	SB: +2.5 V digital supply	raw	high		
status_tune_logs	status.scan.66324.114	Status log at scan 66324 SB: +1.2 V digital supply	1.195		IRawDataPlus.GetStatusLogForRetentionTime	scan=66324; retentionTimeMin=75.00065075200399; fieldIndex=114			66324	SB: +1.2 V digital supply	raw	high		
status_tune_logs	status.scan.66324.115	Status log at scan 66324 SB: Ion tr. tube fuse	1		IRawDataPlus.GetStatusLogForRetentionTime	scan=66324; retentionTimeMin=75.00065075200399; fieldIndex=115			66324	SB: Ion tr. tube fuse	raw	high		
status_tune_logs	status.scan.66324.116	Status log at scan 66324 SB: Ion tr. tube temp. OOR	0		IRawDataPlus.GetStatusLogForRetentionTime	scan=66324; retentionTimeMin=75.00065075200399; fieldIndex=116			66324	SB: Ion tr. tube temp. OOR	raw	high		
status_tune_logs	status.scan.66324.117	Status log at scan 66324 SB: Ion tr. tube voltage (V)	7.971		IRawDataPlus.GetStatusLogForRetentionTime	scan=66324; retentionTimeMin=75.00065075200399; fieldIndex=117			66324	SB: Ion tr. tube voltage (V)	raw	high		
status_tune_logs	status.scan.66324.118	Status log at scan 66324 SB: Vaporizer fuse	1		IRawDataPlus.GetStatusLogForRetentionTime	scan=66324; retentionTimeMin=75.00065075200399; fieldIndex=118			66324	SB: Vaporizer fuse	raw	high		
status_tune_logs	status.scan.66324.119	Status log at scan 66324 SB: Vaporizer temp. OOR	1		IRawDataPlus.GetStatusLogForRetentionTime	scan=66324; retentionTimeMin=75.00065075200399; fieldIndex=119			66324	SB: Vaporizer temp. OOR	raw	high		
status_tune_logs	status.scan.66324.120	Status log at scan 66324 SB: 8 kV const. volt./c.m.	1		IRawDataPlus.GetStatusLogForRetentionTime	scan=66324; retentionTimeMin=75.00065075200399; fieldIndex=120			66324	SB: 8 kV const. volt./c.m.	raw	high		
status_tune_logs	status.scan.66324.121	Status log at scan 66324 SB: Valve fuse	1		IRawDataPlus.GetStatusLogForRetentionTime	scan=66324; retentionTimeMin=75.00065075200399; fieldIndex=121			66324	SB: Valve fuse	raw	high		
status_tune_logs	status.scan.66324.122	Status log at scan 66324 SB: Aux. gas pres. (psi)	-0.104		IRawDataPlus.GetStatusLogForRetentionTime	scan=66324; retentionTimeMin=75.00065075200399; fieldIndex=122			66324	SB: Aux. gas pres. (psi)	raw	high		
status_tune_logs	status.scan.66324.123	Status log at scan 66324 SB: Sheath gas pres. (psi)	-0.082		IRawDataPlus.GetStatusLogForRetentionTime	scan=66324; retentionTimeMin=75.00065075200399; fieldIndex=123			66324	SB: Sheath gas pres. (psi)	raw	high		
status_tune_logs	status.scan.66324.124	Status log at scan 66324 SB: Sweep gas pres. (psi)	-0.077		IRawDataPlus.GetStatusLogForRetentionTime	scan=66324; retentionTimeMin=75.00065075200399; fieldIndex=124			66324	SB: Sweep gas pres. (psi)	raw	high		
status_tune_logs	status.scan.66324.125	Status log at scan 66324 SB: Interlock fuse	1		IRawDataPlus.GetStatusLogForRetentionTime	scan=66324; retentionTimeMin=75.00065075200399; fieldIndex=125			66324	SB: Interlock fuse	raw	high		
status_tune_logs	status.scan.66324.126	Status log at scan 66324 SB: Switch 1 closed	1		IRawDataPlus.GetStatusLogForRetentionTime	scan=66324; retentionTimeMin=75.00065075200399; fieldIndex=126			66324	SB: Switch 1 closed	raw	high		
status_tune_logs	status.scan.66324.127	Status log at scan 66324 SB: Relay 1 closed	1		IRawDataPlus.GetStatusLogForRetentionTime	scan=66324; retentionTimeMin=75.00065075200399; fieldIndex=127			66324	SB: Relay 1 closed	raw	high		
status_tune_logs	status.scan.66324.128	Status log at scan 66324 SB: Switch 2 closed	1		IRawDataPlus.GetStatusLogForRetentionTime	scan=66324; retentionTimeMin=75.00065075200399; fieldIndex=128			66324	SB: Switch 2 closed	raw	high		
status_tune_logs	status.scan.66324.129	Status log at scan 66324 SB: Relay 2 closed	1		IRawDataPlus.GetStatusLogForRetentionTime	scan=66324; retentionTimeMin=75.00065075200399; fieldIndex=129			66324	SB: Relay 2 closed	raw	high		
status_tune_logs	status.scan.66324.130	Status log at scan 66324 SB: Interlock switch	1		IRawDataPlus.GetStatusLogForRetentionTime	scan=66324; retentionTimeMin=75.00065075200399; fieldIndex=130			66324	SB: Interlock switch	raw	high		
status_tune_logs	status.scan.66324.131	Status log at scan 66324 SB: Cover is taken off	0		IRawDataPlus.GetStatusLogForRetentionTime	scan=66324; retentionTimeMin=75.00065075200399; fieldIndex=131			66324	SB: Cover is taken off	raw	high		
status_tune_logs	status.scan.66324.132	Status log at scan 66324 SB: ICS/ETD available	0		IRawDataPlus.GetStatusLogForRetentionTime	scan=66324; retentionTimeMin=75.00065075200399; fieldIndex=132			66324	SB: ICS/ETD available	raw	high		
status_tune_logs	status.scan.66324.133	Status log at scan 66324 IOB: HV fuse	0		IRawDataPlus.GetStatusLogForRetentionTime	scan=66324; retentionTimeMin=75.00065075200399; fieldIndex=133			66324	IOB: HV fuse	raw	high		
status_tune_logs	status.scan.66324.134	Status log at scan 66324 IOB: RF fuse	0		IRawDataPlus.GetStatusLogForRetentionTime	scan=66324; retentionTimeMin=75.00065075200399; fieldIndex=134			66324	IOB: RF fuse	raw	high		
status_tune_logs	status.scan.66324.135	Status log at scan 66324 IOB: HVV positive (V)	350.68		IRawDataPlus.GetStatusLogForRetentionTime	scan=66324; retentionTimeMin=75.00065075200399; fieldIndex=135			66324	IOB: HVV positive (V)	raw	high		
status_tune_logs	status.scan.66324.136	Status log at scan 66324 IOB: HVV negative (V)	-349.73		IRawDataPlus.GetStatusLogForRetentionTime	scan=66324; retentionTimeMin=75.00065075200399; fieldIndex=136			66324	IOB: HVV negative (V)	raw	high		
status_tune_logs	status.scan.66324.137	Status log at scan 66324 IOB: HV positive (V)	37.19		IRawDataPlus.GetStatusLogForRetentionTime	scan=66324; retentionTimeMin=75.00065075200399; fieldIndex=137			66324	IOB: HV positive (V)	raw	high		
status_tune_logs	status.scan.66324.138	Status log at scan 66324 IOB: HV negative (V)	-36.72		IRawDataPlus.GetStatusLogForRetentionTime	scan=66324; retentionTimeMin=75.00065075200399; fieldIndex=138			66324	IOB: HV negative (V)	raw	high		
status_tune_logs	status.scan.66324.139	Status log at scan 66324 FTPCU: CPU load average	3.26		IRawDataPlus.GetStatusLogForRetentionTime	scan=66324; retentionTimeMin=75.00065075200399; fieldIndex=139			66324	FTPCU: CPU load average	raw	high		
status_tune_logs	status.scan.66324.140	Status log at scan 66324 FTPCU: Board free RAM	3893.95		IRawDataPlus.GetStatusLogForRetentionTime	scan=66324; retentionTimeMin=75.00065075200399; fieldIndex=140			66324	FTPCU: Board free RAM	raw	high		
status_tune_logs	status.scan.66324.141	Status log at scan 66324 PCBAOS: HV monitor (kV)	4.606		IRawDataPlus.GetStatusLogForRetentionTime	scan=66324; retentionTimeMin=75.00065075200399; fieldIndex=141			66324	PCBAOS: HV monitor (kV)	raw	high		
status_tune_logs	status.scan.66324.142	Status log at scan 66324 PCBAOS: R_Pulser_CE (V)	-4006.091		IRawDataPlus.GetStatusLogForRetentionTime	scan=66324; retentionTimeMin=75.00065075200399; fieldIndex=142			66324	PCBAOS: R_Pulser_CE (V)	raw	high		
status_tune_logs	status.scan.66324.143	Status log at scan 66324 PCBAOS: R_Pulser_DE (V)	478.024		IRawDataPlus.GetStatusLogForRetentionTime	scan=66324; retentionTimeMin=75.00065075200399; fieldIndex=143			66324	PCBAOS: R_Pulser_DE (V)	raw	high		
status_tune_logs	status.scan.66324.145	Status log at scan 66324 Attached	0		IRawDataPlus.GetStatusLogForRetentionTime	scan=66324; retentionTimeMin=75.00065075200399; fieldIndex=145			66324	Attached	raw	high		
status_tune_logs	status.scan.66324.146	Status log at scan 66324 Dispersion Voltage (DV)	0.0		IRawDataPlus.GetStatusLogForRetentionTime	scan=66324; retentionTimeMin=75.00065075200399; fieldIndex=146			66324	Dispersion Voltage (DV)	raw	high		
status_tune_logs	status.scan.66324.147	Status log at scan 66324 Compensation Voltage (CV)	0.0		IRawDataPlus.GetStatusLogForRetentionTime	scan=66324; retentionTimeMin=75.00065075200399; fieldIndex=147			66324	Compensation Voltage (CV)	raw	high		
status_tune_logs	status.scan.66324.148	Status log at scan 66324 Entrance Plate Voltage (V)	0.0		IRawDataPlus.GetStatusLogForRetentionTime	scan=66324; retentionTimeMin=75.00065075200399; fieldIndex=148			66324	Entrance Plate Voltage (V)	raw	high		
status_tune_logs	status.scan.66324.149	Status log at scan 66324 User Gas Flow (lpm)	0.0		IRawDataPlus.GetStatusLogForRetentionTime	scan=66324; retentionTimeMin=75.00065075200399; fieldIndex=149			66324	User Gas Flow (lpm)	raw	high		
status_tune_logs	status.scan.66324.150	Status log at scan 66324 Carrier Gas Flow (lpm)	0.0		IRawDataPlus.GetStatusLogForRetentionTime	scan=66324; retentionTimeMin=75.00065075200399; fieldIndex=150			66324	Carrier Gas Flow (lpm)	raw	high		
status_tune_logs	status.scan.66324.151	Status log at scan 66324 Total Gas Flow (lpm)	0.0		IRawDataPlus.GetStatusLogForRetentionTime	scan=66324; retentionTimeMin=75.00065075200399; fieldIndex=151			66324	Total Gas Flow (lpm)	raw	high		
status_tune_logs	status.scan.66324.152	Status log at scan 66324 Cooling Gas Flow (lpm)	0.0		IRawDataPlus.GetStatusLogForRetentionTime	scan=66324; retentionTimeMin=75.00065075200399; fieldIndex=152			66324	Cooling Gas Flow (lpm)	raw	high		
status_tune_logs	status.scan.66324.153	Status log at scan 66324 Gas Pressure (psi)	0.00		IRawDataPlus.GetStatusLogForRetentionTime	scan=66324; retentionTimeMin=75.00065075200399; fieldIndex=153			66324	Gas Pressure (psi)	raw	high		
status_tune_logs	status.scan.66324.154	Status log at scan 66324 Cooling Gas Pressure (psi)	0.00		IRawDataPlus.GetStatusLogForRetentionTime	scan=66324; retentionTimeMin=75.00065075200399; fieldIndex=154			66324	Cooling Gas Pressure (psi)	raw	high		
status_tune_logs	status.scan.66324.155	Status log at scan 66324 Input Gas Pressure (psi)	0.00		IRawDataPlus.GetStatusLogForRetentionTime	scan=66324; retentionTimeMin=75.00065075200399; fieldIndex=155			66324	Input Gas Pressure (psi)	raw	high		
status_tune_logs	status.scan.66324.156	Status log at scan 66324 Inner Electrode Temp. (°C)	0.0		IRawDataPlus.GetStatusLogForRetentionTime	scan=66324; retentionTimeMin=75.00065075200399; fieldIndex=156			66324	Inner Electrode Temp. (°C)	raw	high		
status_tune_logs	status.scan.66324.157	Status log at scan 66324 Outer Electrode 1 Temp. (°C)	0.0		IRawDataPlus.GetStatusLogForRetentionTime	scan=66324; retentionTimeMin=75.00065075200399; fieldIndex=157			66324	Outer Electrode 1 Temp. (°C)	raw	high		
status_tune_logs	status.scan.66324.158	Status log at scan 66324 Outer Electrode 2 Temp. (°C)	0.0		IRawDataPlus.GetStatusLogForRetentionTime	scan=66324; retentionTimeMin=75.00065075200399; fieldIndex=158			66324	Outer Electrode 2 Temp. (°C)	raw	high		
status_tune_logs	status.scan.66324.159	Status log at scan 66324 MCB Ambient Temp. (°C)	0.0		IRawDataPlus.GetStatusLogForRetentionTime	scan=66324; retentionTimeMin=75.00065075200399; fieldIndex=159			66324	MCB Ambient Temp. (°C)	raw	high		
status_tune_logs	status.scan.66324.160	Status log at scan 66324 MCB Atmosph. Pressure (kPa)	0		IRawDataPlus.GetStatusLogForRetentionTime	scan=66324; retentionTimeMin=75.00065075200399; fieldIndex=160			66324	MCB Atmosph. Pressure (kPa)	raw	high		
status_tune_logs	status.scan.66324.161	Status log at scan 66324 DV High Frequency Amp. (V)	0.0		IRawDataPlus.GetStatusLogForRetentionTime	scan=66324; retentionTimeMin=75.00065075200399; fieldIndex=161			66324	DV High Frequency Amp. (V)	raw	high		
status_tune_logs	status.scan.66324.162	Status log at scan 66324 DV Low Frequency Amp. (V)	0.0		IRawDataPlus.GetStatusLogForRetentionTime	scan=66324; retentionTimeMin=75.00065075200399; fieldIndex=162			66324	DV Low Frequency Amp. (V)	raw	high		
status_tune_logs	status.scan.66324.163	Status log at scan 66324 DV Phase (°)	0.0		IRawDataPlus.GetStatusLogForRetentionTime	scan=66324; retentionTimeMin=75.00065075200399; fieldIndex=163			66324	DV Phase (°)	raw	high		
status_tune_logs	status.scan.66324.164	Status log at scan 66324 DV Frequency (Hz)	0		IRawDataPlus.GetStatusLogForRetentionTime	scan=66324; retentionTimeMin=75.00065075200399; fieldIndex=164			66324	DV Frequency (Hz)	raw	high		
status_tune_logs	status.scan.66324.165	Status log at scan 66324 System Voltage (V)	0.00		IRawDataPlus.GetStatusLogForRetentionTime	scan=66324; retentionTimeMin=75.00065075200399; fieldIndex=165			66324	System Voltage (V)	raw	high		
status_tune_logs	status.scan.66324.166	Status log at scan 66324 System Current (A)	0.00		IRawDataPlus.GetStatusLogForRetentionTime	scan=66324; retentionTimeMin=75.00065075200399; fieldIndex=166			66324	System Current (A)	raw	high		
status_tune_logs	status.scan.66324.167	Status log at scan 66324 Relays (+24V)	0.00		IRawDataPlus.GetStatusLogForRetentionTime	scan=66324; retentionTimeMin=75.00065075200399; fieldIndex=167			66324	Relays (+24V)	raw	high		
status_tune_logs	status.scan.66324.168	Status log at scan 66324 +6.25D (V)	0.00		IRawDataPlus.GetStatusLogForRetentionTime	scan=66324; retentionTimeMin=75.00065075200399; fieldIndex=168			66324	+6.25D (V)	raw	high		
status_tune_logs	status.scan.66324.169	Status log at scan 66324 -6.25D (V)	0.00		IRawDataPlus.GetStatusLogForRetentionTime	scan=66324; retentionTimeMin=75.00065075200399; fieldIndex=169			66324	-6.25D (V)	raw	high		
status_tune_logs	status.scan.66324.170	Status log at scan 66324 +5A (V)	0.00		IRawDataPlus.GetStatusLogForRetentionTime	scan=66324; retentionTimeMin=75.00065075200399; fieldIndex=170			66324	+5A (V)	raw	high		
status_tune_logs	status.scan.66324.171	Status log at scan 66324 -5A (V)	0.00		IRawDataPlus.GetStatusLogForRetentionTime	scan=66324; retentionTimeMin=75.00065075200399; fieldIndex=171			66324	-5A (V)	raw	high		
status_tune_logs	status.scan.66324.172	Status log at scan 66324 +3.0D (V)	0.00		IRawDataPlus.GetStatusLogForRetentionTime	scan=66324; retentionTimeMin=75.00065075200399; fieldIndex=172			66324	+3.0D (V)	raw	high		
status_tune_logs	status.scan.66324.173	Status log at scan 66324 +1.8A (V)	0.00		IRawDataPlus.GetStatusLogForRetentionTime	scan=66324; retentionTimeMin=75.00065075200399; fieldIndex=173			66324	+1.8A (V)	raw	high		
status_tune_logs	status.scan.66324.174	Status log at scan 66324 +3.3D (V)	0.00		IRawDataPlus.GetStatusLogForRetentionTime	scan=66324; retentionTimeMin=75.00065075200399; fieldIndex=174			66324	+3.3D (V)	raw	high		
status_tune_logs	status.scan.66324.175	Status log at scan 66324 MCB PCB Temp. (°C)	0.0		IRawDataPlus.GetStatusLogForRetentionTime	scan=66324; retentionTimeMin=75.00065075200399; fieldIndex=175			66324	MCB PCB Temp. (°C)	raw	high		
status_tune_logs	status.scan.66324.176	Status log at scan 66324 RTD Reference (+3V)	0.00		IRawDataPlus.GetStatusLogForRetentionTime	scan=66324; retentionTimeMin=75.00065075200399; fieldIndex=176			66324	RTD Reference (+3V)	raw	high		
status_tune_logs	status.scan.66324.177	Status log at scan 66324 System Relay Voltage (V)	0.00		IRawDataPlus.GetStatusLogForRetentionTime	scan=66324; retentionTimeMin=75.00065075200399; fieldIndex=177			66324	System Relay Voltage (V)	raw	high		
status_tune_logs	status.scan.66324.178	Status log at scan 66324 MCB Fan 1 Speed (Hz)	0		IRawDataPlus.GetStatusLogForRetentionTime	scan=66324; retentionTimeMin=75.00065075200399; fieldIndex=178			66324	MCB Fan 1 Speed (Hz)	raw	high		
status_tune_logs	status.scan.66324.179	Status log at scan 66324 MCB Fan 2 Speed (Hz)	0		IRawDataPlus.GetStatusLogForRetentionTime	scan=66324; retentionTimeMin=75.00065075200399; fieldIndex=179			66324	MCB Fan 2 Speed (Hz)	raw	high		
status_tune_logs	status.scan.66324.180	Status log at scan 66324 TXB Fan Speed (Hz)	0		IRawDataPlus.GetStatusLogForRetentionTime	scan=66324; retentionTimeMin=75.00065075200399; fieldIndex=180			66324	TXB Fan Speed (Hz)	raw	high		
status_tune_logs	status.scan.66324.181	Status log at scan 66324 Outer Elec. Bias Volt. (V)	0.0		IRawDataPlus.GetStatusLogForRetentionTime	scan=66324; retentionTimeMin=75.00065075200399; fieldIndex=181			66324	Outer Elec. Bias Volt. (V)	raw	high		
status_tune_logs	status.scan.66324.182	Status log at scan 66324 HF RF Amp Output Current (A)	0.00		IRawDataPlus.GetStatusLogForRetentionTime	scan=66324; retentionTimeMin=75.00065075200399; fieldIndex=182			66324	HF RF Amp Output Current (A)	raw	high		
status_tune_logs	status.scan.66324.183	Status log at scan 66324 HF RF Supply Voltage (V)	0.0		IRawDataPlus.GetStatusLogForRetentionTime	scan=66324; retentionTimeMin=75.00065075200399; fieldIndex=183			66324	HF RF Supply Voltage (V)	raw	high		
status_tune_logs	status.scan.66324.184	Status log at scan 66324 HF RF Supply Current (A)	0.00		IRawDataPlus.GetStatusLogForRetentionTime	scan=66324; retentionTimeMin=75.00065075200399; fieldIndex=184			66324	HF RF Supply Current (A)	raw	high		
status_tune_logs	status.scan.66324.185	Status log at scan 66324 LF RF Amp Output Current (A)	0.00		IRawDataPlus.GetStatusLogForRetentionTime	scan=66324; retentionTimeMin=75.00065075200399; fieldIndex=185			66324	LF RF Amp Output Current (A)	raw	high		
status_tune_logs	status.scan.66324.186	Status log at scan 66324 LF RF Supply Voltage (V)	0.0		IRawDataPlus.GetStatusLogForRetentionTime	scan=66324; retentionTimeMin=75.00065075200399; fieldIndex=186			66324	LF RF Supply Voltage (V)	raw	high		
status_tune_logs	status.scan.66324.187	Status log at scan 66324 LF RF Supply Current (A)	0.00		IRawDataPlus.GetStatusLogForRetentionTime	scan=66324; retentionTimeMin=75.00065075200399; fieldIndex=187			66324	LF RF Supply Current (A)	raw	high		
status_tune_logs	status.scan.66324.188	Status log at scan 66324 HF RF Amp Output Voltage (V)	0.0		IRawDataPlus.GetStatusLogForRetentionTime	scan=66324; retentionTimeMin=75.00065075200399; fieldIndex=188			66324	HF RF Amp Output Voltage (V)	raw	high		
status_tune_logs	status.scan.66324.189	Status log at scan 66324 LF RF Amp Output Voltage (V)	0.0		IRawDataPlus.GetStatusLogForRetentionTime	scan=66324; retentionTimeMin=75.00065075200399; fieldIndex=189			66324	LF RF Amp Output Voltage (V)	raw	high		
status_tune_logs	status.scan.66324.190	Status log at scan 66324 TX PCB temperature (°C)	0.0		IRawDataPlus.GetStatusLogForRetentionTime	scan=66324; retentionTimeMin=75.00065075200399; fieldIndex=190			66324	TX PCB temperature (°C)	raw	high		
status_tune_logs	status.scan.66324.191	Status log at scan 66324 DV High Frequency RF DAC (V)	0.00		IRawDataPlus.GetStatusLogForRetentionTime	scan=66324; retentionTimeMin=75.00065075200399; fieldIndex=191			66324	DV High Frequency RF DAC (V)	raw	high		
status_tune_logs	status.scan.66324.192	Status log at scan 66324 DV Low Frequency RF DAC  (V)	0.00		IRawDataPlus.GetStatusLogForRetentionTime	scan=66324; retentionTimeMin=75.00065075200399; fieldIndex=192			66324	DV Low Frequency RF DAC  (V)	raw	high		
status_tune_logs	status.scan.66324.193	Status log at scan 66324 MS Interlock 1 (V)	0.0		IRawDataPlus.GetStatusLogForRetentionTime	scan=66324; retentionTimeMin=75.00065075200399; fieldIndex=193			66324	MS Interlock 1 (V)	raw	high		
status_tune_logs	status.scan.66324.194	Status log at scan 66324 MS Interlock 2 (V)	0.0		IRawDataPlus.GetStatusLogForRetentionTime	scan=66324; retentionTimeMin=75.00065075200399; fieldIndex=194			66324	MS Interlock 2 (V)	raw	high		
status_tune_logs	status.scan.66324.195	Status log at scan 66324 Gate Drive Supply (V)	0.0		IRawDataPlus.GetStatusLogForRetentionTime	scan=66324; retentionTimeMin=75.00065075200399; fieldIndex=195			66324	Gate Drive Supply (V)	raw	high		
derived_validation	lc.gradient.raw_mentions	LC gradient candidate lines	Gradient: | Time [mm:ss]   Duration [mm:ss]   Flow [nl/min]   Mixture [%B] | Pre-column equilibration: | Analytical column equilibration: | Autosampler wash:		IRawDataPlus.GetInstrumentMethod	instrument method text search					candidate	medium		Raw candidate lines are preserved for manual FreeStyle comparison; parser intentionally avoids overclaiming.
derived_validation	lc.flow.raw_mentions	LC flow candidate lines	Flow [µl / min]     :    10.00 | Flow [µl / min]     :     2.00 | Time [mm:ss]   Duration [mm:ss]   Flow [nl/min]   Mixture [%B] | Flow [µl / min]     :     0.50		IRawDataPlus.GetInstrumentMethod	instrument method text search					candidate	medium		Raw candidate lines are preserved for manual FreeStyle comparison; parser intentionally avoids overclaiming.
derived_validation	ms.dda.raw_mentions	DDA/data-dependent candidate lines	Default Charge State = 2 | Filter ChargeState | Filter Type = ChargeState | Include charge state(s) = 2-4 | Include undetermined charge states = False | Share Dynamic exclusion list with other selected dynamic exclusion filters = False | Dynamic Exclusion Mode = Custom | Exclude isotopes = True | Perform dependent scan on single charge state per precursor only = False | Data Dependent Properties | Data Dependent Mode= Cycle Time		IRawDataPlus.GetInstrumentMethod	instrument method text search					candidate	medium		Raw candidate lines are preserved for manual FreeStyle comparison; parser intentionally avoids overclaiming.
derived_validation	ms.ms1.raw_mentions	MS1 candidate lines	445.12003 | Orbitrap Resolution = 60000 | Scan Range (m/z) = 350-1200 | Normalised AGC Target (%)= 300 | AGC Target = Custom | Orbitrap Resolution = 15000 | Normalised AGC Target (%)= 1000		IRawDataPlus.GetInstrumentMethod	instrument method text search					candidate	medium		Raw candidate lines are preserved for manual FreeStyle comparison; parser intentionally avoids overclaiming.
derived_validation	ms.ms2.raw_mentions	MS2 candidate lines	Advanced Peak Determination = True | Orbitrap Resolution = 60000 | Normalised AGC Target (%)= 300 | AGC Target = Custom | Maximum Injection Time Mode = Auto | Mass tolerance low = 10 | Mass tolerance high = 10 | Isolation Window = Custom | Isolation Window (m/z) = 1.4 | Isolation Offset = Off | HCD Collision Energy (%) = 27 | Orbitrap Resolution = 15000 | Normalised AGC Target (%)= 1000		IRawDataPlus.GetInstrumentMethod	instrument method text search					candidate	medium		Raw candidate lines are preserved for manual FreeStyle comparison; parser intentionally avoids overclaiming.
derived_validation	ref.gradient_60_min	Reference check: 60 minute gradient	60	min	reference description + extracted TSV rows						candidate	medium	candidate	This row is a checklist item for manual review, not a final validated production extraction.
derived_validation	ref.gradient_7_to_34_b	Reference check: 7 to 34% B	7 to 34	%B	reference description + extracted TSV rows						candidate	medium	candidate	This row is a checklist item for manual review, not a final validated production extraction.
derived_validation	ref.flow_450_nl_min	Reference check: 450 nL/min flow	450	nL/min	reference description + extracted TSV rows						candidate	medium	candidate	This row is a checklist item for manual review, not a final validated production extraction.
derived_validation	ref.dda	Reference check: DDA acquisition	DDA / data dependent		reference description + extracted TSV rows						candidate	medium	candidate	This row is a checklist item for manual review, not a final validated production extraction.
derived_validation	ref.ms1_resolution_60000	Reference check: MS1 60k resolution	60000		reference description + extracted TSV rows						candidate	medium	candidate	This row is a checklist item for manual review, not a final validated production extraction.
derived_validation	ref.ms1_range_350_1200	Reference check: MS1 350-1200 m/z	350-1200	m/z	reference description + extracted TSV rows						candidate	medium	candidate	This row is a checklist item for manual review, not a final validated production extraction.
derived_validation	ref.charges_2_4	Reference check: charges 2-4	2-4		reference description + extracted TSV rows						candidate	medium	candidate	This row is a checklist item for manual review, not a final validated production extraction.
derived_validation	ref.intensity_threshold_5000	Reference check: intensity threshold 5000	5000		reference description + extracted TSV rows						candidate	medium	candidate	This row is a checklist item for manual review, not a final validated production extraction.
derived_validation	ref.dynamic_exclusion_15s	Reference check: dynamic exclusion 15 seconds	15	s	reference description + extracted TSV rows						candidate	medium	candidate	This row is a checklist item for manual review, not a final validated production extraction.
derived_validation	ref.exclusion_10ppm	Reference check: dynamic exclusion 10 ppm	10	ppm	reference description + extracted TSV rows						candidate	medium	candidate	This row is a checklist item for manual review, not a final validated production extraction.
derived_validation	ref.exclude_isotopes	Reference check: exclude isotopes	true		reference description + extracted TSV rows						candidate	medium	candidate	This row is a checklist item for manual review, not a final validated production extraction.
derived_validation	ref.ms2_isolation_1_4	Reference check: MS2 1.4 m/z isolation	1.4	m/z	reference description + extracted TSV rows						candidate	medium	candidate	This row is a checklist item for manual review, not a final validated production extraction.
derived_validation	ref.hcd_nce_27	Reference check: HCD NCE 27	27		reference description + extracted TSV rows						candidate	medium	candidate	This row is a checklist item for manual review, not a final validated production extraction.
derived_validation	ref.ms2_resolution_15000	Reference check: MS2 15k resolution	15000		reference description + extracted TSV rows						candidate	medium	candidate	This row is a checklist item for manual review, not a final validated production extraction.
derived_validation	ref.max_iit_auto	Reference check: max IIT Auto	Auto		reference description + extracted TSV rows						candidate	medium	candidate	This row is a checklist item for manual review, not a final validated production extraction.
derived_validation	ref.centroid_mode	Reference check: centroid mode	centroid		reference description + extracted TSV rows						candidate	medium	candidate	This row is a checklist item for manual review, not a final validated production extraction.
